2025-03-15 09:08:03,871 - Successfully loaded pit (osm_fsq) dataset
2025-03-15 09:08:03,871 - Train size: 2500 | Valid size: 999
2025-03-15 09:08:25,535 - No checkpoint found or resuming is disabled. Starting training from scratch.
2025-03-15 09:08:25,535 - 
*** EPOCH: 1 ***

2025-03-15 09:08:27,927 - Epoch: 1 Step: 1/79 | Loss: 0.6998785138130188 | Time:2.3915064334869385
2025-03-15 09:08:29,210 - Epoch: 1 Step: 2/79 | Loss: 0.6209188103675842 | Time:1.205416202545166
2025-03-15 09:08:30,431 - Epoch: 1 Step: 3/79 | Loss: 0.5628085732460022 | Time:1.2367019653320312
2025-03-15 09:08:31,526 - Epoch: 1 Step: 4/79 | Loss: 0.5216007828712463 | Time:1.0944185256958008
2025-03-15 09:08:32,734 - Epoch: 1 Step: 5/79 | Loss: 0.5515178442001343 | Time:1.2084143161773682
2025-03-15 09:08:33,905 - Epoch: 1 Step: 6/79 | Loss: 0.48172110319137573 | Time:1.1704800128936768
2025-03-15 09:08:35,094 - Epoch: 1 Step: 7/79 | Loss: 0.4349339008331299 | Time:1.1895866394042969
2025-03-15 09:08:36,361 - Epoch: 1 Step: 8/79 | Loss: 0.45915907621383667 | Time:1.2665777206420898
2025-03-15 09:08:37,502 - Epoch: 1 Step: 9/79 | Loss: 0.5054415464401245 | Time:1.1410999298095703
2025-03-15 09:08:38,645 - Epoch: 1 Step: 10/79 | Loss: 0.4713138937950134 | Time:1.1426174640655518
2025-03-15 09:08:39,647 - Epoch: 1 Step: 11/79 | Loss: 0.40512606501579285 | Time:1.0024404525756836
2025-03-15 09:08:40,734 - Epoch: 1 Step: 12/79 | Loss: 0.36799097061157227 | Time:1.078080654144287
2025-03-15 09:08:42,008 - Epoch: 1 Step: 13/79 | Loss: 0.3726491332054138 | Time:1.2818899154663086
2025-03-15 09:08:43,042 - Epoch: 1 Step: 14/79 | Loss: 0.3260696232318878 | Time:1.0345778465270996
2025-03-15 09:08:44,229 - Epoch: 1 Step: 15/79 | Loss: 0.3383924067020416 | Time:1.1871490478515625
2025-03-15 09:08:45,667 - Epoch: 1 Step: 16/79 | Loss: 0.358959436416626 | Time:1.4381427764892578
2025-03-15 09:08:46,823 - Epoch: 1 Step: 17/79 | Loss: 0.37028172612190247 | Time:1.140808343887329
2025-03-15 09:08:47,933 - Epoch: 1 Step: 18/79 | Loss: 0.4433220326900482 | Time:1.125150442123413
2025-03-15 09:08:49,263 - Epoch: 1 Step: 19/79 | Loss: 0.30242717266082764 | Time:1.3297078609466553
2025-03-15 09:08:50,638 - Epoch: 1 Step: 20/79 | Loss: 0.2926458716392517 | Time:1.375502586364746
2025-03-15 09:08:51,951 - Epoch: 1 Step: 21/79 | Loss: 0.2655692398548126 | Time:1.3129181861877441
2025-03-15 09:08:53,219 - Epoch: 1 Step: 22/79 | Loss: 0.2618965804576874 | Time:1.2680003643035889
2025-03-15 09:08:54,283 - Epoch: 1 Step: 23/79 | Loss: 0.2419881373643875 | Time:1.0661532878875732
2025-03-15 09:08:55,457 - Epoch: 1 Step: 24/79 | Loss: 0.3546590805053711 | Time:1.1739294528961182
2025-03-15 09:08:56,708 - Epoch: 1 Step: 25/79 | Loss: 0.2939208447933197 | Time:1.2493624687194824
2025-03-15 09:08:58,007 - Epoch: 1 Step: 26/79 | Loss: 0.4336283504962921 | Time:1.2822225093841553
2025-03-15 09:08:59,149 - Epoch: 1 Step: 27/79 | Loss: 0.248724564909935 | Time:1.158463716506958
2025-03-15 09:09:00,354 - Epoch: 1 Step: 28/79 | Loss: 0.2588074207305908 | Time:1.2051355838775635
2025-03-15 09:09:01,637 - Epoch: 1 Step: 29/79 | Loss: 0.21540643274784088 | Time:1.2828624248504639
2025-03-15 09:09:02,795 - Epoch: 1 Step: 30/79 | Loss: 0.4192635416984558 | Time:1.157331943511963
2025-03-15 09:09:04,124 - Epoch: 1 Step: 31/79 | Loss: 0.2526947855949402 | Time:1.330087423324585
2025-03-15 09:09:05,441 - Epoch: 1 Step: 32/79 | Loss: 0.3368035554885864 | Time:1.3136622905731201
2025-03-15 09:09:06,722 - Epoch: 1 Step: 33/79 | Loss: 0.23520156741142273 | Time:1.283714771270752
2025-03-15 09:09:07,880 - Epoch: 1 Step: 34/79 | Loss: 0.15941160917282104 | Time:1.1580805778503418
2025-03-15 09:09:09,100 - Epoch: 1 Step: 35/79 | Loss: 0.21959252655506134 | Time:1.2203912734985352
2025-03-15 09:09:10,335 - Epoch: 1 Step: 36/79 | Loss: 0.2246200293302536 | Time:1.2350308895111084
2025-03-15 09:09:11,698 - Epoch: 1 Step: 37/79 | Loss: 0.2743852734565735 | Time:1.3468387126922607
2025-03-15 09:09:12,839 - Epoch: 1 Step: 38/79 | Loss: 0.24196380376815796 | Time:1.1570103168487549
2025-03-15 09:09:13,950 - Epoch: 1 Step: 39/79 | Loss: 0.21861745417118073 | Time:1.1106853485107422
2025-03-15 09:09:15,046 - Epoch: 1 Step: 40/79 | Loss: 0.16125847399234772 | Time:1.0958256721496582
2025-03-15 09:09:16,235 - Epoch: 1 Step: 41/79 | Loss: 0.18597640097141266 | Time:1.1934421062469482
2025-03-15 09:09:17,518 - Epoch: 1 Step: 42/79 | Loss: 0.2030901163816452 | Time:1.278515338897705
2025-03-15 09:09:18,734 - Epoch: 1 Step: 43/79 | Loss: 0.14430363476276398 | Time:1.2033417224884033
2025-03-15 09:09:19,985 - Epoch: 1 Step: 44/79 | Loss: 0.08668181300163269 | Time:1.2733559608459473
2025-03-15 09:09:21,317 - Epoch: 1 Step: 45/79 | Loss: 0.18697473406791687 | Time:1.3224856853485107
2025-03-15 09:09:22,304 - Epoch: 1 Step: 46/79 | Loss: 0.06609544903039932 | Time:0.9855048656463623
2025-03-15 09:09:23,540 - Epoch: 1 Step: 47/79 | Loss: 0.2442648559808731 | Time:1.2371532917022705
2025-03-15 09:09:24,916 - Epoch: 1 Step: 48/79 | Loss: 0.15263435244560242 | Time:1.3753106594085693
2025-03-15 09:09:26,199 - Epoch: 1 Step: 49/79 | Loss: 0.24296458065509796 | Time:1.2838342189788818
2025-03-15 09:09:27,382 - Epoch: 1 Step: 50/79 | Loss: 0.13909505307674408 | Time:1.1720361709594727
2025-03-15 09:09:28,593 - Epoch: 1 Step: 51/79 | Loss: 0.23743385076522827 | Time:1.2218923568725586
2025-03-15 09:09:29,687 - Epoch: 1 Step: 52/79 | Loss: 0.24993500113487244 | Time:1.0941963195800781
2025-03-15 09:09:30,958 - Epoch: 1 Step: 53/79 | Loss: 0.0717197060585022 | Time:1.2682790756225586
2025-03-15 09:09:32,143 - Epoch: 1 Step: 54/79 | Loss: 0.11248067766427994 | Time:1.1882295608520508
2025-03-15 09:09:33,410 - Epoch: 1 Step: 55/79 | Loss: 0.32995104789733887 | Time:1.2663414478302002
2025-03-15 09:09:34,695 - Epoch: 1 Step: 56/79 | Loss: 0.1704695075750351 | Time:1.2822153568267822
2025-03-15 09:09:35,771 - Epoch: 1 Step: 57/79 | Loss: 0.1536019742488861 | Time:1.0791404247283936
2025-03-15 09:09:37,118 - Epoch: 1 Step: 58/79 | Loss: 0.13376745581626892 | Time:1.3602499961853027
2025-03-15 09:09:38,604 - Epoch: 1 Step: 59/79 | Loss: 0.3958325684070587 | Time:1.4729728698730469
2025-03-15 09:09:39,997 - Epoch: 1 Step: 60/79 | Loss: 0.27934378385543823 | Time:1.3766491413116455
2025-03-15 09:09:41,042 - Epoch: 1 Step: 61/79 | Loss: 0.06230711564421654 | Time:1.0610413551330566
2025-03-15 09:09:42,184 - Epoch: 1 Step: 62/79 | Loss: 0.20538648962974548 | Time:1.1502957344055176
2025-03-15 09:09:43,402 - Epoch: 1 Step: 63/79 | Loss: 0.21286381781101227 | Time:1.1946556568145752
2025-03-15 09:09:44,499 - Epoch: 1 Step: 64/79 | Loss: 0.04480142146348953 | Time:1.1113760471343994
2025-03-15 09:09:45,845 - Epoch: 1 Step: 65/79 | Loss: 0.17022785544395447 | Time:1.3453452587127686
2025-03-15 09:09:47,235 - Epoch: 1 Step: 66/79 | Loss: 0.19162636995315552 | Time:1.380828619003296
2025-03-15 09:09:48,582 - Epoch: 1 Step: 67/79 | Loss: 0.13147379457950592 | Time:1.3572559356689453
2025-03-15 09:09:49,895 - Epoch: 1 Step: 68/79 | Loss: 0.2099127471446991 | Time:1.3131003379821777
2025-03-15 09:09:50,896 - Epoch: 1 Step: 69/79 | Loss: 0.1785605251789093 | Time:1.0011093616485596
2025-03-15 09:09:52,195 - Epoch: 1 Step: 70/79 | Loss: 0.18431557714939117 | Time:1.2993483543395996
2025-03-15 09:09:53,417 - Epoch: 1 Step: 71/79 | Loss: 0.1992616504430771 | Time:1.220576524734497
2025-03-15 09:09:54,701 - Epoch: 1 Step: 72/79 | Loss: 0.0836998000741005 | Time:1.2799932956695557
2025-03-15 09:09:55,932 - Epoch: 1 Step: 73/79 | Loss: 0.07298476248979568 | Time:1.2502436637878418
2025-03-15 09:09:57,243 - Epoch: 1 Step: 74/79 | Loss: 0.2782464921474457 | Time:1.300915241241455
2025-03-15 09:09:58,342 - Epoch: 1 Step: 75/79 | Loss: 0.08186042308807373 | Time:1.0961194038391113
2025-03-15 09:10:00,020 - Epoch: 1 Step: 76/79 | Loss: 0.1370934247970581 | Time:1.6799299716949463
2025-03-15 09:10:01,338 - Epoch: 1 Step: 77/79 | Loss: 0.16641788184642792 | Time:1.319587230682373
2025-03-15 09:10:02,482 - Epoch: 1 Step: 78/79 | Loss: 0.3099370002746582 | Time:1.1529107093811035
2025-03-15 09:10:02,638 - Epoch: 1 Step: 79/79 | Loss: 0.09324688464403152 | Time:0.18952441215515137
2025-03-15 09:10:03,595 - Val_Epoch:1.0 Step: 1/32 | Loss: 0.07720371335744858 | Time:0
2025-03-15 09:10:04,784 - Val_Epoch:1.0 Step: 2/32 | Loss: 0.16761906445026398 | Time:0.9940140247344971
2025-03-15 09:10:06,209 - Val_Epoch:1.0 Step: 3/32 | Loss: 0.10970456153154373 | Time:1.152559518814087
2025-03-15 09:10:07,343 - Val_Epoch:1.0 Step: 4/32 | Loss: 0.12149998545646667 | Time:1.4250271320343018
2025-03-15 09:10:08,414 - Val_Epoch:1.0 Step: 5/32 | Loss: 0.0559421069920063 | Time:1.1343238353729248
2025-03-15 09:10:09,413 - Val_Epoch:1.0 Step: 6/32 | Loss: 0.14437201619148254 | Time:1.0711233615875244
2025-03-15 09:10:10,472 - Val_Epoch:1.0 Step: 7/32 | Loss: 0.13311079144477844 | Time:0.9977481365203857
2025-03-15 09:10:12,083 - Val_Epoch:1.0 Step: 8/32 | Loss: 0.17066378891468048 | Time:1.058847427368164
2025-03-15 09:10:13,178 - Val_Epoch:1.0 Step: 9/32 | Loss: 0.19797402620315552 | Time:1.611664056777954
2025-03-15 09:10:14,304 - Val_Epoch:1.0 Step: 10/32 | Loss: 0.10030355304479599 | Time:1.0943748950958252
2025-03-15 09:10:15,666 - Val_Epoch:1.0 Step: 11/32 | Loss: 0.23012088239192963 | Time:1.142094612121582
2025-03-15 09:10:16,805 - Val_Epoch:1.0 Step: 12/32 | Loss: 0.2109287828207016 | Time:1.3469011783599854
2025-03-15 09:10:17,900 - Val_Epoch:1.0 Step: 13/32 | Loss: 0.23917177319526672 | Time:1.1391723155975342
2025-03-15 09:10:19,068 - Val_Epoch:1.0 Step: 14/32 | Loss: 0.1468658149242401 | Time:1.0937747955322266
2025-03-15 09:10:20,209 - Val_Epoch:1.0 Step: 15/32 | Loss: 0.13060137629508972 | Time:1.167905330657959
2025-03-15 09:10:21,627 - Val_Epoch:1.0 Step: 16/32 | Loss: 0.3107544183731079 | Time:1.1423063278198242
2025-03-15 09:10:22,923 - Val_Epoch:1.0 Step: 17/32 | Loss: 0.24875394999980927 | Time:1.417018175125122
2025-03-15 09:10:24,216 - Val_Epoch:1.0 Step: 18/32 | Loss: 0.12668024003505707 | Time:1.2962584495544434
2025-03-15 09:10:25,445 - Val_Epoch:1.0 Step: 19/32 | Loss: 0.2190876007080078 | Time:1.2938127517700195
2025-03-15 09:10:26,422 - Val_Epoch:1.0 Step: 20/32 | Loss: 0.17698463797569275 | Time:1.227565050125122
2025-03-15 09:10:27,610 - Val_Epoch:1.0 Step: 21/32 | Loss: 0.20725315809249878 | Time:0.9772193431854248
2025-03-15 09:10:28,667 - Val_Epoch:1.0 Step: 22/32 | Loss: 0.31765463948249817 | Time:1.188673734664917
2025-03-15 09:10:29,615 - Val_Epoch:1.0 Step: 23/32 | Loss: 0.32263749837875366 | Time:1.0578069686889648
2025-03-15 09:10:30,797 - Val_Epoch:1.0 Step: 24/32 | Loss: 0.2992109954357147 | Time:0.9471437931060791
2025-03-15 09:10:31,997 - Val_Epoch:1.0 Step: 25/32 | Loss: 0.08178438991308212 | Time:1.181377649307251
2025-03-15 09:10:33,249 - Val_Epoch:1.0 Step: 26/32 | Loss: 0.049426063895225525 | Time:1.1996996402740479
2025-03-15 09:10:34,447 - Val_Epoch:1.0 Step: 27/32 | Loss: 0.09293906390666962 | Time:1.2527573108673096
2025-03-15 09:10:35,543 - Val_Epoch:1.0 Step: 28/32 | Loss: 0.2118515819311142 | Time:1.1976475715637207
2025-03-15 09:10:36,425 - Val_Epoch:1.0 Step: 29/32 | Loss: 0.07984140515327454 | Time:1.095592737197876
2025-03-15 09:10:37,426 - Val_Epoch:1.0 Step: 30/32 | Loss: 0.12968939542770386 | Time:0.8827474117279053
2025-03-15 09:10:38,583 - Val_Epoch:1.0 Step: 31/32 | Loss: 0.3222450911998749 | Time:1.000593900680542
2025-03-15 09:10:38,803 - Val_Epoch:1.0 Step: 32/32 | Loss: 0.051503922790288925 | Time:1.156771183013916
2025-03-15 09:10:38,805 - Validation - Accuracy: 0.934934934934935, Precision: 0.9554655870445344, Recall: 0.8137931034482758, F1-Score: 0.8789571694599627
2025-03-15 09:10:38,807 - Saved model as model_epoch_1_acc_0.9349.pt
2025-03-15 09:10:38,807 - 
*** EPOCH: 2 ***

2025-03-15 09:10:40,157 - Epoch: 2 Step: 1/79 | Loss: 0.2388501763343811 | Time:1.2838706970214844
2025-03-15 09:10:41,374 - Epoch: 2 Step: 2/79 | Loss: 0.11203305423259735 | Time:1.216160535812378
2025-03-15 09:10:42,483 - Epoch: 2 Step: 3/79 | Loss: 0.1486947387456894 | Time:1.125108242034912
2025-03-15 09:10:43,749 - Epoch: 2 Step: 4/79 | Loss: 0.12484899908304214 | Time:1.2534873485565186
2025-03-15 09:10:45,220 - Epoch: 2 Step: 5/79 | Loss: 0.15977239608764648 | Time:1.4712417125701904
2025-03-15 09:10:46,409 - Epoch: 2 Step: 6/79 | Loss: 0.07582104206085205 | Time:1.194474220275879
2025-03-15 09:10:47,581 - Epoch: 2 Step: 7/79 | Loss: 0.19359612464904785 | Time:1.1673264503479004
2025-03-15 09:10:48,879 - Epoch: 2 Step: 8/79 | Loss: 0.3075423538684845 | Time:1.2972314357757568
2025-03-15 09:10:50,240 - Epoch: 2 Step: 9/79 | Loss: 0.13052798807621002 | Time:1.3614237308502197
2025-03-15 09:10:51,344 - Epoch: 2 Step: 10/79 | Loss: 0.13023145496845245 | Time:1.0959436893463135
2025-03-15 09:10:52,699 - Epoch: 2 Step: 11/79 | Loss: 0.1601772904396057 | Time:1.3601033687591553
2025-03-15 09:10:53,933 - Epoch: 2 Step: 12/79 | Loss: 0.06198245659470558 | Time:1.236466884613037
2025-03-15 09:10:55,216 - Epoch: 2 Step: 13/79 | Loss: 0.14803296327590942 | Time:1.2898728847503662
2025-03-15 09:10:56,544 - Epoch: 2 Step: 14/79 | Loss: 0.2460654377937317 | Time:1.3060712814331055
2025-03-15 09:10:57,721 - Epoch: 2 Step: 15/79 | Loss: 0.22598114609718323 | Time:1.1952848434448242
2025-03-15 09:10:59,085 - Epoch: 2 Step: 16/79 | Loss: 0.19790597259998322 | Time:1.361604928970337
2025-03-15 09:11:00,373 - Epoch: 2 Step: 17/79 | Loss: 0.06858214735984802 | Time:1.2812144756317139
2025-03-15 09:11:01,376 - Epoch: 2 Step: 18/79 | Loss: 0.08929014205932617 | Time:0.9934043884277344
2025-03-15 09:11:02,650 - Epoch: 2 Step: 19/79 | Loss: 0.14854900538921356 | Time:1.2894871234893799
2025-03-15 09:11:04,026 - Epoch: 2 Step: 20/79 | Loss: 0.11663294583559036 | Time:1.3770208358764648
2025-03-15 09:11:05,395 - Epoch: 2 Step: 21/79 | Loss: 0.16905705630779266 | Time:1.3682053089141846
2025-03-15 09:11:06,646 - Epoch: 2 Step: 22/79 | Loss: 0.09237208962440491 | Time:1.2509617805480957
2025-03-15 09:11:07,774 - Epoch: 2 Step: 23/79 | Loss: 0.07186788320541382 | Time:1.1278605461120605
2025-03-15 09:11:09,150 - Epoch: 2 Step: 24/79 | Loss: 0.1502598226070404 | Time:1.3762054443359375
2025-03-15 09:11:10,620 - Epoch: 2 Step: 25/79 | Loss: 0.07423857599496841 | Time:1.4543211460113525
2025-03-15 09:11:11,903 - Epoch: 2 Step: 26/79 | Loss: 0.20732317864894867 | Time:1.2987940311431885
2025-03-15 09:11:13,436 - Epoch: 2 Step: 27/79 | Loss: 0.11019815504550934 | Time:1.5360968112945557
2025-03-15 09:11:14,754 - Epoch: 2 Step: 28/79 | Loss: 0.12139776349067688 | Time:1.311753273010254
2025-03-15 09:11:16,097 - Epoch: 2 Step: 29/79 | Loss: 0.11598195135593414 | Time:1.358440637588501
2025-03-15 09:11:17,333 - Epoch: 2 Step: 30/79 | Loss: 0.057212550193071365 | Time:1.2236599922180176
2025-03-15 09:11:18,663 - Epoch: 2 Step: 31/79 | Loss: 0.09458282589912415 | Time:1.3457157611846924
2025-03-15 09:11:19,836 - Epoch: 2 Step: 32/79 | Loss: 0.23126378655433655 | Time:1.157475233078003
2025-03-15 09:11:21,181 - Epoch: 2 Step: 33/79 | Loss: 0.04675707221031189 | Time:1.3542330265045166
2025-03-15 09:11:22,480 - Epoch: 2 Step: 34/79 | Loss: 0.1440756767988205 | Time:1.2903945446014404
2025-03-15 09:11:23,590 - Epoch: 2 Step: 35/79 | Loss: 0.08386003226041794 | Time:1.0934631824493408
2025-03-15 09:11:24,873 - Epoch: 2 Step: 36/79 | Loss: 0.026605146005749702 | Time:1.2987489700317383
2025-03-15 09:11:25,968 - Epoch: 2 Step: 37/79 | Loss: 0.2912852168083191 | Time:1.094301462173462
2025-03-15 09:11:27,031 - Epoch: 2 Step: 38/79 | Loss: 0.044172901660203934 | Time:1.0637602806091309
2025-03-15 09:11:28,173 - Epoch: 2 Step: 39/79 | Loss: 0.10869143903255463 | Time:1.1421916484832764
2025-03-15 09:11:29,378 - Epoch: 2 Step: 40/79 | Loss: 0.06445273756980896 | Time:1.2043876647949219
2025-03-15 09:11:30,536 - Epoch: 2 Step: 41/79 | Loss: 0.0563085675239563 | Time:1.158210039138794
2025-03-15 09:11:31,742 - Epoch: 2 Step: 42/79 | Loss: 0.22517549991607666 | Time:1.2055342197418213
2025-03-15 09:11:32,882 - Epoch: 2 Step: 43/79 | Loss: 0.18037748336791992 | Time:1.1407759189605713
2025-03-15 09:11:33,992 - Epoch: 2 Step: 44/79 | Loss: 0.2922472059726715 | Time:1.109691858291626
2025-03-15 09:11:35,397 - Epoch: 2 Step: 45/79 | Loss: 0.02425243705511093 | Time:1.4024510383605957
2025-03-15 09:11:36,620 - Epoch: 2 Step: 46/79 | Loss: 0.08418631553649902 | Time:1.2257213592529297
2025-03-15 09:11:37,965 - Epoch: 2 Step: 47/79 | Loss: 0.08990766108036041 | Time:1.3351967334747314
2025-03-15 09:11:39,076 - Epoch: 2 Step: 48/79 | Loss: 0.050946492701768875 | Time:1.1207244396209717
2025-03-15 09:11:40,563 - Epoch: 2 Step: 49/79 | Loss: 0.1028527319431305 | Time:1.4935822486877441
2025-03-15 09:11:41,923 - Epoch: 2 Step: 50/79 | Loss: 0.08389563858509064 | Time:1.3539648056030273
2025-03-15 09:11:42,971 - Epoch: 2 Step: 51/79 | Loss: 0.16608117520809174 | Time:1.0471255779266357
2025-03-15 09:11:43,926 - Epoch: 2 Step: 52/79 | Loss: 0.07725228369235992 | Time:0.9557151794433594
2025-03-15 09:11:44,849 - Epoch: 2 Step: 53/79 | Loss: 0.03665846958756447 | Time:0.9232337474822998
2025-03-15 09:11:46,257 - Epoch: 2 Step: 54/79 | Loss: 0.04979652166366577 | Time:1.4076836109161377
2025-03-15 09:11:47,586 - Epoch: 2 Step: 55/79 | Loss: 0.08135945349931717 | Time:1.3292152881622314
2025-03-15 09:11:48,572 - Epoch: 2 Step: 56/79 | Loss: 0.17708702385425568 | Time:0.985450029373169
2025-03-15 09:11:49,754 - Epoch: 2 Step: 57/79 | Loss: 0.09769364446401596 | Time:1.172255039215088
2025-03-15 09:11:50,980 - Epoch: 2 Step: 58/79 | Loss: 0.05330117046833038 | Time:1.2352135181427002
2025-03-15 09:11:52,402 - Epoch: 2 Step: 59/79 | Loss: 0.08129334449768066 | Time:1.4226799011230469
2025-03-15 09:11:53,574 - Epoch: 2 Step: 60/79 | Loss: 0.0416671559214592 | Time:1.1725003719329834
2025-03-15 09:11:54,670 - Epoch: 2 Step: 61/79 | Loss: 0.08129258453845978 | Time:1.0958681106567383
2025-03-15 09:11:55,796 - Epoch: 2 Step: 62/79 | Loss: 0.036292001605033875 | Time:1.1251592636108398
2025-03-15 09:11:56,953 - Epoch: 2 Step: 63/79 | Loss: 0.06669624149799347 | Time:1.1570956707000732
2025-03-15 09:11:57,969 - Epoch: 2 Step: 64/79 | Loss: 0.10243326425552368 | Time:1.0155143737792969
2025-03-15 09:11:59,126 - Epoch: 2 Step: 65/79 | Loss: 0.03381505608558655 | Time:1.1578669548034668
2025-03-15 09:12:00,424 - Epoch: 2 Step: 66/79 | Loss: 0.11675536632537842 | Time:1.2971417903900146
2025-03-15 09:12:01,674 - Epoch: 2 Step: 67/79 | Loss: 0.1962936520576477 | Time:1.2504537105560303
2025-03-15 09:12:02,940 - Epoch: 2 Step: 68/79 | Loss: 0.00783673394471407 | Time:1.2665960788726807
2025-03-15 09:12:04,222 - Epoch: 2 Step: 69/79 | Loss: 0.05515926703810692 | Time:1.281857967376709
2025-03-15 09:12:05,395 - Epoch: 2 Step: 70/79 | Loss: 0.12278459221124649 | Time:1.1731469631195068
2025-03-15 09:12:06,725 - Epoch: 2 Step: 71/79 | Loss: 0.04103705659508705 | Time:1.3298745155334473
2025-03-15 09:12:07,961 - Epoch: 2 Step: 72/79 | Loss: 0.01815442368388176 | Time:1.2358176708221436
2025-03-15 09:12:09,024 - Epoch: 2 Step: 73/79 | Loss: 0.07694359123706818 | Time:1.0633628368377686
2025-03-15 09:12:10,119 - Epoch: 2 Step: 74/79 | Loss: 0.11699618399143219 | Time:1.0947608947753906
2025-03-15 09:12:11,214 - Epoch: 2 Step: 75/79 | Loss: 0.058470454066991806 | Time:1.0947511196136475
2025-03-15 09:12:12,418 - Epoch: 2 Step: 76/79 | Loss: 0.038462188094854355 | Time:1.1884279251098633
2025-03-15 09:12:13,606 - Epoch: 2 Step: 77/79 | Loss: 0.11797645688056946 | Time:1.2037591934204102
2025-03-15 09:12:14,903 - Epoch: 2 Step: 78/79 | Loss: 0.08326868712902069 | Time:1.2975528240203857
2025-03-15 09:12:15,075 - Epoch: 2 Step: 79/79 | Loss: 0.04852796345949173 | Time:0.2187519073486328
2025-03-15 09:12:15,951 - Val_Epoch:2.0 Step: 1/32 | Loss: 0.10137496888637543 | Time:0
2025-03-15 09:12:16,984 - Val_Epoch:2.0 Step: 2/32 | Loss: 0.177080437541008 | Time:0.8910729885101318
2025-03-15 09:12:18,327 - Val_Epoch:2.0 Step: 3/32 | Loss: 0.3563128411769867 | Time:1.017179250717163
2025-03-15 09:12:19,375 - Val_Epoch:2.0 Step: 4/32 | Loss: 0.1706586480140686 | Time:1.3436172008514404
2025-03-15 09:12:20,376 - Val_Epoch:2.0 Step: 5/32 | Loss: 0.14462696015834808 | Time:1.0481975078582764
2025-03-15 09:12:21,330 - Val_Epoch:2.0 Step: 6/32 | Loss: 0.07840407639741898 | Time:1.0010063648223877
2025-03-15 09:12:22,347 - Val_Epoch:2.0 Step: 7/32 | Loss: 0.03887204825878143 | Time:0.9540646076202393
2025-03-15 09:12:23,817 - Val_Epoch:2.0 Step: 8/32 | Loss: 0.06113386154174805 | Time:1.0161240100860596
2025-03-15 09:12:24,896 - Val_Epoch:2.0 Step: 9/32 | Loss: 0.1184605285525322 | Time:1.4708256721496582
2025-03-15 09:12:25,934 - Val_Epoch:2.0 Step: 10/32 | Loss: 0.09988677501678467 | Time:1.0783939361572266
2025-03-15 09:12:27,201 - Val_Epoch:2.0 Step: 11/32 | Loss: 0.22219085693359375 | Time:1.0384316444396973
2025-03-15 09:12:28,296 - Val_Epoch:2.0 Step: 12/32 | Loss: 0.18517234921455383 | Time:1.2668530941009521
2025-03-15 09:12:29,266 - Val_Epoch:2.0 Step: 13/32 | Loss: 0.1842917948961258 | Time:1.0950367450714111
2025-03-15 09:12:30,314 - Val_Epoch:2.0 Step: 14/32 | Loss: 0.17705774307250977 | Time:0.9696671962738037
2025-03-15 09:12:31,299 - Val_Epoch:2.0 Step: 15/32 | Loss: 0.09851423650979996 | Time:1.047938346862793
2025-03-15 09:12:32,520 - Val_Epoch:2.0 Step: 16/32 | Loss: 0.1376086175441742 | Time:0.985349178314209
2025-03-15 09:12:33,677 - Val_Epoch:2.0 Step: 17/32 | Loss: 0.08676424622535706 | Time:1.2205815315246582
2025-03-15 09:12:34,835 - Val_Epoch:2.0 Step: 18/32 | Loss: 0.056860946118831635 | Time:1.1576519012451172
2025-03-15 09:12:35,961 - Val_Epoch:2.0 Step: 19/32 | Loss: 0.14811764657497406 | Time:1.1575050354003906
2025-03-15 09:12:36,852 - Val_Epoch:2.0 Step: 20/32 | Loss: 0.11712095141410828 | Time:1.1261570453643799
2025-03-15 09:12:37,947 - Val_Epoch:2.0 Step: 21/32 | Loss: 0.02920961007475853 | Time:0.8910503387451172
2025-03-15 09:12:38,948 - Val_Epoch:2.0 Step: 22/32 | Loss: 0.09739489108324051 | Time:1.0952973365783691
2025-03-15 09:12:39,856 - Val_Epoch:2.0 Step: 23/32 | Loss: 0.05592768266797066 | Time:1.0003385543823242
2025-03-15 09:12:40,951 - Val_Epoch:2.0 Step: 24/32 | Loss: 0.26335668563842773 | Time:0.9086101055145264
2025-03-15 09:12:42,014 - Val_Epoch:2.0 Step: 25/32 | Loss: 0.04776895046234131 | Time:1.0947673320770264
2025-03-15 09:12:43,219 - Val_Epoch:2.0 Step: 26/32 | Loss: 0.015155798755586147 | Time:1.0632014274597168
2025-03-15 09:12:44,408 - Val_Epoch:2.0 Step: 27/32 | Loss: 0.0374675877392292 | Time:1.2043912410736084
2025-03-15 09:12:45,457 - Val_Epoch:2.0 Step: 28/32 | Loss: 0.2609301209449768 | Time:1.189150333404541
2025-03-15 09:12:46,301 - Val_Epoch:2.0 Step: 29/32 | Loss: 0.17628706991672516 | Time:1.0490334033966064
2025-03-15 09:12:47,241 - Val_Epoch:2.0 Step: 30/32 | Loss: 0.0968971997499466 | Time:0.8443739414215088
2025-03-15 09:12:48,351 - Val_Epoch:2.0 Step: 31/32 | Loss: 0.2547301948070526 | Time:0.9394595623016357
2025-03-15 09:12:48,553 - Val_Epoch:2.0 Step: 32/32 | Loss: 0.24256227910518646 | Time:1.1105146408081055
2025-03-15 09:12:48,553 - Validation - Accuracy: 0.9419419419419419, Precision: 0.8670886075949367, Recall: 0.9448275862068966, F1-Score: 0.9042904290429041
2025-03-15 09:12:48,553 - Saved model as model_epoch_2_acc_0.9419.pt
2025-03-15 09:12:48,553 - 
*** EPOCH: 3 ***

2025-03-15 09:12:49,774 - Epoch: 3 Step: 1/79 | Loss: 0.05186770483851433 | Time:1.12687349319458
2025-03-15 09:12:51,057 - Epoch: 3 Step: 2/79 | Loss: 0.03740762919187546 | Time:1.314591884613037
2025-03-15 09:12:52,183 - Epoch: 3 Step: 3/79 | Loss: 0.12196052819490433 | Time:1.1259233951568604
2025-03-15 09:12:53,372 - Epoch: 3 Step: 4/79 | Loss: 0.0337999165058136 | Time:1.1894762516021729
2025-03-15 09:12:54,731 - Epoch: 3 Step: 5/79 | Loss: 0.0493413545191288 | Time:1.3590495586395264
2025-03-15 09:12:55,810 - Epoch: 3 Step: 6/79 | Loss: 0.054684415459632874 | Time:1.0790808200836182
2025-03-15 09:12:57,015 - Epoch: 3 Step: 7/79 | Loss: 0.007412577047944069 | Time:1.2045443058013916
2025-03-15 09:12:58,439 - Epoch: 3 Step: 8/79 | Loss: 0.07479079067707062 | Time:1.424036979675293
2025-03-15 09:12:59,722 - Epoch: 3 Step: 9/79 | Loss: 0.08661015331745148 | Time:1.2829930782318115
2025-03-15 09:13:01,005 - Epoch: 3 Step: 10/79 | Loss: 0.019505111500620842 | Time:1.2830231189727783
2025-03-15 09:13:02,178 - Epoch: 3 Step: 11/79 | Loss: 0.1102394238114357 | Time:1.1731903553009033
2025-03-15 09:13:03,509 - Epoch: 3 Step: 12/79 | Loss: 0.008345203474164009 | Time:1.3155291080474854
2025-03-15 09:13:04,712 - Epoch: 3 Step: 13/79 | Loss: 0.06478606909513474 | Time:1.2040295600891113
2025-03-15 09:13:05,871 - Epoch: 3 Step: 14/79 | Loss: 0.0817209854722023 | Time:1.1733171939849854
2025-03-15 09:13:07,288 - Epoch: 3 Step: 15/79 | Loss: 0.05965167284011841 | Time:1.4075372219085693
2025-03-15 09:13:08,452 - Epoch: 3 Step: 16/79 | Loss: 0.014737010933458805 | Time:1.1575603485107422
2025-03-15 09:13:09,516 - Epoch: 3 Step: 17/79 | Loss: 0.022968202829360962 | Time:1.079911231994629
2025-03-15 09:13:10,721 - Epoch: 3 Step: 18/79 | Loss: 0.013938031159341335 | Time:1.1894454956054688
2025-03-15 09:13:11,784 - Epoch: 3 Step: 19/79 | Loss: 0.05519191175699234 | Time:1.078244686126709
2025-03-15 09:13:12,957 - Epoch: 3 Step: 20/79 | Loss: 0.11379089951515198 | Time:1.1721374988555908
2025-03-15 09:13:14,082 - Epoch: 3 Step: 21/79 | Loss: 0.08103684335947037 | Time:1.1259565353393555
2025-03-15 09:13:15,364 - Epoch: 3 Step: 22/79 | Loss: 0.1614748239517212 | Time:1.2824375629425049
2025-03-15 09:13:16,630 - Epoch: 3 Step: 23/79 | Loss: 0.06003580242395401 | Time:1.2660596370697021
2025-03-15 09:13:17,991 - Epoch: 3 Step: 24/79 | Loss: 0.01042188797146082 | Time:1.3599178791046143
2025-03-15 09:13:19,116 - Epoch: 3 Step: 25/79 | Loss: 0.044425640255212784 | Time:1.125870704650879
2025-03-15 09:13:20,288 - Epoch: 3 Step: 26/79 | Loss: 0.020210517570376396 | Time:1.1721916198730469
2025-03-15 09:13:21,710 - Epoch: 3 Step: 27/79 | Loss: 0.05148538574576378 | Time:1.421703815460205
2025-03-15 09:13:22,898 - Epoch: 3 Step: 28/79 | Loss: 0.03656192123889923 | Time:1.1883838176727295
2025-03-15 09:13:24,165 - Epoch: 3 Step: 29/79 | Loss: 0.05153217166662216 | Time:1.2664799690246582
2025-03-15 09:13:25,306 - Epoch: 3 Step: 30/79 | Loss: 0.07973115146160126 | Time:1.1415023803710938
2025-03-15 09:13:26,354 - Epoch: 3 Step: 31/79 | Loss: 0.018847733736038208 | Time:1.0475690364837646
2025-03-15 09:13:27,793 - Epoch: 3 Step: 32/79 | Loss: 0.04103865846991539 | Time:1.438685655593872
2025-03-15 09:13:28,966 - Epoch: 3 Step: 33/79 | Loss: 0.16253642737865448 | Time:1.1574010848999023
2025-03-15 09:13:30,158 - Epoch: 3 Step: 34/79 | Loss: 0.017209719866514206 | Time:1.204667568206787
2025-03-15 09:13:31,358 - Epoch: 3 Step: 35/79 | Loss: 0.08585627377033234 | Time:1.2034928798675537
2025-03-15 09:13:32,828 - Epoch: 3 Step: 36/79 | Loss: 0.02092917636036873 | Time:1.4695169925689697
2025-03-15 09:13:33,954 - Epoch: 3 Step: 37/79 | Loss: 0.07776796072721481 | Time:1.1254370212554932
2025-03-15 09:13:35,172 - Epoch: 3 Step: 38/79 | Loss: 0.01843832992017269 | Time:1.2190868854522705
2025-03-15 09:13:36,519 - Epoch: 3 Step: 39/79 | Loss: 0.04355255886912346 | Time:1.34708571434021
2025-03-15 09:13:37,755 - Epoch: 3 Step: 40/79 | Loss: 0.032736267894506454 | Time:1.2203466892242432
2025-03-15 09:13:38,912 - Epoch: 3 Step: 41/79 | Loss: 0.027137666940689087 | Time:1.1725263595581055
2025-03-15 09:13:39,976 - Epoch: 3 Step: 42/79 | Loss: 0.06944794207811356 | Time:1.0635931491851807
2025-03-15 09:13:41,073 - Epoch: 3 Step: 43/79 | Loss: 0.021011957898736 | Time:1.0966968536376953
2025-03-15 09:13:42,432 - Epoch: 3 Step: 44/79 | Loss: 0.05683808773756027 | Time:1.359710693359375
2025-03-15 09:13:43,637 - Epoch: 3 Step: 45/79 | Loss: 0.01070981752127409 | Time:1.204683542251587
2025-03-15 09:13:45,045 - Epoch: 3 Step: 46/79 | Loss: 0.11469463258981705 | Time:1.4085454940795898
2025-03-15 09:13:46,203 - Epoch: 3 Step: 47/79 | Loss: 0.004661502782255411 | Time:1.1577143669128418
2025-03-15 09:13:47,470 - Epoch: 3 Step: 48/79 | Loss: 0.018596813082695007 | Time:1.2667458057403564
2025-03-15 09:13:48,581 - Epoch: 3 Step: 49/79 | Loss: 0.0874764695763588 | Time:1.11077880859375
2025-03-15 09:13:49,975 - Epoch: 3 Step: 50/79 | Loss: 0.0571763813495636 | Time:1.4004201889038086
2025-03-15 09:13:51,116 - Epoch: 3 Step: 51/79 | Loss: 0.018340973183512688 | Time:1.1346931457519531
2025-03-15 09:13:52,289 - Epoch: 3 Step: 52/79 | Loss: 0.027758998796343803 | Time:1.1732382774353027
2025-03-15 09:13:53,417 - Epoch: 3 Step: 53/79 | Loss: 0.09676378220319748 | Time:1.1120491027832031
2025-03-15 09:13:54,473 - Epoch: 3 Step: 54/79 | Loss: 0.05844520404934883 | Time:1.0626158714294434
2025-03-15 09:13:55,777 - Epoch: 3 Step: 55/79 | Loss: 0.006662143860012293 | Time:1.2977709770202637
2025-03-15 09:13:57,091 - Epoch: 3 Step: 56/79 | Loss: 0.04695552960038185 | Time:1.3379359245300293
2025-03-15 09:13:58,375 - Epoch: 3 Step: 57/79 | Loss: 0.08249001950025558 | Time:1.2600700855255127
2025-03-15 09:13:59,532 - Epoch: 3 Step: 58/79 | Loss: 0.02930707298219204 | Time:1.1730012893676758
2025-03-15 09:14:00,658 - Epoch: 3 Step: 59/79 | Loss: 0.03569776564836502 | Time:1.1307449340820312
2025-03-15 09:14:02,035 - Epoch: 3 Step: 60/79 | Loss: 0.02131379209458828 | Time:1.371626615524292
2025-03-15 09:14:03,187 - Epoch: 3 Step: 61/79 | Loss: 0.09719977527856827 | Time:1.1420204639434814
2025-03-15 09:14:04,553 - Epoch: 3 Step: 62/79 | Loss: 0.09053359925746918 | Time:1.3761780261993408
2025-03-15 09:14:05,649 - Epoch: 3 Step: 63/79 | Loss: 0.009038249030709267 | Time:1.095672607421875
2025-03-15 09:14:06,853 - Epoch: 3 Step: 64/79 | Loss: 0.013327951543033123 | Time:1.2044248580932617
2025-03-15 09:14:08,105 - Epoch: 3 Step: 65/79 | Loss: 0.031763166189193726 | Time:1.2515783309936523
2025-03-15 09:14:09,403 - Epoch: 3 Step: 66/79 | Loss: 0.01155504584312439 | Time:1.2979087829589844
2025-03-15 09:14:10,622 - Epoch: 3 Step: 67/79 | Loss: 0.06297382712364197 | Time:1.2199294567108154
2025-03-15 09:14:12,093 - Epoch: 3 Step: 68/79 | Loss: 0.030978286638855934 | Time:1.4552257061004639
2025-03-15 09:14:13,205 - Epoch: 3 Step: 69/79 | Loss: 0.07937531173229218 | Time:1.126983642578125
2025-03-15 09:14:14,284 - Epoch: 3 Step: 70/79 | Loss: 0.02969665452837944 | Time:1.0632753372192383
2025-03-15 09:14:15,415 - Epoch: 3 Step: 71/79 | Loss: 0.1440427005290985 | Time:1.1420400142669678
2025-03-15 09:14:16,677 - Epoch: 3 Step: 72/79 | Loss: 0.03436160460114479 | Time:1.2517468929290771
2025-03-15 09:14:17,756 - Epoch: 3 Step: 73/79 | Loss: 0.05911150574684143 | Time:1.0947096347808838
2025-03-15 09:14:19,134 - Epoch: 3 Step: 74/79 | Loss: 0.06906198710203171 | Time:1.3773865699768066
2025-03-15 09:14:20,244 - Epoch: 3 Step: 75/79 | Loss: 0.0060503194108605385 | Time:1.1098511219024658
2025-03-15 09:14:21,605 - Epoch: 3 Step: 76/79 | Loss: 0.027359437197446823 | Time:1.3609278202056885
2025-03-15 09:14:22,716 - Epoch: 3 Step: 77/79 | Loss: 0.08772251754999161 | Time:1.1113407611846924
2025-03-15 09:14:23,936 - Epoch: 3 Step: 78/79 | Loss: 0.08847659826278687 | Time:1.204270362854004
2025-03-15 09:14:24,139 - Epoch: 3 Step: 79/79 | Loss: 0.00310430652461946 | Time:0.265331506729126
2025-03-15 09:14:25,014 - Val_Epoch:3.0 Step: 1/32 | Loss: 0.036582548171281815 | Time:0
2025-03-15 09:14:26,047 - Val_Epoch:3.0 Step: 2/32 | Loss: 0.1448586881160736 | Time:0.8755130767822266
2025-03-15 09:14:27,424 - Val_Epoch:3.0 Step: 3/32 | Loss: 0.49724772572517395 | Time:1.0331971645355225
2025-03-15 09:14:28,472 - Val_Epoch:3.0 Step: 4/32 | Loss: 0.1611652374267578 | Time:1.3769395351409912
2025-03-15 09:14:29,474 - Val_Epoch:3.0 Step: 5/32 | Loss: 0.018130231648683548 | Time:1.047755479812622
2025-03-15 09:14:30,444 - Val_Epoch:3.0 Step: 6/32 | Loss: 0.2502897381782532 | Time:1.0015876293182373
2025-03-15 09:14:31,492 - Val_Epoch:3.0 Step: 7/32 | Loss: 0.09442757815122604 | Time:0.9703617095947266
2025-03-15 09:14:32,962 - Val_Epoch:3.0 Step: 8/32 | Loss: 0.03160270303487778 | Time:1.0480427742004395
2025-03-15 09:14:34,041 - Val_Epoch:3.0 Step: 9/32 | Loss: 0.04655275493860245 | Time:1.4696788787841797
2025-03-15 09:14:35,089 - Val_Epoch:3.0 Step: 10/32 | Loss: 0.03650929406285286 | Time:1.0791840553283691
2025-03-15 09:14:36,371 - Val_Epoch:3.0 Step: 11/32 | Loss: 0.19816811382770538 | Time:1.0476815700531006
2025-03-15 09:14:37,466 - Val_Epoch:3.0 Step: 12/32 | Loss: 0.1518273651599884 | Time:1.2825231552124023
2025-03-15 09:14:38,447 - Val_Epoch:3.0 Step: 13/32 | Loss: 0.23309417068958282 | Time:1.095102310180664
2025-03-15 09:14:39,499 - Val_Epoch:3.0 Step: 14/32 | Loss: 0.09391231089830399 | Time:0.9808464050292969
2025-03-15 09:14:40,486 - Val_Epoch:3.0 Step: 15/32 | Loss: 0.0911085233092308 | Time:1.052051067352295
2025-03-15 09:14:41,689 - Val_Epoch:3.0 Step: 16/32 | Loss: 0.22453130781650543 | Time:1.0024049282073975
2025-03-15 09:14:42,831 - Val_Epoch:3.0 Step: 17/32 | Loss: 0.08987589180469513 | Time:1.1878430843353271
2025-03-15 09:14:43,989 - Val_Epoch:3.0 Step: 18/32 | Loss: 0.08140863478183746 | Time:1.141695261001587
2025-03-15 09:14:45,116 - Val_Epoch:3.0 Step: 19/32 | Loss: 0.17472125589847565 | Time:1.1580274105072021
2025-03-15 09:14:46,008 - Val_Epoch:3.0 Step: 20/32 | Loss: 0.17173463106155396 | Time:1.1271445751190186
2025-03-15 09:14:47,093 - Val_Epoch:3.0 Step: 21/32 | Loss: 0.030784692615270615 | Time:0.8913440704345703
2025-03-15 09:14:48,073 - Val_Epoch:3.0 Step: 22/32 | Loss: 0.25829017162323 | Time:1.0850448608398438
2025-03-15 09:14:48,980 - Val_Epoch:3.0 Step: 23/32 | Loss: 0.21779018640518188 | Time:0.980546236038208
2025-03-15 09:14:50,092 - Val_Epoch:3.0 Step: 24/32 | Loss: 0.4700705409049988 | Time:0.907219648361206
2025-03-15 09:14:51,140 - Val_Epoch:3.0 Step: 25/32 | Loss: 0.06382610648870468 | Time:1.1115050315856934
2025-03-15 09:14:52,343 - Val_Epoch:3.0 Step: 26/32 | Loss: 0.013562659732997417 | Time:1.048081398010254
2025-03-15 09:14:53,533 - Val_Epoch:3.0 Step: 27/32 | Loss: 0.0380123034119606 | Time:1.203369140625
2025-03-15 09:14:54,564 - Val_Epoch:3.0 Step: 28/32 | Loss: 0.20671480894088745 | Time:1.1892457008361816
2025-03-15 09:14:55,425 - Val_Epoch:3.0 Step: 29/32 | Loss: 0.15231473743915558 | Time:1.0318470001220703
2025-03-15 09:14:56,364 - Val_Epoch:3.0 Step: 30/32 | Loss: 0.04123908281326294 | Time:0.8604185581207275
2025-03-15 09:14:57,491 - Val_Epoch:3.0 Step: 31/32 | Loss: 0.29298752546310425 | Time:0.9387965202331543
2025-03-15 09:14:57,687 - Val_Epoch:3.0 Step: 32/32 | Loss: 0.09022228419780731 | Time:1.1270654201507568
2025-03-15 09:14:57,687 - Validation - Accuracy: 0.948948948948949, Precision: 0.9613899613899614, Recall: 0.8586206896551725, F1-Score: 0.9071038251366121
2025-03-15 09:14:57,687 - Saved model as model_epoch_3_acc_0.9489.pt
2025-03-15 09:14:57,694 - 
*** EPOCH: 4 ***

2025-03-15 09:14:58,742 - Epoch: 4 Step: 1/79 | Loss: 0.021735839545726776 | Time:0.954456090927124
2025-03-15 09:14:59,822 - Epoch: 4 Step: 2/79 | Loss: 0.005842797923833132 | Time:1.1106033325195312
2025-03-15 09:15:01,107 - Epoch: 4 Step: 3/79 | Loss: 0.012601830065250397 | Time:1.283104419708252
2025-03-15 09:15:02,325 - Epoch: 4 Step: 4/79 | Loss: 0.009311705827713013 | Time:1.2199041843414307
2025-03-15 09:15:03,390 - Epoch: 4 Step: 5/79 | Loss: 0.019626224413514137 | Time:1.0647804737091064
2025-03-15 09:15:04,563 - Epoch: 4 Step: 6/79 | Loss: 0.027799518778920174 | Time:1.173445463180542
2025-03-15 09:15:05,752 - Epoch: 4 Step: 7/79 | Loss: 0.00741004990413785 | Time:1.1910161972045898
2025-03-15 09:15:07,076 - Epoch: 4 Step: 8/79 | Loss: 0.012912262231111526 | Time:1.3136229515075684
2025-03-15 09:15:08,524 - Epoch: 4 Step: 9/79 | Loss: 0.01649913378059864 | Time:1.4557123184204102
2025-03-15 09:15:09,571 - Epoch: 4 Step: 10/79 | Loss: 0.00594940222799778 | Time:1.0481796264648438
2025-03-15 09:15:10,790 - Epoch: 4 Step: 11/79 | Loss: 0.0011795583413913846 | Time:1.218982458114624
2025-03-15 09:15:12,010 - Epoch: 4 Step: 12/79 | Loss: 0.07333649694919586 | Time:1.2191863059997559
2025-03-15 09:15:13,151 - Epoch: 4 Step: 13/79 | Loss: 0.005917391274124384 | Time:1.1411292552947998
2025-03-15 09:15:14,338 - Epoch: 4 Step: 14/79 | Loss: 0.00661047687754035 | Time:1.1872479915618896
2025-03-15 09:15:15,663 - Epoch: 4 Step: 15/79 | Loss: 0.006914019118994474 | Time:1.324911117553711
2025-03-15 09:15:16,882 - Epoch: 4 Step: 16/79 | Loss: 0.01857980713248253 | Time:1.2039122581481934
2025-03-15 09:15:17,993 - Epoch: 4 Step: 17/79 | Loss: 0.00690965261310339 | Time:1.109886646270752
2025-03-15 09:15:19,041 - Epoch: 4 Step: 18/79 | Loss: 0.002315511228516698 | Time:1.06398606300354
2025-03-15 09:15:20,543 - Epoch: 4 Step: 19/79 | Loss: 0.021850060671567917 | Time:1.5025641918182373
2025-03-15 09:15:21,872 - Epoch: 4 Step: 20/79 | Loss: 0.03842947632074356 | Time:1.3315246105194092
2025-03-15 09:15:23,165 - Epoch: 4 Step: 21/79 | Loss: 0.014233171939849854 | Time:1.2801272869110107
2025-03-15 09:15:24,297 - Epoch: 4 Step: 22/79 | Loss: 0.007627042010426521 | Time:1.141690969467163
2025-03-15 09:15:25,750 - Epoch: 4 Step: 23/79 | Loss: 0.13004493713378906 | Time:1.4536867141723633
2025-03-15 09:15:27,098 - Epoch: 4 Step: 24/79 | Loss: 0.01717088744044304 | Time:1.346043586730957
2025-03-15 09:15:28,191 - Epoch: 4 Step: 25/79 | Loss: 0.005543891340494156 | Time:1.0948576927185059
2025-03-15 09:15:29,224 - Epoch: 4 Step: 26/79 | Loss: 0.004772217944264412 | Time:1.0358984470367432
2025-03-15 09:15:30,429 - Epoch: 4 Step: 27/79 | Loss: 0.05259156972169876 | Time:1.2014944553375244
2025-03-15 09:15:31,711 - Epoch: 4 Step: 28/79 | Loss: 0.01772468350827694 | Time:1.2975656986236572
2025-03-15 09:15:32,775 - Epoch: 4 Step: 29/79 | Loss: 0.006609619595110416 | Time:1.04864501953125
2025-03-15 09:15:33,885 - Epoch: 4 Step: 30/79 | Loss: 0.013932767324149609 | Time:1.1095802783966064
2025-03-15 09:15:35,214 - Epoch: 4 Step: 31/79 | Loss: 0.044010743498802185 | Time:1.329556941986084
2025-03-15 09:15:36,449 - Epoch: 4 Step: 32/79 | Loss: 0.03327551484107971 | Time:1.2509121894836426
2025-03-15 09:15:37,617 - Epoch: 4 Step: 33/79 | Loss: 0.1652255356311798 | Time:1.1416471004486084
2025-03-15 09:15:38,812 - Epoch: 4 Step: 34/79 | Loss: 0.0025750466156750917 | Time:1.1900017261505127
2025-03-15 09:15:40,151 - Epoch: 4 Step: 35/79 | Loss: 0.015507057309150696 | Time:1.3461155891418457
2025-03-15 09:15:41,698 - Epoch: 4 Step: 36/79 | Loss: 0.0320596769452095 | Time:1.5486290454864502
2025-03-15 09:15:42,926 - Epoch: 4 Step: 37/79 | Loss: 0.018001049757003784 | Time:1.2351572513580322
2025-03-15 09:15:44,121 - Epoch: 4 Step: 38/79 | Loss: 0.12404373288154602 | Time:1.1900146007537842
2025-03-15 09:15:45,383 - Epoch: 4 Step: 39/79 | Loss: 0.004507678095251322 | Time:1.2687177658081055
2025-03-15 09:15:46,651 - Epoch: 4 Step: 40/79 | Loss: 0.040370356291532516 | Time:1.2730298042297363
2025-03-15 09:15:47,831 - Epoch: 4 Step: 41/79 | Loss: 0.10132798552513123 | Time:1.1649754047393799
2025-03-15 09:15:49,120 - Epoch: 4 Step: 42/79 | Loss: 0.011154702864587307 | Time:1.3126821517944336
2025-03-15 09:15:50,309 - Epoch: 4 Step: 43/79 | Loss: 0.00413323100656271 | Time:1.1731386184692383
2025-03-15 09:15:51,561 - Epoch: 4 Step: 44/79 | Loss: 0.12490789592266083 | Time:1.2522449493408203
2025-03-15 09:15:52,827 - Epoch: 4 Step: 45/79 | Loss: 0.017030388116836548 | Time:1.2660162448883057
2025-03-15 09:15:54,079 - Epoch: 4 Step: 46/79 | Loss: 0.035975586622953415 | Time:1.2520856857299805
2025-03-15 09:15:55,409 - Epoch: 4 Step: 47/79 | Loss: 0.1199985221028328 | Time:1.329636812210083
2025-03-15 09:15:56,598 - Epoch: 4 Step: 48/79 | Loss: 0.18487900495529175 | Time:1.1889901161193848
2025-03-15 09:15:57,803 - Epoch: 4 Step: 49/79 | Loss: 0.005176032427698374 | Time:1.2049369812011719
2025-03-15 09:15:59,117 - Epoch: 4 Step: 50/79 | Loss: 0.013570742681622505 | Time:1.3137705326080322
2025-03-15 09:16:00,322 - Epoch: 4 Step: 51/79 | Loss: 0.015249578282237053 | Time:1.2052512168884277
2025-03-15 09:16:01,370 - Epoch: 4 Step: 52/79 | Loss: 0.018074018880724907 | Time:1.047750473022461
2025-03-15 09:16:02,856 - Epoch: 4 Step: 53/79 | Loss: 0.07091904431581497 | Time:1.4864232540130615
2025-03-15 09:16:04,171 - Epoch: 4 Step: 54/79 | Loss: 0.023508472368121147 | Time:1.3143362998962402
2025-03-15 09:16:05,204 - Epoch: 4 Step: 55/79 | Loss: 0.039719633758068085 | Time:1.032951831817627
2025-03-15 09:16:06,377 - Epoch: 4 Step: 56/79 | Loss: 0.0390094518661499 | Time:1.173649787902832
2025-03-15 09:16:07,535 - Epoch: 4 Step: 57/79 | Loss: 0.01676240563392639 | Time:1.1573691368103027
2025-03-15 09:16:08,911 - Epoch: 4 Step: 58/79 | Loss: 0.006376655772328377 | Time:1.376549482345581
2025-03-15 09:16:10,336 - Epoch: 4 Step: 59/79 | Loss: 0.06898216903209686 | Time:1.4308159351348877
2025-03-15 09:16:11,801 - Epoch: 4 Step: 60/79 | Loss: 0.018377866595983505 | Time:1.4495387077331543
2025-03-15 09:16:12,995 - Epoch: 4 Step: 61/79 | Loss: 0.027852632105350494 | Time:1.2038326263427734
2025-03-15 09:16:14,514 - Epoch: 4 Step: 62/79 | Loss: 0.0745188370347023 | Time:1.5186429023742676
2025-03-15 09:16:16,000 - Epoch: 4 Step: 63/79 | Loss: 0.07484439015388489 | Time:1.4854393005371094
2025-03-15 09:16:17,126 - Epoch: 4 Step: 64/79 | Loss: 0.002022497123107314 | Time:1.1361238956451416
2025-03-15 09:16:18,407 - Epoch: 4 Step: 65/79 | Loss: 0.004848632495850325 | Time:1.2719314098358154
2025-03-15 09:16:19,722 - Epoch: 4 Step: 66/79 | Loss: 0.025636835023760796 | Time:1.3146963119506836
2025-03-15 09:16:21,031 - Epoch: 4 Step: 67/79 | Loss: 0.014811881817877293 | Time:1.2993910312652588
2025-03-15 09:16:22,147 - Epoch: 4 Step: 68/79 | Loss: 0.005279689561575651 | Time:1.1102843284606934
2025-03-15 09:16:23,180 - Epoch: 4 Step: 69/79 | Loss: 0.017860233783721924 | Time:1.0482261180877686
2025-03-15 09:16:24,601 - Epoch: 4 Step: 70/79 | Loss: 0.06459405273199081 | Time:1.4073514938354492
2025-03-15 09:16:25,917 - Epoch: 4 Step: 71/79 | Loss: 0.001773274503648281 | Time:1.3301351070404053
2025-03-15 09:16:27,100 - Epoch: 4 Step: 72/79 | Loss: 0.015216267667710781 | Time:1.1730303764343262
2025-03-15 09:16:28,106 - Epoch: 4 Step: 73/79 | Loss: 0.006231081672012806 | Time:1.0161049365997314
2025-03-15 09:16:29,187 - Epoch: 4 Step: 74/79 | Loss: 0.024189624935388565 | Time:1.0981419086456299
2025-03-15 09:16:30,516 - Epoch: 4 Step: 75/79 | Loss: 0.04638799652457237 | Time:1.3112871646881104
2025-03-15 09:16:31,565 - Epoch: 4 Step: 76/79 | Loss: 0.05167662352323532 | Time:1.0473690032958984
2025-03-15 09:16:32,753 - Epoch: 4 Step: 77/79 | Loss: 0.15235771238803864 | Time:1.1904487609863281
2025-03-15 09:16:33,864 - Epoch: 4 Step: 78/79 | Loss: 0.1805841028690338 | Time:1.1103873252868652
2025-03-15 09:16:34,068 - Epoch: 4 Step: 79/79 | Loss: 0.0017009370494633913 | Time:0.26607465744018555
2025-03-15 09:16:34,960 - Val_Epoch:4.0 Step: 1/32 | Loss: 0.04937499389052391 | Time:0
2025-03-15 09:16:35,992 - Val_Epoch:4.0 Step: 2/32 | Loss: 0.12121616303920746 | Time:0.8763854503631592
2025-03-15 09:16:37,353 - Val_Epoch:4.0 Step: 3/32 | Loss: 0.3883937895298004 | Time:1.032599687576294
2025-03-15 09:16:38,401 - Val_Epoch:4.0 Step: 4/32 | Loss: 0.10085355490446091 | Time:1.3610010147094727
2025-03-15 09:16:39,403 - Val_Epoch:4.0 Step: 5/32 | Loss: 0.022434264421463013 | Time:1.0479979515075684
2025-03-15 09:16:40,356 - Val_Epoch:4.0 Step: 6/32 | Loss: 0.28833499550819397 | Time:1.016904354095459
2025-03-15 09:16:41,374 - Val_Epoch:4.0 Step: 7/32 | Loss: 0.08455358445644379 | Time:0.9378292560577393
2025-03-15 09:16:42,860 - Val_Epoch:4.0 Step: 8/32 | Loss: 0.029413413256406784 | Time:1.0177667140960693
2025-03-15 09:16:43,924 - Val_Epoch:4.0 Step: 9/32 | Loss: 0.05634037032723427 | Time:1.4866323471069336
2025-03-15 09:16:44,958 - Val_Epoch:4.0 Step: 10/32 | Loss: 0.016318434849381447 | Time:1.06325364112854
2025-03-15 09:16:46,222 - Val_Epoch:4.0 Step: 11/32 | Loss: 0.2480657994747162 | Time:1.048940658569336
2025-03-15 09:16:47,317 - Val_Epoch:4.0 Step: 12/32 | Loss: 0.15234650671482086 | Time:1.249852180480957
2025-03-15 09:16:48,302 - Val_Epoch:4.0 Step: 13/32 | Loss: 0.17046765983104706 | Time:1.094219446182251
2025-03-15 09:16:49,334 - Val_Epoch:4.0 Step: 14/32 | Loss: 0.21555174887180328 | Time:0.9848411083221436
2025-03-15 09:16:50,303 - Val_Epoch:4.0 Step: 15/32 | Loss: 0.16565054655075073 | Time:1.0320796966552734
2025-03-15 09:16:51,522 - Val_Epoch:4.0 Step: 16/32 | Loss: 0.1757006049156189 | Time:0.969635009765625
2025-03-15 09:16:52,663 - Val_Epoch:4.0 Step: 17/32 | Loss: 0.03887420520186424 | Time:1.2185873985290527
2025-03-15 09:16:53,789 - Val_Epoch:4.0 Step: 18/32 | Loss: 0.04871714860200882 | Time:1.1414978504180908
2025-03-15 09:16:54,915 - Val_Epoch:4.0 Step: 19/32 | Loss: 0.1589745581150055 | Time:1.1257476806640625
2025-03-15 09:16:55,806 - Val_Epoch:4.0 Step: 20/32 | Loss: 0.1400863081216812 | Time:1.125967025756836
2025-03-15 09:16:56,868 - Val_Epoch:4.0 Step: 21/32 | Loss: 0.06998659670352936 | Time:0.8904426097869873
2025-03-15 09:16:57,854 - Val_Epoch:4.0 Step: 22/32 | Loss: 0.1475485861301422 | Time:1.062873363494873
2025-03-15 09:16:58,776 - Val_Epoch:4.0 Step: 23/32 | Loss: 0.17046183347702026 | Time:0.9854269027709961
2025-03-15 09:16:59,870 - Val_Epoch:4.0 Step: 24/32 | Loss: 0.38284629583358765 | Time:0.922431230545044
2025-03-15 09:17:00,918 - Val_Epoch:4.0 Step: 25/32 | Loss: 0.017191383987665176 | Time:1.0936908721923828
2025-03-15 09:17:02,122 - Val_Epoch:4.0 Step: 26/32 | Loss: 0.012472189031541348 | Time:1.0477221012115479
2025-03-15 09:17:03,293 - Val_Epoch:4.0 Step: 27/32 | Loss: 0.03997315466403961 | Time:1.2039203643798828
2025-03-15 09:17:04,341 - Val_Epoch:4.0 Step: 28/32 | Loss: 0.21734805405139923 | Time:1.1717848777770996
2025-03-15 09:17:05,185 - Val_Epoch:4.0 Step: 29/32 | Loss: 0.07768986374139786 | Time:1.0472683906555176
2025-03-15 09:17:06,122 - Val_Epoch:4.0 Step: 30/32 | Loss: 0.06944000720977783 | Time:0.8441400527954102
2025-03-15 09:17:07,232 - Val_Epoch:4.0 Step: 31/32 | Loss: 0.32092273235321045 | Time:0.9373910427093506
2025-03-15 09:17:07,435 - Val_Epoch:4.0 Step: 32/32 | Loss: 0.2895370423793793 | Time:1.1097488403320312
2025-03-15 09:17:07,435 - Validation - Accuracy: 0.955955955955956, Precision: 0.9456521739130435, Recall: 0.9, F1-Score: 0.92226148409894
2025-03-15 09:17:07,435 - Saved model as model_epoch_4_acc_0.9560.pt
2025-03-15 09:17:07,435 - 
*** EPOCH: 5 ***

2025-03-15 09:17:08,888 - Epoch: 5 Step: 1/79 | Loss: 0.021099012345075607 | Time:1.3436460494995117
2025-03-15 09:17:10,061 - Epoch: 5 Step: 2/79 | Loss: 0.004631988238543272 | Time:1.2191176414489746
2025-03-15 09:17:11,357 - Epoch: 5 Step: 3/79 | Loss: 0.05986898019909859 | Time:1.2965965270996094
2025-03-15 09:17:12,795 - Epoch: 5 Step: 4/79 | Loss: 0.029781607910990715 | Time:1.4377121925354004
2025-03-15 09:17:13,811 - Epoch: 5 Step: 5/79 | Loss: 0.008144193328917027 | Time:1.0157842636108398
2025-03-15 09:17:15,128 - Epoch: 5 Step: 6/79 | Loss: 0.03187384083867073 | Time:1.3174824714660645
2025-03-15 09:17:16,255 - Epoch: 5 Step: 7/79 | Loss: 0.021482152864336967 | Time:1.1268310546875
2025-03-15 09:17:17,506 - Epoch: 5 Step: 8/79 | Loss: 0.12893976271152496 | Time:1.2512733936309814
2025-03-15 09:17:18,680 - Epoch: 5 Step: 9/79 | Loss: 0.022318806499242783 | Time:1.1737251281738281
2025-03-15 09:17:19,806 - Epoch: 5 Step: 10/79 | Loss: 0.019075725227594376 | Time:1.1258692741394043
2025-03-15 09:17:20,964 - Epoch: 5 Step: 11/79 | Loss: 0.014885024167597294 | Time:1.1572964191436768
2025-03-15 09:17:22,184 - Epoch: 5 Step: 12/79 | Loss: 0.010152827948331833 | Time:1.220475435256958
2025-03-15 09:17:23,233 - Epoch: 5 Step: 13/79 | Loss: 0.02022761106491089 | Time:1.063206672668457
2025-03-15 09:17:24,391 - Epoch: 5 Step: 14/79 | Loss: 0.13444285094738007 | Time:1.1435410976409912
2025-03-15 09:17:25,471 - Epoch: 5 Step: 15/79 | Loss: 0.05113803967833519 | Time:1.079667329788208
2025-03-15 09:17:26,565 - Epoch: 5 Step: 16/79 | Loss: 0.06124238297343254 | Time:1.0943942070007324
2025-03-15 09:17:28,005 - Epoch: 5 Step: 17/79 | Loss: 0.028084877878427505 | Time:1.439720869064331
2025-03-15 09:17:29,115 - Epoch: 5 Step: 18/79 | Loss: 0.0037644188851118088 | Time:1.1108615398406982
2025-03-15 09:17:30,350 - Epoch: 5 Step: 19/79 | Loss: 0.03574768453836441 | Time:1.2351198196411133
2025-03-15 09:17:31,508 - Epoch: 5 Step: 20/79 | Loss: 0.005153271835297346 | Time:1.1580865383148193
2025-03-15 09:17:32,696 - Epoch: 5 Step: 21/79 | Loss: 0.014265310950577259 | Time:1.1877450942993164
2025-03-15 09:17:33,980 - Epoch: 5 Step: 22/79 | Loss: 0.009537684731185436 | Time:1.2829222679138184
2025-03-15 09:17:35,058 - Epoch: 5 Step: 23/79 | Loss: 0.011006700806319714 | Time:1.0786361694335938
2025-03-15 09:17:36,418 - Epoch: 5 Step: 24/79 | Loss: 0.00583295663818717 | Time:1.3595857620239258
2025-03-15 09:17:37,840 - Epoch: 5 Step: 25/79 | Loss: 0.08251938968896866 | Time:1.4223361015319824
2025-03-15 09:17:39,075 - Epoch: 5 Step: 26/79 | Loss: 0.001980361994355917 | Time:1.2356631755828857
2025-03-15 09:17:40,217 - Epoch: 5 Step: 27/79 | Loss: 0.004574555903673172 | Time:1.1414544582366943
2025-03-15 09:17:41,248 - Epoch: 5 Step: 28/79 | Loss: 0.006553298328071833 | Time:1.0467212200164795
2025-03-15 09:17:42,905 - Epoch: 5 Step: 29/79 | Loss: 0.046136029064655304 | Time:1.641111135482788
2025-03-15 09:17:44,132 - Epoch: 5 Step: 30/79 | Loss: 0.05716906115412712 | Time:1.2314839363098145
2025-03-15 09:17:45,242 - Epoch: 5 Step: 31/79 | Loss: 0.011902498081326485 | Time:1.1059396266937256
2025-03-15 09:17:46,399 - Epoch: 5 Step: 32/79 | Loss: 0.0015101695898920298 | Time:1.1572265625
2025-03-15 09:17:47,587 - Epoch: 5 Step: 33/79 | Loss: 0.010997327975928783 | Time:1.1881141662597656
2025-03-15 09:17:48,856 - Epoch: 5 Step: 34/79 | Loss: 0.03781371936202049 | Time:1.2684111595153809
2025-03-15 09:17:50,059 - Epoch: 5 Step: 35/79 | Loss: 0.06451849639415741 | Time:1.2037203311920166
2025-03-15 09:17:51,155 - Epoch: 5 Step: 36/79 | Loss: 0.05869568884372711 | Time:1.0952205657958984
2025-03-15 09:17:52,727 - Epoch: 5 Step: 37/79 | Loss: 0.0037245508283376694 | Time:1.5646226406097412
2025-03-15 09:17:53,844 - Epoch: 5 Step: 38/79 | Loss: 0.0032894224859774113 | Time:1.1249327659606934
2025-03-15 09:17:55,018 - Epoch: 5 Step: 39/79 | Loss: 0.025087622925639153 | Time:1.1737921237945557
2025-03-15 09:17:56,206 - Epoch: 5 Step: 40/79 | Loss: 0.03774157166481018 | Time:1.1879832744598389
2025-03-15 09:17:57,506 - Epoch: 5 Step: 41/79 | Loss: 0.054278414696455 | Time:1.2997210025787354
2025-03-15 09:17:58,506 - Epoch: 5 Step: 42/79 | Loss: 0.008636174723505974 | Time:1.0002186298370361
2025-03-15 09:17:59,741 - Epoch: 5 Step: 43/79 | Loss: 0.008547759614884853 | Time:1.235546350479126
2025-03-15 09:18:00,860 - Epoch: 5 Step: 44/79 | Loss: 0.021629326045513153 | Time:1.1102440357208252
2025-03-15 09:18:02,229 - Epoch: 5 Step: 45/79 | Loss: 0.005455455742776394 | Time:1.377115249633789
2025-03-15 09:18:03,652 - Epoch: 5 Step: 46/79 | Loss: 0.02261819876730442 | Time:1.4230191707611084
2025-03-15 09:18:05,028 - Epoch: 5 Step: 47/79 | Loss: 0.01926523633301258 | Time:1.3761391639709473
2025-03-15 09:18:06,463 - Epoch: 5 Step: 48/79 | Loss: 0.04372227191925049 | Time:1.4238646030426025
2025-03-15 09:18:07,561 - Epoch: 5 Step: 49/79 | Loss: 0.0018528003711253405 | Time:1.109539270401001
2025-03-15 09:18:08,766 - Epoch: 5 Step: 50/79 | Loss: 0.01918710581958294 | Time:1.2042241096496582
2025-03-15 09:18:10,112 - Epoch: 5 Step: 51/79 | Loss: 0.08315997570753098 | Time:1.3465588092803955
2025-03-15 09:18:11,097 - Epoch: 5 Step: 52/79 | Loss: 0.1117195412516594 | Time:0.9869720935821533
2025-03-15 09:18:12,208 - Epoch: 5 Step: 53/79 | Loss: 0.002981405472382903 | Time:1.1084518432617188
2025-03-15 09:18:13,318 - Epoch: 5 Step: 54/79 | Loss: 0.008118832483887672 | Time:1.110217809677124
2025-03-15 09:18:14,568 - Epoch: 5 Step: 55/79 | Loss: 0.02357434667646885 | Time:1.2504377365112305
2025-03-15 09:18:15,787 - Epoch: 5 Step: 56/79 | Loss: 0.010968318209052086 | Time:1.203416109085083
2025-03-15 09:18:17,022 - Epoch: 5 Step: 57/79 | Loss: 0.044312283396720886 | Time:1.2503662109375
2025-03-15 09:18:18,241 - Epoch: 5 Step: 58/79 | Loss: 0.02798454277217388 | Time:1.2029109001159668
2025-03-15 09:18:19,616 - Epoch: 5 Step: 59/79 | Loss: 0.04948598891496658 | Time:1.3913633823394775
2025-03-15 09:18:20,867 - Epoch: 5 Step: 60/79 | Loss: 0.008178993128240108 | Time:1.250286340713501
2025-03-15 09:18:22,367 - Epoch: 5 Step: 61/79 | Loss: 0.049951713532209396 | Time:1.5002460479736328
2025-03-15 09:18:23,712 - Epoch: 5 Step: 62/79 | Loss: 0.05003954470157623 | Time:1.3450555801391602
2025-03-15 09:18:24,994 - Epoch: 5 Step: 63/79 | Loss: 0.022315235808491707 | Time:1.2819750308990479
2025-03-15 09:18:26,261 - Epoch: 5 Step: 64/79 | Loss: 0.007231461349874735 | Time:1.2510647773742676
2025-03-15 09:18:27,449 - Epoch: 5 Step: 65/79 | Loss: 0.02136356756091118 | Time:1.203934907913208
2025-03-15 09:18:28,653 - Epoch: 5 Step: 66/79 | Loss: 0.00720619410276413 | Time:1.203871250152588
2025-03-15 09:18:29,982 - Epoch: 5 Step: 67/79 | Loss: 0.029410548508167267 | Time:1.328857421875
2025-03-15 09:18:31,170 - Epoch: 5 Step: 68/79 | Loss: 0.10128070414066315 | Time:1.1883394718170166
2025-03-15 09:18:32,265 - Epoch: 5 Step: 69/79 | Loss: 0.007066627498716116 | Time:1.0948410034179688
2025-03-15 09:18:33,609 - Epoch: 5 Step: 70/79 | Loss: 0.10510776937007904 | Time:1.3445343971252441
2025-03-15 09:18:34,703 - Epoch: 5 Step: 71/79 | Loss: 0.0052642603404819965 | Time:1.0939455032348633
2025-03-15 09:18:35,820 - Epoch: 5 Step: 72/79 | Loss: 0.011400073766708374 | Time:1.1164820194244385
2025-03-15 09:18:36,806 - Epoch: 5 Step: 73/79 | Loss: 0.0017821824876591563 | Time:0.9859890937805176
2025-03-15 09:18:38,168 - Epoch: 5 Step: 74/79 | Loss: 0.011160469613969326 | Time:1.3619258403778076
2025-03-15 09:18:39,544 - Epoch: 5 Step: 75/79 | Loss: 0.06336670368909836 | Time:1.3761341571807861
2025-03-15 09:18:40,514 - Epoch: 5 Step: 76/79 | Loss: 0.001591448555700481 | Time:0.973900318145752
2025-03-15 09:18:41,530 - Epoch: 5 Step: 77/79 | Loss: 0.00904344953596592 | Time:1.0113976001739502
2025-03-15 09:18:42,781 - Epoch: 5 Step: 78/79 | Loss: 0.004402308724820614 | Time:1.2522435188293457
2025-03-15 09:18:43,023 - Epoch: 5 Step: 79/79 | Loss: 0.09669912606477737 | Time:0.29164814949035645
2025-03-15 09:18:43,907 - Val_Epoch:5.0 Step: 1/32 | Loss: 0.021936440840363503 | Time:0
2025-03-15 09:18:44,940 - Val_Epoch:5.0 Step: 2/32 | Loss: 0.27157658338546753 | Time:0.8813533782958984
2025-03-15 09:18:46,317 - Val_Epoch:5.0 Step: 3/32 | Loss: 0.37440162897109985 | Time:1.032667636871338
2025-03-15 09:18:47,365 - Val_Epoch:5.0 Step: 4/32 | Loss: 0.1740269958972931 | Time:1.377737283706665
2025-03-15 09:18:48,382 - Val_Epoch:5.0 Step: 5/32 | Loss: 0.015509403310716152 | Time:1.0478904247283936
2025-03-15 09:18:49,352 - Val_Epoch:5.0 Step: 6/32 | Loss: 0.2979915738105774 | Time:1.0170998573303223
2025-03-15 09:18:50,386 - Val_Epoch:5.0 Step: 7/32 | Loss: 0.16362306475639343 | Time:0.9695775508880615
2025-03-15 09:18:51,871 - Val_Epoch:5.0 Step: 8/32 | Loss: 0.05219271406531334 | Time:1.0494630336761475
2025-03-15 09:18:52,950 - Val_Epoch:5.0 Step: 9/32 | Loss: 0.05704301595687866 | Time:1.4700922966003418
2025-03-15 09:18:54,016 - Val_Epoch:5.0 Step: 10/32 | Loss: 0.035915277898311615 | Time:1.0789620876312256
2025-03-15 09:18:55,289 - Val_Epoch:5.0 Step: 11/32 | Loss: 0.2369561344385147 | Time:1.0652272701263428
2025-03-15 09:18:56,379 - Val_Epoch:5.0 Step: 12/32 | Loss: 0.22005721926689148 | Time:1.2743871212005615
2025-03-15 09:18:57,379 - Val_Epoch:5.0 Step: 13/32 | Loss: 0.2068425416946411 | Time:1.08888578414917
2025-03-15 09:18:58,442 - Val_Epoch:5.0 Step: 14/32 | Loss: 0.20092615485191345 | Time:0.9998676776885986
2025-03-15 09:18:59,458 - Val_Epoch:5.0 Step: 15/32 | Loss: 0.13307417929172516 | Time:1.0634260177612305
2025-03-15 09:19:00,680 - Val_Epoch:5.0 Step: 16/32 | Loss: 0.3460632264614105 | Time:1.0163724422454834
2025-03-15 09:19:01,819 - Val_Epoch:5.0 Step: 17/32 | Loss: 0.0813739076256752 | Time:1.2212510108947754
2025-03-15 09:19:02,961 - Val_Epoch:5.0 Step: 18/32 | Loss: 0.0890868529677391 | Time:1.1393933296203613
2025-03-15 09:19:04,086 - Val_Epoch:5.0 Step: 19/32 | Loss: 0.19965697824954987 | Time:1.1419506072998047
2025-03-15 09:19:04,994 - Val_Epoch:5.0 Step: 20/32 | Loss: 0.20835286378860474 | Time:1.1251771450042725
2025-03-15 09:19:06,073 - Val_Epoch:5.0 Step: 21/32 | Loss: 0.10143833607435226 | Time:0.9073779582977295
2025-03-15 09:19:07,074 - Val_Epoch:5.0 Step: 22/32 | Loss: 0.27035850286483765 | Time:1.0790560245513916
2025-03-15 09:19:07,992 - Val_Epoch:5.0 Step: 23/32 | Loss: 0.24030804634094238 | Time:1.001347541809082
2025-03-15 09:19:09,108 - Val_Epoch:5.0 Step: 24/32 | Loss: 0.4826197028160095 | Time:0.9190857410430908
2025-03-15 09:19:10,177 - Val_Epoch:5.0 Step: 25/32 | Loss: 0.019832279533147812 | Time:1.1148037910461426
2025-03-15 09:19:11,377 - Val_Epoch:5.0 Step: 26/32 | Loss: 0.01643810234963894 | Time:1.070052146911621
2025-03-15 09:19:12,597 - Val_Epoch:5.0 Step: 27/32 | Loss: 0.08950193226337433 | Time:1.1987459659576416
2025-03-15 09:19:13,648 - Val_Epoch:5.0 Step: 28/32 | Loss: 0.24200303852558136 | Time:1.2201435565948486
2025-03-15 09:19:14,506 - Val_Epoch:5.0 Step: 29/32 | Loss: 0.03247452899813652 | Time:1.0511064529418945
2025-03-15 09:19:15,481 - Val_Epoch:5.0 Step: 30/32 | Loss: 0.030499573796987534 | Time:0.873178243637085
2025-03-15 09:19:16,602 - Val_Epoch:5.0 Step: 31/32 | Loss: 0.47411805391311646 | Time:0.9599118232727051
2025-03-15 09:19:16,805 - Val_Epoch:5.0 Step: 32/32 | Loss: 0.19988344609737396 | Time:1.12138032913208
2025-03-15 09:19:16,805 - Validation - Accuracy: 0.950950950950951, Precision: 0.9652509652509652, Recall: 0.8620689655172413, F1-Score: 0.9107468123861565
2025-03-15 09:19:16,805 - Saved model as model_epoch_5_acc_0.9510.pt
2025-03-15 09:19:16,805 - 
*** EPOCH: 6 ***

2025-03-15 09:19:17,901 - Epoch: 6 Step: 1/79 | Loss: 0.004176086280494928 | Time:0.987114429473877
2025-03-15 09:19:19,309 - Epoch: 6 Step: 2/79 | Loss: 0.013969670981168747 | Time:1.4542741775512695
2025-03-15 09:19:20,686 - Epoch: 6 Step: 3/79 | Loss: 0.05496701970696449 | Time:1.3774082660675049
2025-03-15 09:19:22,110 - Epoch: 6 Step: 4/79 | Loss: 0.01551191695034504 | Time:1.4239518642425537
2025-03-15 09:19:23,409 - Epoch: 6 Step: 5/79 | Loss: 0.0029371960554271936 | Time:1.298534870147705
2025-03-15 09:19:24,708 - Epoch: 6 Step: 6/79 | Loss: 0.0028203981928527355 | Time:1.2991962432861328
2025-03-15 09:19:25,872 - Epoch: 6 Step: 7/79 | Loss: 0.0013418103335425258 | Time:1.1573832035064697
2025-03-15 09:19:27,212 - Epoch: 6 Step: 8/79 | Loss: 0.0033042014110833406 | Time:1.3459861278533936
2025-03-15 09:19:28,290 - Epoch: 6 Step: 9/79 | Loss: 0.009603474289178848 | Time:1.0793390274047852
2025-03-15 09:19:29,667 - Epoch: 6 Step: 10/79 | Loss: 0.01192540768533945 | Time:1.3808269500732422
2025-03-15 09:19:30,871 - Epoch: 6 Step: 11/79 | Loss: 0.03782052919268608 | Time:1.1997363567352295
2025-03-15 09:19:32,139 - Epoch: 6 Step: 12/79 | Loss: 0.03189965710043907 | Time:1.268043041229248
2025-03-15 09:19:33,296 - Epoch: 6 Step: 13/79 | Loss: 0.0032309163361787796 | Time:1.1566424369812012
2025-03-15 09:19:34,424 - Epoch: 6 Step: 14/79 | Loss: 0.014225353486835957 | Time:1.1276931762695312
2025-03-15 09:19:35,722 - Epoch: 6 Step: 15/79 | Loss: 0.012956631369888783 | Time:1.2979681491851807
2025-03-15 09:19:36,910 - Epoch: 6 Step: 16/79 | Loss: 0.005261251237243414 | Time:1.1889431476593018
2025-03-15 09:19:38,053 - Epoch: 6 Step: 17/79 | Loss: 0.026338806375861168 | Time:1.1432061195373535
2025-03-15 09:19:39,477 - Epoch: 6 Step: 18/79 | Loss: 0.11359190195798874 | Time:1.4227893352508545
2025-03-15 09:19:40,668 - Epoch: 6 Step: 19/79 | Loss: 0.08416451513767242 | Time:1.1881766319274902
2025-03-15 09:19:41,760 - Epoch: 6 Step: 20/79 | Loss: 0.004284065682440996 | Time:1.100966453552246
2025-03-15 09:19:42,886 - Epoch: 6 Step: 21/79 | Loss: 0.033566273748874664 | Time:1.120784044265747
2025-03-15 09:19:43,934 - Epoch: 6 Step: 22/79 | Loss: 0.016396258026361465 | Time:1.0479202270507812
2025-03-15 09:19:45,386 - Epoch: 6 Step: 23/79 | Loss: 0.047711845487356186 | Time:1.440976858139038
2025-03-15 09:19:46,639 - Epoch: 6 Step: 24/79 | Loss: 0.07548882067203522 | Time:1.2596521377563477
2025-03-15 09:19:47,652 - Epoch: 6 Step: 25/79 | Loss: 0.00628154631704092 | Time:1.0173170566558838
2025-03-15 09:19:48,668 - Epoch: 6 Step: 26/79 | Loss: 0.0030568442307412624 | Time:1.0161340236663818
2025-03-15 09:19:49,829 - Epoch: 6 Step: 27/79 | Loss: 0.003872745670378208 | Time:1.1456060409545898
2025-03-15 09:19:51,096 - Epoch: 6 Step: 28/79 | Loss: 0.008117055520415306 | Time:1.2817022800445557
2025-03-15 09:19:52,253 - Epoch: 6 Step: 29/79 | Loss: 0.06631007790565491 | Time:1.15755033493042
2025-03-15 09:19:53,505 - Epoch: 6 Step: 30/79 | Loss: 0.0026494720950722694 | Time:1.252162218093872
2025-03-15 09:19:54,553 - Epoch: 6 Step: 31/79 | Loss: 0.012200037948787212 | Time:1.0472915172576904
2025-03-15 09:19:55,757 - Epoch: 6 Step: 32/79 | Loss: 0.04821782931685448 | Time:1.1891260147094727
2025-03-15 09:19:57,010 - Epoch: 6 Step: 33/79 | Loss: 0.011846687644720078 | Time:1.2679307460784912
2025-03-15 09:19:58,198 - Epoch: 6 Step: 34/79 | Loss: 0.12209276854991913 | Time:1.1882212162017822
2025-03-15 09:19:59,418 - Epoch: 6 Step: 35/79 | Loss: 0.021546296775341034 | Time:1.2200887203216553
2025-03-15 09:20:00,828 - Epoch: 6 Step: 36/79 | Loss: 0.10366260260343552 | Time:1.4097731113433838
2025-03-15 09:20:02,219 - Epoch: 6 Step: 37/79 | Loss: 0.01705576293170452 | Time:1.3910048007965088
2025-03-15 09:20:03,407 - Epoch: 6 Step: 38/79 | Loss: 0.015121830627322197 | Time:1.1885418891906738
2025-03-15 09:20:04,625 - Epoch: 6 Step: 39/79 | Loss: 0.004519715905189514 | Time:1.204517126083374
2025-03-15 09:20:05,818 - Epoch: 6 Step: 40/79 | Loss: 0.04795549437403679 | Time:1.2054736614227295
2025-03-15 09:20:07,100 - Epoch: 6 Step: 41/79 | Loss: 0.01995595172047615 | Time:1.2829139232635498
2025-03-15 09:20:08,414 - Epoch: 6 Step: 42/79 | Loss: 0.04538775980472565 | Time:1.3135123252868652
2025-03-15 09:20:09,635 - Epoch: 6 Step: 43/79 | Loss: 0.0007659946568310261 | Time:1.205590009689331
2025-03-15 09:20:10,737 - Epoch: 6 Step: 44/79 | Loss: 0.017041822895407677 | Time:1.109811782836914
2025-03-15 09:20:11,997 - Epoch: 6 Step: 45/79 | Loss: 0.01786791905760765 | Time:1.2679035663604736
2025-03-15 09:20:13,028 - Epoch: 6 Step: 46/79 | Loss: 0.008356369100511074 | Time:1.0315227508544922
2025-03-15 09:20:14,218 - Epoch: 6 Step: 47/79 | Loss: 0.0863763764500618 | Time:1.1892285346984863
2025-03-15 09:20:15,609 - Epoch: 6 Step: 48/79 | Loss: 0.10043343901634216 | Time:1.3915820121765137
2025-03-15 09:20:16,893 - Epoch: 6 Step: 49/79 | Loss: 0.03668653592467308 | Time:1.2833805084228516
2025-03-15 09:20:18,034 - Epoch: 6 Step: 50/79 | Loss: 0.0037021201569586992 | Time:1.1417016983032227
2025-03-15 09:20:19,129 - Epoch: 6 Step: 51/79 | Loss: 0.010619710199534893 | Time:1.0944747924804688
2025-03-15 09:20:20,568 - Epoch: 6 Step: 52/79 | Loss: 0.017469624057412148 | Time:1.439227819442749
2025-03-15 09:20:21,725 - Epoch: 6 Step: 53/79 | Loss: 0.005300048738718033 | Time:1.156909465789795
2025-03-15 09:20:22,851 - Epoch: 6 Step: 54/79 | Loss: 0.0029012190643697977 | Time:1.1264235973358154
2025-03-15 09:20:24,134 - Epoch: 6 Step: 55/79 | Loss: 0.0034364969469606876 | Time:1.282630205154419
2025-03-15 09:20:25,417 - Epoch: 6 Step: 56/79 | Loss: 0.012248228304088116 | Time:1.2819442749023438
2025-03-15 09:20:26,496 - Epoch: 6 Step: 57/79 | Loss: 0.006914641708135605 | Time:1.0798828601837158
2025-03-15 09:20:27,701 - Epoch: 6 Step: 58/79 | Loss: 0.010735055431723595 | Time:1.2052147388458252
2025-03-15 09:20:28,970 - Epoch: 6 Step: 59/79 | Loss: 0.15128913521766663 | Time:1.2662980556488037
2025-03-15 09:20:30,110 - Epoch: 6 Step: 60/79 | Loss: 0.0401449017226696 | Time:1.1423089504241943
2025-03-15 09:20:31,174 - Epoch: 6 Step: 61/79 | Loss: 0.004948046524077654 | Time:1.064070701599121
2025-03-15 09:20:32,301 - Epoch: 6 Step: 62/79 | Loss: 0.032638512551784515 | Time:1.126511573791504
2025-03-15 09:20:33,411 - Epoch: 6 Step: 63/79 | Loss: 0.00952142383903265 | Time:1.1107354164123535
2025-03-15 09:20:34,569 - Epoch: 6 Step: 64/79 | Loss: 0.008574564009904861 | Time:1.1580040454864502
2025-03-15 09:20:35,712 - Epoch: 6 Step: 65/79 | Loss: 0.003636679844930768 | Time:1.1427130699157715
2025-03-15 09:20:37,088 - Epoch: 6 Step: 66/79 | Loss: 0.018499024212360382 | Time:1.3765747547149658
2025-03-15 09:20:38,450 - Epoch: 6 Step: 67/79 | Loss: 0.043907713145017624 | Time:1.3612010478973389
2025-03-15 09:20:39,624 - Epoch: 6 Step: 68/79 | Loss: 0.08605094999074936 | Time:1.174107313156128
2025-03-15 09:20:40,844 - Epoch: 6 Step: 69/79 | Loss: 0.0034777054097503424 | Time:1.2045814990997314
2025-03-15 09:20:41,829 - Epoch: 6 Step: 70/79 | Loss: 0.07292129099369049 | Time:1.000697374343872
2025-03-15 09:20:43,238 - Epoch: 6 Step: 71/79 | Loss: 0.04921001195907593 | Time:1.408679723739624
2025-03-15 09:20:44,427 - Epoch: 6 Step: 72/79 | Loss: 0.00865873321890831 | Time:1.1888864040374756
2025-03-15 09:20:45,804 - Epoch: 6 Step: 73/79 | Loss: 0.002163431840017438 | Time:1.3772938251495361
2025-03-15 09:20:46,977 - Epoch: 6 Step: 74/79 | Loss: 0.0015486781485378742 | Time:1.172895908355713
2025-03-15 09:20:48,136 - Epoch: 6 Step: 75/79 | Loss: 0.008939663879573345 | Time:1.159264326095581
2025-03-15 09:20:49,295 - Epoch: 6 Step: 76/79 | Loss: 0.002118529984727502 | Time:1.1587140560150146
2025-03-15 09:20:50,530 - Epoch: 6 Step: 77/79 | Loss: 0.08310778439044952 | Time:1.2357006072998047
2025-03-15 09:20:51,969 - Epoch: 6 Step: 78/79 | Loss: 0.016050545498728752 | Time:1.4228918552398682
2025-03-15 09:20:52,236 - Epoch: 6 Step: 79/79 | Loss: 0.40141844749450684 | Time:0.3293600082397461
2025-03-15 09:20:53,128 - Val_Epoch:6.0 Step: 1/32 | Loss: 0.016984354704618454 | Time:0
2025-03-15 09:20:54,154 - Val_Epoch:6.0 Step: 2/32 | Loss: 0.2406557947397232 | Time:0.8927595615386963
2025-03-15 09:20:55,515 - Val_Epoch:6.0 Step: 3/32 | Loss: 0.5867566466331482 | Time:1.025923490524292
2025-03-15 09:20:56,588 - Val_Epoch:6.0 Step: 4/32 | Loss: 0.26693928241729736 | Time:1.3608293533325195
2025-03-15 09:20:57,606 - Val_Epoch:6.0 Step: 5/32 | Loss: 0.012915629893541336 | Time:1.0740954875946045
2025-03-15 09:20:58,550 - Val_Epoch:6.0 Step: 6/32 | Loss: 0.32205039262771606 | Time:1.0164883136749268
2025-03-15 09:20:59,576 - Val_Epoch:6.0 Step: 7/32 | Loss: 0.14237958192825317 | Time:0.9443566799163818
2025-03-15 09:21:01,062 - Val_Epoch:6.0 Step: 8/32 | Loss: 0.23614715039730072 | Time:1.0259759426116943
2025-03-15 09:21:02,141 - Val_Epoch:6.0 Step: 9/32 | Loss: 0.03444111347198486 | Time:1.4862263202667236
2025-03-15 09:21:03,173 - Val_Epoch:6.0 Step: 10/32 | Loss: 0.18147017061710358 | Time:1.0789403915405273
2025-03-15 09:21:04,456 - Val_Epoch:6.0 Step: 11/32 | Loss: 0.24852311611175537 | Time:1.0321826934814453
2025-03-15 09:21:05,535 - Val_Epoch:6.0 Step: 12/32 | Loss: 0.14651775360107422 | Time:1.282414436340332
2025-03-15 09:21:06,506 - Val_Epoch:6.0 Step: 13/32 | Loss: 0.2778240740299225 | Time:1.0794105529785156
2025-03-15 09:21:07,569 - Val_Epoch:6.0 Step: 14/32 | Loss: 0.17431779205799103 | Time:0.9706027507781982
2025-03-15 09:21:08,705 - Val_Epoch:6.0 Step: 15/32 | Loss: 0.1618538200855255 | Time:1.0635793209075928
2025-03-15 09:21:09,915 - Val_Epoch:6.0 Step: 16/32 | Loss: 0.2745788097381592 | Time:1.1358661651611328
2025-03-15 09:21:11,042 - Val_Epoch:6.0 Step: 17/32 | Loss: 0.08555810153484344 | Time:1.2099528312683105
2025-03-15 09:21:12,168 - Val_Epoch:6.0 Step: 18/32 | Loss: 0.09054303914308548 | Time:1.1264233589172363
2025-03-15 09:21:13,310 - Val_Epoch:6.0 Step: 19/32 | Loss: 0.2059517651796341 | Time:1.1260766983032227
2025-03-15 09:21:14,186 - Val_Epoch:6.0 Step: 20/32 | Loss: 0.23284783959388733 | Time:1.1421692371368408
2025-03-15 09:21:15,254 - Val_Epoch:6.0 Step: 21/32 | Loss: 0.03963390365242958 | Time:0.8757758140563965
2025-03-15 09:21:16,235 - Val_Epoch:6.0 Step: 22/32 | Loss: 0.29180482029914856 | Time:1.068366527557373
2025-03-15 09:21:17,142 - Val_Epoch:6.0 Step: 23/32 | Loss: 0.1738259345293045 | Time:0.981156587600708
2025-03-15 09:21:18,238 - Val_Epoch:6.0 Step: 24/32 | Loss: 0.5847781300544739 | Time:0.9069607257843018
2025-03-15 09:21:19,301 - Val_Epoch:6.0 Step: 25/32 | Loss: 0.005549011752009392 | Time:1.0954053401947021
2025-03-15 09:21:20,492 - Val_Epoch:6.0 Step: 26/32 | Loss: 0.016259275376796722 | Time:1.063758134841919
2025-03-15 09:21:21,681 - Val_Epoch:6.0 Step: 27/32 | Loss: 0.0731256827712059 | Time:1.19053053855896
2025-03-15 09:21:22,711 - Val_Epoch:6.0 Step: 28/32 | Loss: 0.252546101808548 | Time:1.1887431144714355
2025-03-15 09:21:23,557 - Val_Epoch:6.0 Step: 29/32 | Loss: 0.12398762255907059 | Time:1.0324463844299316
2025-03-15 09:21:24,513 - Val_Epoch:6.0 Step: 30/32 | Loss: 0.04998351261019707 | Time:0.8443832397460938
2025-03-15 09:21:25,623 - Val_Epoch:6.0 Step: 31/32 | Loss: 0.3026483356952667 | Time:0.9550504684448242
2025-03-15 09:21:25,829 - Val_Epoch:6.0 Step: 32/32 | Loss: 0.22245648503303528 | Time:1.1103637218475342
2025-03-15 09:21:25,830 - Validation - Accuracy: 0.948948948948949, Precision: 0.9543726235741445, Recall: 0.8655172413793103, F1-Score: 0.9077757685352621
2025-03-15 09:21:25,833 - Saved model as model_epoch_6_acc_0.9489.pt
2025-03-15 09:21:25,834 - 
*** EPOCH: 7 ***

2025-03-15 09:21:27,093 - Epoch: 7 Step: 1/79 | Loss: 0.029581982642412186 | Time:1.1339490413665771
2025-03-15 09:21:28,251 - Epoch: 7 Step: 2/79 | Loss: 0.026618000119924545 | Time:1.2048847675323486
2025-03-15 09:21:29,486 - Epoch: 7 Step: 3/79 | Loss: 0.08338572829961777 | Time:1.2506330013275146
2025-03-15 09:21:30,644 - Epoch: 7 Step: 4/79 | Loss: 0.1909547746181488 | Time:1.1422691345214844
2025-03-15 09:21:31,951 - Epoch: 7 Step: 5/79 | Loss: 0.009308740496635437 | Time:1.3144230842590332
2025-03-15 09:21:33,116 - Epoch: 7 Step: 6/79 | Loss: 0.10328861325979233 | Time:1.1733734607696533
2025-03-15 09:21:34,315 - Epoch: 7 Step: 7/79 | Loss: 0.09990382194519043 | Time:1.1895184516906738
2025-03-15 09:21:35,572 - Epoch: 7 Step: 8/79 | Loss: 0.005872514098882675 | Time:1.2698235511779785
2025-03-15 09:21:36,699 - Epoch: 7 Step: 9/79 | Loss: 0.025619469583034515 | Time:1.1231598854064941
2025-03-15 09:21:37,685 - Epoch: 7 Step: 10/79 | Loss: 0.03775200992822647 | Time:0.9861152172088623
2025-03-15 09:21:38,999 - Epoch: 7 Step: 11/79 | Loss: 0.009769655764102936 | Time:1.313122034072876
2025-03-15 09:21:40,250 - Epoch: 7 Step: 12/79 | Loss: 0.0368095226585865 | Time:1.251781702041626
2025-03-15 09:21:41,393 - Epoch: 7 Step: 13/79 | Loss: 0.017473598942160606 | Time:1.1427156925201416
2025-03-15 09:21:42,535 - Epoch: 7 Step: 14/79 | Loss: 0.010058969259262085 | Time:1.1419751644134521
2025-03-15 09:21:43,818 - Epoch: 7 Step: 15/79 | Loss: 0.0012492525856941938 | Time:1.2828774452209473
2025-03-15 09:21:45,086 - Epoch: 7 Step: 16/79 | Loss: 0.06795024871826172 | Time:1.2685437202453613
2025-03-15 09:21:46,415 - Epoch: 7 Step: 17/79 | Loss: 0.02870265766978264 | Time:1.3284728527069092
2025-03-15 09:21:47,712 - Epoch: 7 Step: 18/79 | Loss: 0.009512697346508503 | Time:1.2821497917175293
2025-03-15 09:21:48,853 - Epoch: 7 Step: 19/79 | Loss: 0.052534617483615875 | Time:1.1566805839538574
2025-03-15 09:21:50,245 - Epoch: 7 Step: 20/79 | Loss: 0.07241462171077728 | Time:1.3914601802825928
2025-03-15 09:21:51,698 - Epoch: 7 Step: 21/79 | Loss: 0.05211877450346947 | Time:1.453444004058838
2025-03-15 09:21:52,793 - Epoch: 7 Step: 22/79 | Loss: 0.02661583013832569 | Time:1.0945038795471191
2025-03-15 09:21:54,141 - Epoch: 7 Step: 23/79 | Loss: 0.018154995515942574 | Time:1.3478789329528809
2025-03-15 09:21:55,141 - Epoch: 7 Step: 24/79 | Loss: 0.016918182373046875 | Time:0.984785795211792
2025-03-15 09:21:56,344 - Epoch: 7 Step: 25/79 | Loss: 0.004941544495522976 | Time:1.2035419940948486
2025-03-15 09:21:57,768 - Epoch: 7 Step: 26/79 | Loss: 0.0713840052485466 | Time:1.4386577606201172
2025-03-15 09:21:59,067 - Epoch: 7 Step: 27/79 | Loss: 0.050593018531799316 | Time:1.2980303764343262
2025-03-15 09:22:00,300 - Epoch: 7 Step: 28/79 | Loss: 0.020935382694005966 | Time:1.2348012924194336
2025-03-15 09:22:01,301 - Epoch: 7 Step: 29/79 | Loss: 0.04955955594778061 | Time:1.0005509853363037
2025-03-15 09:22:02,395 - Epoch: 7 Step: 30/79 | Loss: 0.03700387477874756 | Time:1.0937745571136475
2025-03-15 09:22:03,598 - Epoch: 7 Step: 31/79 | Loss: 0.004292982164770365 | Time:1.203584909439087
2025-03-15 09:22:05,036 - Epoch: 7 Step: 32/79 | Loss: 0.0746840313076973 | Time:1.4378836154937744
2025-03-15 09:22:06,153 - Epoch: 7 Step: 33/79 | Loss: 0.010974030941724777 | Time:1.1092283725738525
2025-03-15 09:22:07,396 - Epoch: 7 Step: 34/79 | Loss: 0.0009320280514657497 | Time:1.2507147789001465
2025-03-15 09:22:08,709 - Epoch: 7 Step: 35/79 | Loss: 0.0125508988276124 | Time:1.3128607273101807
2025-03-15 09:22:09,803 - Epoch: 7 Step: 36/79 | Loss: 0.19136138260364532 | Time:1.0944828987121582
2025-03-15 09:22:10,961 - Epoch: 7 Step: 37/79 | Loss: 0.010653408244252205 | Time:1.1565449237823486
2025-03-15 09:22:12,257 - Epoch: 7 Step: 38/79 | Loss: 0.05400848388671875 | Time:1.2974233627319336
2025-03-15 09:22:13,320 - Epoch: 7 Step: 39/79 | Loss: 0.10837093740701675 | Time:1.062727928161621
2025-03-15 09:22:14,352 - Epoch: 7 Step: 40/79 | Loss: 0.0037062480114400387 | Time:1.0159962177276611
2025-03-15 09:22:15,806 - Epoch: 7 Step: 41/79 | Loss: 0.023867568001151085 | Time:1.469501256942749
2025-03-15 09:22:17,056 - Epoch: 7 Step: 42/79 | Loss: 0.003827441716566682 | Time:1.2508225440979004
2025-03-15 09:22:18,150 - Epoch: 7 Step: 43/79 | Loss: 0.001730519812554121 | Time:1.0940213203430176
2025-03-15 09:22:19,573 - Epoch: 7 Step: 44/79 | Loss: 0.024078572168946266 | Time:1.422863245010376
2025-03-15 09:22:20,761 - Epoch: 7 Step: 45/79 | Loss: 0.004737380892038345 | Time:1.1878433227539062
2025-03-15 09:22:21,808 - Epoch: 7 Step: 46/79 | Loss: 0.06713513284921646 | Time:1.0467519760131836
2025-03-15 09:22:23,028 - Epoch: 7 Step: 47/79 | Loss: 0.024892887100577354 | Time:1.220186710357666
2025-03-15 09:22:24,201 - Epoch: 7 Step: 48/79 | Loss: 0.02411307953298092 | Time:1.1727612018585205
2025-03-15 09:22:25,480 - Epoch: 7 Step: 49/79 | Loss: 0.00880986824631691 | Time:1.2625393867492676
2025-03-15 09:22:26,683 - Epoch: 7 Step: 50/79 | Loss: 0.0071270652115345 | Time:1.219752550125122
2025-03-15 09:22:28,090 - Epoch: 7 Step: 51/79 | Loss: 0.05797748640179634 | Time:1.407273530960083
2025-03-15 09:22:29,561 - Epoch: 7 Step: 52/79 | Loss: 0.04523976147174835 | Time:1.4709486961364746
2025-03-15 09:22:31,001 - Epoch: 7 Step: 53/79 | Loss: 0.04293828457593918 | Time:1.4393422603607178
2025-03-15 09:22:32,252 - Epoch: 7 Step: 54/79 | Loss: 0.014474860392510891 | Time:1.2514867782592773
2025-03-15 09:22:33,392 - Epoch: 7 Step: 55/79 | Loss: 0.07168817520141602 | Time:1.139742374420166
2025-03-15 09:22:34,489 - Epoch: 7 Step: 56/79 | Loss: 0.04151532053947449 | Time:1.080526351928711
2025-03-15 09:22:35,584 - Epoch: 7 Step: 57/79 | Loss: 0.01386571116745472 | Time:1.111391544342041
2025-03-15 09:22:36,867 - Epoch: 7 Step: 58/79 | Loss: 0.00837006513029337 | Time:1.2831730842590332
2025-03-15 09:22:38,133 - Epoch: 7 Step: 59/79 | Loss: 0.02283945307135582 | Time:1.2727766036987305
2025-03-15 09:22:39,322 - Epoch: 7 Step: 60/79 | Loss: 0.007314225193113089 | Time:1.186349630355835
2025-03-15 09:22:40,668 - Epoch: 7 Step: 61/79 | Loss: 0.01155764888972044 | Time:1.3417060375213623
2025-03-15 09:22:41,716 - Epoch: 7 Step: 62/79 | Loss: 0.008749682456254959 | Time:1.048389196395874
2025-03-15 09:22:42,952 - Epoch: 7 Step: 63/79 | Loss: 0.011122198775410652 | Time:1.2359228134155273
2025-03-15 09:22:44,188 - Epoch: 7 Step: 64/79 | Loss: 0.0024113445542752743 | Time:1.246204137802124
2025-03-15 09:22:45,188 - Epoch: 7 Step: 65/79 | Loss: 0.0031485864892601967 | Time:0.9891664981842041
2025-03-15 09:22:46,456 - Epoch: 7 Step: 66/79 | Loss: 0.0222275760024786 | Time:1.251868486404419
2025-03-15 09:22:47,833 - Epoch: 7 Step: 67/79 | Loss: 0.06380624324083328 | Time:1.3938384056091309
2025-03-15 09:22:49,194 - Epoch: 7 Step: 68/79 | Loss: 0.020558923482894897 | Time:1.3603482246398926
2025-03-15 09:22:50,538 - Epoch: 7 Step: 69/79 | Loss: 0.024976342916488647 | Time:1.344447135925293
2025-03-15 09:22:51,571 - Epoch: 7 Step: 70/79 | Loss: 0.007790767587721348 | Time:1.017017126083374
2025-03-15 09:22:52,745 - Epoch: 7 Step: 71/79 | Loss: 0.009730305522680283 | Time:1.1742029190063477
2025-03-15 09:22:53,668 - Epoch: 7 Step: 72/79 | Loss: 0.012131479568779469 | Time:0.938713550567627
2025-03-15 09:22:55,028 - Epoch: 7 Step: 73/79 | Loss: 0.05137619748711586 | Time:1.359623670578003
2025-03-15 09:22:56,349 - Epoch: 7 Step: 74/79 | Loss: 0.013633670285344124 | Time:1.3143579959869385
2025-03-15 09:22:57,420 - Epoch: 7 Step: 75/79 | Loss: 0.0693584606051445 | Time:1.0777003765106201
2025-03-15 09:22:58,594 - Epoch: 7 Step: 76/79 | Loss: 0.13474856317043304 | Time:1.1740617752075195
2025-03-15 09:22:59,892 - Epoch: 7 Step: 77/79 | Loss: 0.041144732385873795 | Time:1.2980763912200928
2025-03-15 09:23:01,161 - Epoch: 7 Step: 78/79 | Loss: 0.03608693182468414 | Time:1.2688324451446533
2025-03-15 09:23:01,348 - Epoch: 7 Step: 79/79 | Loss: 0.08783692866563797 | Time:0.23431968688964844
2025-03-15 09:23:02,240 - Val_Epoch:7.0 Step: 1/32 | Loss: 0.07349613308906555 | Time:0
2025-03-15 09:23:03,272 - Val_Epoch:7.0 Step: 2/32 | Loss: 0.190945565700531 | Time:0.8917663097381592
2025-03-15 09:23:04,634 - Val_Epoch:7.0 Step: 3/32 | Loss: 0.5236113667488098 | Time:1.0320258140563965
2025-03-15 09:23:05,682 - Val_Epoch:7.0 Step: 4/32 | Loss: 0.27770888805389404 | Time:1.3616313934326172
2025-03-15 09:23:06,682 - Val_Epoch:7.0 Step: 5/32 | Loss: 0.019640924409031868 | Time:1.048593521118164
2025-03-15 09:23:07,652 - Val_Epoch:7.0 Step: 6/32 | Loss: 0.3558725416660309 | Time:1.0003128051757812
2025-03-15 09:23:08,669 - Val_Epoch:7.0 Step: 7/32 | Loss: 0.08314265310764313 | Time:0.9698636531829834
2025-03-15 09:23:10,124 - Val_Epoch:7.0 Step: 8/32 | Loss: 0.029412761330604553 | Time:1.0169594287872314
2025-03-15 09:23:11,204 - Val_Epoch:7.0 Step: 9/32 | Loss: 0.09335957467556 | Time:1.4551773071289062
2025-03-15 09:23:12,269 - Val_Epoch:7.0 Step: 10/32 | Loss: 0.0093797342851758 | Time:1.079932689666748
2025-03-15 09:23:13,503 - Val_Epoch:7.0 Step: 11/32 | Loss: 0.23397421836853027 | Time:1.0642626285552979
2025-03-15 09:23:14,597 - Val_Epoch:7.0 Step: 12/32 | Loss: 0.2013990730047226 | Time:1.234241247177124
2025-03-15 09:23:15,582 - Val_Epoch:7.0 Step: 13/32 | Loss: 0.24795810878276825 | Time:1.093665361404419
2025-03-15 09:23:16,614 - Val_Epoch:7.0 Step: 14/32 | Loss: 0.20522691309452057 | Time:0.9852144718170166
2025-03-15 09:23:17,583 - Val_Epoch:7.0 Step: 15/32 | Loss: 0.076483353972435 | Time:1.0322036743164062
2025-03-15 09:23:18,802 - Val_Epoch:7.0 Step: 16/32 | Loss: 0.296405166387558 | Time:0.9690783023834229
2025-03-15 09:23:19,928 - Val_Epoch:7.0 Step: 17/32 | Loss: 0.019753925502300262 | Time:1.2190728187561035
2025-03-15 09:23:21,069 - Val_Epoch:7.0 Step: 18/32 | Loss: 0.13224992156028748 | Time:1.1257240772247314
2025-03-15 09:23:22,178 - Val_Epoch:7.0 Step: 19/32 | Loss: 0.20194895565509796 | Time:1.140960693359375
2025-03-15 09:23:23,069 - Val_Epoch:7.0 Step: 20/32 | Loss: 0.23521460592746735 | Time:1.109682559967041
2025-03-15 09:23:24,133 - Val_Epoch:7.0 Step: 21/32 | Loss: 0.0064343796111643314 | Time:0.8909609317779541
2025-03-15 09:23:25,118 - Val_Epoch:7.0 Step: 22/32 | Loss: 0.2799590826034546 | Time:1.0634474754333496
2025-03-15 09:23:26,040 - Val_Epoch:7.0 Step: 23/32 | Loss: 0.27034643292427063 | Time:0.9847314357757568
2025-03-15 09:23:27,134 - Val_Epoch:7.0 Step: 24/32 | Loss: 0.5492129921913147 | Time:0.922205924987793
2025-03-15 09:23:28,197 - Val_Epoch:7.0 Step: 25/32 | Loss: 0.004015359096229076 | Time:1.0941753387451172
2025-03-15 09:23:29,385 - Val_Epoch:7.0 Step: 26/32 | Loss: 0.15979303419589996 | Time:1.0628108978271484
2025-03-15 09:23:30,558 - Val_Epoch:7.0 Step: 27/32 | Loss: 0.0676540806889534 | Time:1.18827223777771
2025-03-15 09:23:31,589 - Val_Epoch:7.0 Step: 28/32 | Loss: 0.2877609133720398 | Time:1.1726219654083252
2025-03-15 09:23:32,442 - Val_Epoch:7.0 Step: 29/32 | Loss: 0.08817022293806076 | Time:1.0315454006195068
2025-03-15 09:23:33,396 - Val_Epoch:7.0 Step: 30/32 | Loss: 0.029087956994771957 | Time:0.8524355888366699
2025-03-15 09:23:34,507 - Val_Epoch:7.0 Step: 31/32 | Loss: 0.40554386377334595 | Time:0.954573392868042
2025-03-15 09:23:34,710 - Val_Epoch:7.0 Step: 32/32 | Loss: 0.2751919627189636 | Time:1.1109986305236816
2025-03-15 09:23:34,710 - Validation - Accuracy: 0.948948948948949, Precision: 0.940959409594096, Recall: 0.8793103448275862, F1-Score: 0.9090909090909091
2025-03-15 09:23:34,726 - Saved model as model_epoch_7_acc_0.9489.pt
2025-03-15 09:23:34,726 - 
*** EPOCH: 8 ***

2025-03-15 09:23:36,103 - Epoch: 8 Step: 1/79 | Loss: 0.0052912794053554535 | Time:1.266993761062622
2025-03-15 09:23:37,246 - Epoch: 8 Step: 2/79 | Loss: 0.001274827285669744 | Time:1.1919488906860352
2025-03-15 09:23:38,670 - Epoch: 8 Step: 3/79 | Loss: 0.0025788212660700083 | Time:1.4208354949951172
2025-03-15 09:23:39,953 - Epoch: 8 Step: 4/79 | Loss: 0.0122308898717165 | Time:1.284595251083374
2025-03-15 09:23:40,984 - Epoch: 8 Step: 5/79 | Loss: 0.0014957132516428828 | Time:1.0306193828582764
2025-03-15 09:23:42,282 - Epoch: 8 Step: 6/79 | Loss: 0.0012536480790004134 | Time:1.3014180660247803
2025-03-15 09:23:43,471 - Epoch: 8 Step: 7/79 | Loss: 0.024937614798545837 | Time:1.1860814094543457
2025-03-15 09:23:44,598 - Epoch: 8 Step: 8/79 | Loss: 0.005865544080734253 | Time:1.1266367435455322
2025-03-15 09:23:45,631 - Epoch: 8 Step: 9/79 | Loss: 0.08546893298625946 | Time:1.033261775970459
2025-03-15 09:23:46,866 - Epoch: 8 Step: 10/79 | Loss: 0.004399486817419529 | Time:1.2379000186920166
2025-03-15 09:23:48,148 - Epoch: 8 Step: 11/79 | Loss: 0.006875032093375921 | Time:1.2788681983947754
2025-03-15 09:23:49,306 - Epoch: 8 Step: 12/79 | Loss: 0.009847122244536877 | Time:1.1582098007202148
2025-03-15 09:23:50,584 - Epoch: 8 Step: 13/79 | Loss: 0.005153625272214413 | Time:1.2680752277374268
2025-03-15 09:23:51,883 - Epoch: 8 Step: 14/79 | Loss: 0.09116827696561813 | Time:1.2970783710479736
2025-03-15 09:23:53,295 - Epoch: 8 Step: 15/79 | Loss: 0.007123968563973904 | Time:1.4232525825500488
2025-03-15 09:23:54,640 - Epoch: 8 Step: 16/79 | Loss: 0.01414958480745554 | Time:1.3456485271453857
2025-03-15 09:23:55,944 - Epoch: 8 Step: 17/79 | Loss: 0.006854679901152849 | Time:1.2989239692687988
2025-03-15 09:23:56,846 - Epoch: 8 Step: 18/79 | Loss: 0.0022610195446759462 | Time:0.9068381786346436
2025-03-15 09:23:58,098 - Epoch: 8 Step: 19/79 | Loss: 0.00922385137528181 | Time:1.248887300491333
2025-03-15 09:23:59,506 - Epoch: 8 Step: 20/79 | Loss: 0.07909198850393295 | Time:1.4111762046813965
2025-03-15 09:24:00,836 - Epoch: 8 Step: 21/79 | Loss: 0.10993771255016327 | Time:1.32966947555542
2025-03-15 09:24:01,963 - Epoch: 8 Step: 22/79 | Loss: 0.013534030877053738 | Time:1.130615472793579
2025-03-15 09:24:03,130 - Epoch: 8 Step: 23/79 | Loss: 0.023099835962057114 | Time:1.153968334197998
2025-03-15 09:24:04,293 - Epoch: 8 Step: 24/79 | Loss: 0.004439466167241335 | Time:1.1732439994812012
2025-03-15 09:24:05,420 - Epoch: 8 Step: 25/79 | Loss: 0.01201389729976654 | Time:1.1257541179656982
2025-03-15 09:24:06,483 - Epoch: 8 Step: 26/79 | Loss: 0.0011578969424590468 | Time:1.0649681091308594
2025-03-15 09:24:07,673 - Epoch: 8 Step: 27/79 | Loss: 0.0762627124786377 | Time:1.1887602806091309
2025-03-15 09:24:09,003 - Epoch: 8 Step: 28/79 | Loss: 0.015842784196138382 | Time:1.329866647720337
2025-03-15 09:24:10,175 - Epoch: 8 Step: 29/79 | Loss: 0.07134047150611877 | Time:1.1570401191711426
2025-03-15 09:24:11,208 - Epoch: 8 Step: 30/79 | Loss: 0.009501315653324127 | Time:1.0478434562683105
2025-03-15 09:24:12,646 - Epoch: 8 Step: 31/79 | Loss: 0.00791517086327076 | Time:1.4380543231964111
2025-03-15 09:24:13,851 - Epoch: 8 Step: 32/79 | Loss: 0.01673462986946106 | Time:1.2050807476043701
2025-03-15 09:24:15,041 - Epoch: 8 Step: 33/79 | Loss: 0.02935299091041088 | Time:1.2012457847595215
2025-03-15 09:24:16,213 - Epoch: 8 Step: 34/79 | Loss: 0.005234138574451208 | Time:1.1615042686462402
2025-03-15 09:24:17,575 - Epoch: 8 Step: 35/79 | Loss: 0.14242129027843475 | Time:1.3618803024291992
2025-03-15 09:24:18,654 - Epoch: 8 Step: 36/79 | Loss: 0.01152754109352827 | Time:1.0791347026824951
2025-03-15 09:24:19,702 - Epoch: 8 Step: 37/79 | Loss: 0.004997394513338804 | Time:1.047333002090454
2025-03-15 09:24:20,828 - Epoch: 8 Step: 38/79 | Loss: 0.09724920988082886 | Time:1.1261944770812988
2025-03-15 09:24:22,017 - Epoch: 8 Step: 39/79 | Loss: 0.003901038086041808 | Time:1.189145803451538
2025-03-15 09:24:23,346 - Epoch: 8 Step: 40/79 | Loss: 0.045013658702373505 | Time:1.3289964199066162
2025-03-15 09:24:24,598 - Epoch: 8 Step: 41/79 | Loss: 0.07721572369337082 | Time:1.2521255016326904
2025-03-15 09:24:25,756 - Epoch: 8 Step: 42/79 | Loss: 0.0038395219016820192 | Time:1.1465835571289062
2025-03-15 09:24:26,804 - Epoch: 8 Step: 43/79 | Loss: 0.004439236596226692 | Time:1.0590605735778809
2025-03-15 09:24:27,869 - Epoch: 8 Step: 44/79 | Loss: 0.011625442653894424 | Time:1.064636468887329
2025-03-15 09:24:28,995 - Epoch: 8 Step: 45/79 | Loss: 0.005645632743835449 | Time:1.1260311603546143
2025-03-15 09:24:30,591 - Epoch: 8 Step: 46/79 | Loss: 0.03526470065116882 | Time:1.5808632373809814
2025-03-15 09:24:32,062 - Epoch: 8 Step: 47/79 | Loss: 0.006913936696946621 | Time:1.4867112636566162
2025-03-15 09:24:33,314 - Epoch: 8 Step: 48/79 | Loss: 0.009173897095024586 | Time:1.251974105834961
2025-03-15 09:24:34,596 - Epoch: 8 Step: 49/79 | Loss: 0.0030243119690567255 | Time:1.2821133136749268
2025-03-15 09:24:35,729 - Epoch: 8 Step: 50/79 | Loss: 0.016020961105823517 | Time:1.1170902252197266
2025-03-15 09:24:36,930 - Epoch: 8 Step: 51/79 | Loss: 0.0022721760906279087 | Time:1.2046799659729004
2025-03-15 09:24:38,202 - Epoch: 8 Step: 52/79 | Loss: 0.0027165489736944437 | Time:1.2833306789398193
2025-03-15 09:24:39,264 - Epoch: 8 Step: 53/79 | Loss: 0.002453150926157832 | Time:1.0622739791870117
2025-03-15 09:24:40,422 - Epoch: 8 Step: 54/79 | Loss: 0.027360403910279274 | Time:1.1578006744384766
2025-03-15 09:24:41,735 - Epoch: 8 Step: 55/79 | Loss: 0.019157402217388153 | Time:1.3136556148529053
2025-03-15 09:24:42,994 - Epoch: 8 Step: 56/79 | Loss: 0.017224008217453957 | Time:1.2521438598632812
2025-03-15 09:24:44,035 - Epoch: 8 Step: 57/79 | Loss: 0.0021419634576886892 | Time:1.0330822467803955
2025-03-15 09:24:45,255 - Epoch: 8 Step: 58/79 | Loss: 0.005898073315620422 | Time:1.2349307537078857
2025-03-15 09:24:46,256 - Epoch: 8 Step: 59/79 | Loss: 0.007369328755885363 | Time:1.0009703636169434
2025-03-15 09:24:47,555 - Epoch: 8 Step: 60/79 | Loss: 0.018927445635199547 | Time:1.2984299659729004
2025-03-15 09:24:48,822 - Epoch: 8 Step: 61/79 | Loss: 0.01174110546708107 | Time:1.2673099040985107
2025-03-15 09:24:50,089 - Epoch: 8 Step: 62/79 | Loss: 0.005364192184060812 | Time:1.2668695449829102
2025-03-15 09:24:51,216 - Epoch: 8 Step: 63/79 | Loss: 0.09462454915046692 | Time:1.1120727062225342
2025-03-15 09:24:52,374 - Epoch: 8 Step: 64/79 | Loss: 0.034732311964035034 | Time:1.1732385158538818
2025-03-15 09:24:53,656 - Epoch: 8 Step: 65/79 | Loss: 0.008376557379961014 | Time:1.2662339210510254
2025-03-15 09:24:54,986 - Epoch: 8 Step: 66/79 | Loss: 0.0035081596579402685 | Time:1.3454599380493164
2025-03-15 09:24:56,113 - Epoch: 8 Step: 67/79 | Loss: 0.0017098962562158704 | Time:1.1273863315582275
2025-03-15 09:24:57,192 - Epoch: 8 Step: 68/79 | Loss: 0.011619637720286846 | Time:1.0784506797790527
2025-03-15 09:24:58,396 - Epoch: 8 Step: 69/79 | Loss: 0.0010507394326850772 | Time:1.205298900604248
2025-03-15 09:24:59,648 - Epoch: 8 Step: 70/79 | Loss: 0.012245622463524342 | Time:1.250950574874878
2025-03-15 09:25:00,859 - Epoch: 8 Step: 71/79 | Loss: 0.001750331954099238 | Time:1.2043092250823975
2025-03-15 09:25:02,057 - Epoch: 8 Step: 72/79 | Loss: 0.07685676217079163 | Time:1.2047615051269531
2025-03-15 09:25:03,427 - Epoch: 8 Step: 73/79 | Loss: 0.011340480297803879 | Time:1.3610570430755615
2025-03-15 09:25:04,811 - Epoch: 8 Step: 74/79 | Loss: 0.011117656715214252 | Time:1.3927428722381592
2025-03-15 09:25:06,046 - Epoch: 8 Step: 75/79 | Loss: 0.0007374075939878821 | Time:1.2347958087921143
2025-03-15 09:25:07,438 - Epoch: 8 Step: 76/79 | Loss: 0.0022240651305764914 | Time:1.3919792175292969
2025-03-15 09:25:08,513 - Epoch: 8 Step: 77/79 | Loss: 0.012312164530158043 | Time:1.0643231868743896
2025-03-15 09:25:09,832 - Epoch: 8 Step: 78/79 | Loss: 0.043065838515758514 | Time:1.3147504329681396
2025-03-15 09:25:09,989 - Epoch: 8 Step: 79/79 | Loss: 0.0001238158147316426 | Time:0.2278425693511963
2025-03-15 09:25:10,880 - Val_Epoch:8.0 Step: 1/32 | Loss: 0.04601718485355377 | Time:0
2025-03-15 09:25:11,913 - Val_Epoch:8.0 Step: 2/32 | Loss: 0.18816177546977997 | Time:0.8912453651428223
2025-03-15 09:25:13,289 - Val_Epoch:8.0 Step: 3/32 | Loss: 0.4625077545642853 | Time:1.0329468250274658
2025-03-15 09:25:14,338 - Val_Epoch:8.0 Step: 4/32 | Loss: 0.17565856873989105 | Time:1.3754441738128662
2025-03-15 09:25:15,323 - Val_Epoch:8.0 Step: 5/32 | Loss: 0.021907588467001915 | Time:1.0490870475769043
2025-03-15 09:25:16,291 - Val_Epoch:8.0 Step: 6/32 | Loss: 0.23375537991523743 | Time:0.9853811264038086
2025-03-15 09:25:17,323 - Val_Epoch:8.0 Step: 7/32 | Loss: 0.11713360995054245 | Time:0.9680066108703613
2025-03-15 09:25:18,794 - Val_Epoch:8.0 Step: 8/32 | Loss: 0.05212710052728653 | Time:1.032261848449707
2025-03-15 09:25:19,873 - Val_Epoch:8.0 Step: 9/32 | Loss: 0.1246495172381401 | Time:1.4711132049560547
2025-03-15 09:25:20,936 - Val_Epoch:8.0 Step: 10/32 | Loss: 0.01735779643058777 | Time:1.0786306858062744
2025-03-15 09:25:22,219 - Val_Epoch:8.0 Step: 11/32 | Loss: 0.1713843047618866 | Time:1.062959909439087
2025-03-15 09:25:23,314 - Val_Epoch:8.0 Step: 12/32 | Loss: 0.3520069420337677 | Time:1.2831978797912598
2025-03-15 09:25:24,306 - Val_Epoch:8.0 Step: 13/32 | Loss: 0.2510838508605957 | Time:1.0947601795196533
2025-03-15 09:25:25,332 - Val_Epoch:8.0 Step: 14/32 | Loss: 0.19135332107543945 | Time:0.9917118549346924
2025-03-15 09:25:26,340 - Val_Epoch:8.0 Step: 15/32 | Loss: 0.1478404998779297 | Time:1.0259723663330078
2025-03-15 09:25:27,554 - Val_Epoch:8.0 Step: 16/32 | Loss: 0.1337425857782364 | Time:1.0094265937805176
2025-03-15 09:25:28,681 - Val_Epoch:8.0 Step: 17/32 | Loss: 0.02623039484024048 | Time:1.2126946449279785
2025-03-15 09:25:29,838 - Val_Epoch:8.0 Step: 18/32 | Loss: 0.03699548542499542 | Time:1.1272344589233398
2025-03-15 09:25:30,963 - Val_Epoch:8.0 Step: 19/32 | Loss: 0.2069282829761505 | Time:1.1565065383911133
2025-03-15 09:25:31,855 - Val_Epoch:8.0 Step: 20/32 | Loss: 0.17621202766895294 | Time:1.1258280277252197
2025-03-15 09:25:33,028 - Val_Epoch:8.0 Step: 21/32 | Loss: 0.005405410658568144 | Time:0.891756534576416
2025-03-15 09:25:34,030 - Val_Epoch:8.0 Step: 22/32 | Loss: 0.1576215624809265 | Time:1.1729578971862793
2025-03-15 09:25:34,952 - Val_Epoch:8.0 Step: 23/32 | Loss: 0.08325342833995819 | Time:1.001800298690796
2025-03-15 09:25:36,063 - Val_Epoch:8.0 Step: 24/32 | Loss: 0.3379290699958801 | Time:0.9219844341278076
2025-03-15 09:25:37,111 - Val_Epoch:8.0 Step: 25/32 | Loss: 0.012469317764043808 | Time:1.1110467910766602
2025-03-15 09:25:38,331 - Val_Epoch:8.0 Step: 26/32 | Loss: 0.0026817265897989273 | Time:1.0484986305236816
2025-03-15 09:25:39,525 - Val_Epoch:8.0 Step: 27/32 | Loss: 0.15725496411323547 | Time:1.2195487022399902
2025-03-15 09:25:40,570 - Val_Epoch:8.0 Step: 28/32 | Loss: 0.28286463022232056 | Time:1.1942684650421143
2025-03-15 09:25:41,419 - Val_Epoch:8.0 Step: 29/32 | Loss: 0.17391638457775116 | Time:1.0446510314941406
2025-03-15 09:25:42,369 - Val_Epoch:8.0 Step: 30/32 | Loss: 0.06983274966478348 | Time:0.8494105339050293
2025-03-15 09:25:43,511 - Val_Epoch:8.0 Step: 31/32 | Loss: 0.2035762220621109 | Time:0.9497537612915039
2025-03-15 09:25:43,713 - Val_Epoch:8.0 Step: 32/32 | Loss: 0.7216562032699585 | Time:1.1418578624725342
2025-03-15 09:25:43,713 - Validation - Accuracy: 0.948948948948949, Precision: 0.8996655518394648, Recall: 0.9275862068965517, F1-Score: 0.9134125636672324
2025-03-15 09:25:43,713 - Saved model as model_epoch_8_acc_0.9489.pt
2025-03-15 09:25:43,713 - 
*** EPOCH: 9 ***

2025-03-15 09:25:44,794 - Epoch: 9 Step: 1/79 | Loss: 0.005195997189730406 | Time:1.017930269241333
2025-03-15 09:25:45,905 - Epoch: 9 Step: 2/79 | Loss: 0.03512592613697052 | Time:1.1105396747589111
2025-03-15 09:25:47,109 - Epoch: 9 Step: 3/79 | Loss: 0.004967272747308016 | Time:1.2048051357269287
2025-03-15 09:25:48,188 - Epoch: 9 Step: 4/79 | Loss: 0.003294828115031123 | Time:1.0793800354003906
2025-03-15 09:25:49,274 - Epoch: 9 Step: 5/79 | Loss: 0.024121178314089775 | Time:1.0785763263702393
2025-03-15 09:25:50,769 - Epoch: 9 Step: 6/79 | Loss: 0.011225402355194092 | Time:1.5022082328796387
2025-03-15 09:25:51,862 - Epoch: 9 Step: 7/79 | Loss: 0.0015050220536068082 | Time:1.0793507099151611
2025-03-15 09:25:52,929 - Epoch: 9 Step: 8/79 | Loss: 0.0005658039008267224 | Time:1.0876760482788086
2025-03-15 09:25:54,072 - Epoch: 9 Step: 9/79 | Loss: 0.003941607195883989 | Time:1.1204116344451904
2025-03-15 09:25:55,370 - Epoch: 9 Step: 10/79 | Loss: 0.007639800198376179 | Time:1.3135764598846436
2025-03-15 09:25:56,809 - Epoch: 9 Step: 11/79 | Loss: 0.000887575326487422 | Time:1.4236013889312744
2025-03-15 09:25:57,951 - Epoch: 9 Step: 12/79 | Loss: 0.026215052232146263 | Time:1.1576201915740967
2025-03-15 09:25:59,406 - Epoch: 9 Step: 13/79 | Loss: 0.03218269720673561 | Time:1.454606533050537
2025-03-15 09:26:00,659 - Epoch: 9 Step: 14/79 | Loss: 0.0026709274388849735 | Time:1.252631664276123
2025-03-15 09:26:02,145 - Epoch: 9 Step: 15/79 | Loss: 0.0054008010774850845 | Time:1.485976219177246
2025-03-15 09:26:03,145 - Epoch: 9 Step: 16/79 | Loss: 0.0012973450357094407 | Time:0.9846751689910889
2025-03-15 09:26:04,318 - Epoch: 9 Step: 17/79 | Loss: 0.005311076529324055 | Time:1.1884267330169678
2025-03-15 09:26:05,443 - Epoch: 9 Step: 18/79 | Loss: 0.011298193596303463 | Time:1.1253678798675537
2025-03-15 09:26:06,617 - Epoch: 9 Step: 19/79 | Loss: 0.0007205560686998069 | Time:1.1734580993652344
2025-03-15 09:26:07,929 - Epoch: 9 Step: 20/79 | Loss: 0.0011226360220462084 | Time:1.2972815036773682
2025-03-15 09:26:09,228 - Epoch: 9 Step: 21/79 | Loss: 0.023300452157855034 | Time:1.3142850399017334
2025-03-15 09:26:10,432 - Epoch: 9 Step: 22/79 | Loss: 0.0006442491430789232 | Time:1.2038121223449707
2025-03-15 09:26:11,636 - Epoch: 9 Step: 23/79 | Loss: 0.002234902000054717 | Time:1.2037122249603271
2025-03-15 09:26:12,622 - Epoch: 9 Step: 24/79 | Loss: 0.003439950756728649 | Time:0.9861814975738525
2025-03-15 09:26:13,607 - Epoch: 9 Step: 25/79 | Loss: 0.0022193354088813066 | Time:0.985480785369873
2025-03-15 09:26:14,999 - Epoch: 9 Step: 26/79 | Loss: 0.01751037873327732 | Time:1.3914053440093994
2025-03-15 09:26:16,344 - Epoch: 9 Step: 27/79 | Loss: 0.0027763317339122295 | Time:1.3453729152679443
2025-03-15 09:26:17,612 - Epoch: 9 Step: 28/79 | Loss: 0.0032841037027537823 | Time:1.2671992778778076
2025-03-15 09:26:18,722 - Epoch: 9 Step: 29/79 | Loss: 0.000468130165245384 | Time:1.1109204292297363
2025-03-15 09:26:19,910 - Epoch: 9 Step: 30/79 | Loss: 0.02518988959491253 | Time:1.1881766319274902
2025-03-15 09:26:21,287 - Epoch: 9 Step: 31/79 | Loss: 0.015459904447197914 | Time:1.360717535018921
2025-03-15 09:26:22,554 - Epoch: 9 Step: 32/79 | Loss: 0.004603676963597536 | Time:1.283299446105957
2025-03-15 09:26:23,743 - Epoch: 9 Step: 33/79 | Loss: 0.0014308914542198181 | Time:1.188206434249878
2025-03-15 09:26:25,056 - Epoch: 9 Step: 34/79 | Loss: 0.000813779653981328 | Time:1.2974841594696045
2025-03-15 09:26:26,261 - Epoch: 9 Step: 35/79 | Loss: 0.0003198103222530335 | Time:1.232994556427002
2025-03-15 09:26:27,481 - Epoch: 9 Step: 36/79 | Loss: 0.0003285050333943218 | Time:1.2082715034484863
2025-03-15 09:26:28,559 - Epoch: 9 Step: 37/79 | Loss: 0.004347165115177631 | Time:1.0777952671051025
2025-03-15 09:26:29,889 - Epoch: 9 Step: 38/79 | Loss: 0.007736815605312586 | Time:1.330113410949707
2025-03-15 09:26:31,204 - Epoch: 9 Step: 39/79 | Loss: 0.019591884687542915 | Time:1.3143227100372314
2025-03-15 09:26:32,658 - Epoch: 9 Step: 40/79 | Loss: 0.00043432635720819235 | Time:1.4544479846954346
2025-03-15 09:26:33,989 - Epoch: 9 Step: 41/79 | Loss: 0.008535538800060749 | Time:1.3306641578674316
2025-03-15 09:26:35,224 - Epoch: 9 Step: 42/79 | Loss: 0.04934537783265114 | Time:1.2356953620910645
2025-03-15 09:26:36,397 - Epoch: 9 Step: 43/79 | Loss: 0.017079485580325127 | Time:1.1560704708099365
2025-03-15 09:26:37,926 - Epoch: 9 Step: 44/79 | Loss: 0.002811082173138857 | Time:1.5340616703033447
2025-03-15 09:26:39,230 - Epoch: 9 Step: 45/79 | Loss: 0.01393108069896698 | Time:1.3253962993621826
2025-03-15 09:26:40,637 - Epoch: 9 Step: 46/79 | Loss: 0.0005358802736736834 | Time:1.3811736106872559
2025-03-15 09:26:42,201 - Epoch: 9 Step: 47/79 | Loss: 0.03705473989248276 | Time:1.5639915466308594
2025-03-15 09:26:43,344 - Epoch: 9 Step: 48/79 | Loss: 0.005976409651339054 | Time:1.1586198806762695
2025-03-15 09:26:44,423 - Epoch: 9 Step: 49/79 | Loss: 0.001853618654422462 | Time:1.0792124271392822
2025-03-15 09:26:45,643 - Epoch: 9 Step: 50/79 | Loss: 0.003037157468497753 | Time:1.2214126586914062
2025-03-15 09:26:46,941 - Epoch: 9 Step: 51/79 | Loss: 0.0039495439268648624 | Time:1.296294927597046
2025-03-15 09:26:48,120 - Epoch: 9 Step: 52/79 | Loss: 0.00033373426413163543 | Time:1.1738712787628174
2025-03-15 09:26:49,350 - Epoch: 9 Step: 53/79 | Loss: 0.010954366065561771 | Time:1.2355988025665283
2025-03-15 09:26:50,617 - Epoch: 9 Step: 54/79 | Loss: 0.00046146707609295845 | Time:1.2672300338745117
2025-03-15 09:26:51,649 - Epoch: 9 Step: 55/79 | Loss: 0.0006883635651320219 | Time:1.0320515632629395
2025-03-15 09:26:53,013 - Epoch: 9 Step: 56/79 | Loss: 0.00040387787157669663 | Time:1.3628342151641846
2025-03-15 09:26:54,138 - Epoch: 9 Step: 57/79 | Loss: 0.004453425761312246 | Time:1.1254534721374512
2025-03-15 09:26:55,311 - Epoch: 9 Step: 58/79 | Loss: 0.02577298879623413 | Time:1.1725683212280273
2025-03-15 09:26:56,375 - Epoch: 9 Step: 59/79 | Loss: 0.0062700738199055195 | Time:1.079596757888794
2025-03-15 09:26:57,423 - Epoch: 9 Step: 60/79 | Loss: 0.0025254010688513517 | Time:1.0328152179718018
2025-03-15 09:26:58,659 - Epoch: 9 Step: 61/79 | Loss: 0.15556815266609192 | Time:1.236133098602295
2025-03-15 09:26:59,832 - Epoch: 9 Step: 62/79 | Loss: 0.10079887509346008 | Time:1.1733911037445068
2025-03-15 09:27:00,990 - Epoch: 9 Step: 63/79 | Loss: 0.0025196359492838383 | Time:1.1577534675598145
2025-03-15 09:27:02,256 - Epoch: 9 Step: 64/79 | Loss: 0.0022426960058510303 | Time:1.2663395404815674
2025-03-15 09:27:03,195 - Epoch: 9 Step: 65/79 | Loss: 0.0008972262730821967 | Time:0.939002275466919
2025-03-15 09:27:04,620 - Epoch: 9 Step: 66/79 | Loss: 0.026522792875766754 | Time:1.4246933460235596
2025-03-15 09:27:05,699 - Epoch: 9 Step: 67/79 | Loss: 0.011203723959624767 | Time:1.078902006149292
2025-03-15 09:27:06,841 - Epoch: 9 Step: 68/79 | Loss: 0.020904505625367165 | Time:1.1423625946044922
2025-03-15 09:27:08,019 - Epoch: 9 Step: 69/79 | Loss: 0.047467973083257675 | Time:1.173424243927002
2025-03-15 09:27:09,110 - Epoch: 9 Step: 70/79 | Loss: 0.0035805865190923214 | Time:1.1014182567596436
2025-03-15 09:27:10,173 - Epoch: 9 Step: 71/79 | Loss: 0.0021018539555370808 | Time:1.0569853782653809
2025-03-15 09:27:11,378 - Epoch: 9 Step: 72/79 | Loss: 0.0052596512250602245 | Time:1.205070972442627
2025-03-15 09:27:12,661 - Epoch: 9 Step: 73/79 | Loss: 0.008275050669908524 | Time:1.2832200527191162
2025-03-15 09:27:13,975 - Epoch: 9 Step: 74/79 | Loss: 0.08714323490858078 | Time:1.3130755424499512
2025-03-15 09:27:15,148 - Epoch: 9 Step: 75/79 | Loss: 0.05067221820354462 | Time:1.1579041481018066
2025-03-15 09:27:16,322 - Epoch: 9 Step: 76/79 | Loss: 0.001051708240993321 | Time:1.1897013187408447
2025-03-15 09:27:17,792 - Epoch: 9 Step: 77/79 | Loss: 0.009630663320422173 | Time:1.4691596031188965
2025-03-15 09:27:18,981 - Epoch: 9 Step: 78/79 | Loss: 0.012325468473136425 | Time:1.1896772384643555
2025-03-15 09:27:19,168 - Epoch: 9 Step: 79/79 | Loss: 0.000349922280292958 | Time:0.23450279235839844
2025-03-15 09:27:20,061 - Val_Epoch:9.0 Step: 1/32 | Loss: 0.0364956334233284 | Time:0
2025-03-15 09:27:21,109 - Val_Epoch:9.0 Step: 2/32 | Loss: 0.17530086636543274 | Time:0.8924667835235596
2025-03-15 09:27:22,471 - Val_Epoch:9.0 Step: 3/32 | Loss: 0.4413225054740906 | Time:1.0480377674102783
2025-03-15 09:27:23,519 - Val_Epoch:9.0 Step: 4/32 | Loss: 0.16720283031463623 | Time:1.3622844219207764
2025-03-15 09:27:24,504 - Val_Epoch:9.0 Step: 5/32 | Loss: 0.015082034282386303 | Time:1.0478768348693848
2025-03-15 09:27:25,474 - Val_Epoch:9.0 Step: 6/32 | Loss: 0.27000054717063904 | Time:0.9848175048828125
2025-03-15 09:27:26,506 - Val_Epoch:9.0 Step: 7/32 | Loss: 0.027516547590494156 | Time:0.9699306488037109
2025-03-15 09:27:27,977 - Val_Epoch:9.0 Step: 8/32 | Loss: 0.020760301500558853 | Time:1.0321238040924072
2025-03-15 09:27:29,072 - Val_Epoch:9.0 Step: 9/32 | Loss: 0.10731677711009979 | Time:1.470724105834961
2025-03-15 09:27:30,121 - Val_Epoch:9.0 Step: 10/32 | Loss: 0.05222993716597557 | Time:1.0951344966888428
2025-03-15 09:27:31,387 - Val_Epoch:9.0 Step: 11/32 | Loss: 0.21492280066013336 | Time:1.0488412380218506
2025-03-15 09:27:32,467 - Val_Epoch:9.0 Step: 12/32 | Loss: 0.28313708305358887 | Time:1.26617431640625
2025-03-15 09:27:33,468 - Val_Epoch:9.0 Step: 13/32 | Loss: 0.2514563798904419 | Time:1.0799837112426758
2025-03-15 09:27:34,500 - Val_Epoch:9.0 Step: 14/32 | Loss: 0.15273873507976532 | Time:1.0013678073883057
2025-03-15 09:27:35,486 - Val_Epoch:9.0 Step: 15/32 | Loss: 0.17590531706809998 | Time:1.0313327312469482
2025-03-15 09:27:36,689 - Val_Epoch:9.0 Step: 16/32 | Loss: 0.1625756025314331 | Time:0.9860143661499023
2025-03-15 09:27:37,847 - Val_Epoch:9.0 Step: 17/32 | Loss: 0.023030919954180717 | Time:1.2031898498535156
2025-03-15 09:27:38,973 - Val_Epoch:9.0 Step: 18/32 | Loss: 0.06494715809822083 | Time:1.1577644348144531
2025-03-15 09:27:40,099 - Val_Epoch:9.0 Step: 19/32 | Loss: 0.22102859616279602 | Time:1.1268160343170166
2025-03-15 09:27:40,991 - Val_Epoch:9.0 Step: 20/32 | Loss: 0.22345063090324402 | Time:1.1257827281951904
2025-03-15 09:27:42,055 - Val_Epoch:9.0 Step: 21/32 | Loss: 0.0028503183275461197 | Time:0.8918657302856445
2025-03-15 09:27:43,055 - Val_Epoch:9.0 Step: 22/32 | Loss: 0.2199479043483734 | Time:1.0638525485992432
2025-03-15 09:27:43,979 - Val_Epoch:9.0 Step: 23/32 | Loss: 0.1350627839565277 | Time:1.0006225109100342
2025-03-15 09:27:45,075 - Val_Epoch:9.0 Step: 24/32 | Loss: 0.47810423374176025 | Time:0.9235818386077881
2025-03-15 09:27:46,138 - Val_Epoch:9.0 Step: 25/32 | Loss: 0.011064681224524975 | Time:1.0956153869628906
2025-03-15 09:27:47,342 - Val_Epoch:9.0 Step: 26/32 | Loss: 0.011276835575699806 | Time:1.0635077953338623
2025-03-15 09:27:48,530 - Val_Epoch:9.0 Step: 27/32 | Loss: 0.20661655068397522 | Time:1.2038397789001465
2025-03-15 09:27:49,562 - Val_Epoch:9.0 Step: 28/32 | Loss: 0.300264447927475 | Time:1.1882884502410889
2025-03-15 09:27:50,424 - Val_Epoch:9.0 Step: 29/32 | Loss: 0.1502290666103363 | Time:1.0320696830749512
2025-03-15 09:27:51,391 - Val_Epoch:9.0 Step: 30/32 | Loss: 0.04539625346660614 | Time:0.8611259460449219
2025-03-15 09:27:52,504 - Val_Epoch:9.0 Step: 31/32 | Loss: 0.30755215883255005 | Time:0.967195987701416
2025-03-15 09:27:52,707 - Val_Epoch:9.0 Step: 32/32 | Loss: 0.6723103523254395 | Time:1.1130506992340088
2025-03-15 09:27:52,707 - Validation - Accuracy: 0.94994994994995, Precision: 0.9081632653061225, Recall: 0.9206896551724137, F1-Score: 0.9143835616438356
2025-03-15 09:27:52,707 - Saved model as model_epoch_9_acc_0.9499.pt
2025-03-15 09:27:52,707 - 
*** EPOCH: 10 ***

2025-03-15 09:27:54,177 - Epoch: 10 Step: 1/79 | Loss: 0.016095053404569626 | Time:1.360863208770752
2025-03-15 09:27:55,226 - Epoch: 10 Step: 2/79 | Loss: 0.0008075222722254694 | Time:1.095353364944458
2025-03-15 09:27:56,351 - Epoch: 10 Step: 3/79 | Loss: 0.00789870135486126 | Time:1.1258463859558105
2025-03-15 09:27:57,557 - Epoch: 10 Step: 4/79 | Loss: 0.00033300506765954196 | Time:1.204228162765503
2025-03-15 09:27:58,808 - Epoch: 10 Step: 5/79 | Loss: 0.0029164026491343975 | Time:1.25197434425354
2025-03-15 09:28:00,047 - Epoch: 10 Step: 6/79 | Loss: 0.004493287764489651 | Time:1.2361273765563965
2025-03-15 09:28:01,296 - Epoch: 10 Step: 7/79 | Loss: 0.00021333922632038593 | Time:1.2521507740020752
2025-03-15 09:28:02,437 - Epoch: 10 Step: 8/79 | Loss: 0.0008373708697035909 | Time:1.1408946514129639
2025-03-15 09:28:03,704 - Epoch: 10 Step: 9/79 | Loss: 0.0005459668464027345 | Time:1.2675397396087646
2025-03-15 09:28:04,768 - Epoch: 10 Step: 10/79 | Loss: 0.0007552066817879677 | Time:1.0638272762298584
2025-03-15 09:28:06,142 - Epoch: 10 Step: 11/79 | Loss: 0.006789890117943287 | Time:1.3606626987457275
2025-03-15 09:28:07,428 - Epoch: 10 Step: 12/79 | Loss: 0.0025758284609764814 | Time:1.2984743118286133
2025-03-15 09:28:08,852 - Epoch: 10 Step: 13/79 | Loss: 0.0004562399408314377 | Time:1.4243669509887695
2025-03-15 09:28:10,150 - Epoch: 10 Step: 14/79 | Loss: 0.011118036694824696 | Time:1.2980031967163086
2025-03-15 09:28:11,417 - Epoch: 10 Step: 15/79 | Loss: 0.08857318758964539 | Time:1.2667419910430908
2025-03-15 09:28:12,856 - Epoch: 10 Step: 16/79 | Loss: 0.004887028131633997 | Time:1.4421114921569824
2025-03-15 09:28:14,061 - Epoch: 10 Step: 17/79 | Loss: 0.03600117191672325 | Time:1.2026481628417969
2025-03-15 09:28:15,407 - Epoch: 10 Step: 18/79 | Loss: 0.01783091574907303 | Time:1.3586883544921875
2025-03-15 09:28:16,782 - Epoch: 10 Step: 19/79 | Loss: 0.012051348574459553 | Time:1.3626270294189453
2025-03-15 09:28:17,957 - Epoch: 10 Step: 20/79 | Loss: 0.00022436323342844844 | Time:1.1768674850463867
2025-03-15 09:28:19,067 - Epoch: 10 Step: 21/79 | Loss: 0.004391242749989033 | Time:1.1080729961395264
2025-03-15 09:28:20,163 - Epoch: 10 Step: 22/79 | Loss: 0.0009882820304483175 | Time:1.0953471660614014
2025-03-15 09:28:21,351 - Epoch: 10 Step: 23/79 | Loss: 0.012763784267008305 | Time:1.188495397567749
2025-03-15 09:28:22,916 - Epoch: 10 Step: 24/79 | Loss: 0.022448232397437096 | Time:1.5476486682891846
2025-03-15 09:28:24,165 - Epoch: 10 Step: 25/79 | Loss: 0.0029446291737258434 | Time:1.2660140991210938
2025-03-15 09:28:25,276 - Epoch: 10 Step: 26/79 | Loss: 0.0009539338643662632 | Time:1.0950720310211182
2025-03-15 09:28:26,464 - Epoch: 10 Step: 27/79 | Loss: 0.005456804297864437 | Time:1.2035160064697266
2025-03-15 09:28:27,543 - Epoch: 10 Step: 28/79 | Loss: 0.00034398658317513764 | Time:1.0797934532165527
2025-03-15 09:28:28,998 - Epoch: 10 Step: 29/79 | Loss: 0.058314286172389984 | Time:1.4539227485656738
2025-03-15 09:28:30,325 - Epoch: 10 Step: 30/79 | Loss: 0.0047853305004537106 | Time:1.328270673751831
2025-03-15 09:28:31,576 - Epoch: 10 Step: 31/79 | Loss: 0.012186162173748016 | Time:1.2509536743164062
2025-03-15 09:28:32,937 - Epoch: 10 Step: 32/79 | Loss: 0.0009980587055906653 | Time:1.360201358795166
2025-03-15 09:28:34,266 - Epoch: 10 Step: 33/79 | Loss: 0.00992484763264656 | Time:1.3288967609405518
2025-03-15 09:28:35,517 - Epoch: 10 Step: 34/79 | Loss: 0.006354022771120071 | Time:1.2515993118286133
2025-03-15 09:28:36,519 - Epoch: 10 Step: 35/79 | Loss: 0.0026957604568451643 | Time:1.001793622970581
2025-03-15 09:28:37,782 - Epoch: 10 Step: 36/79 | Loss: 0.0357247069478035 | Time:1.263024091720581
2025-03-15 09:28:38,878 - Epoch: 10 Step: 37/79 | Loss: 0.0008568346966058016 | Time:1.0955758094787598
2025-03-15 09:28:40,035 - Epoch: 10 Step: 38/79 | Loss: 0.006403420120477676 | Time:1.1617646217346191
2025-03-15 09:28:41,356 - Epoch: 10 Step: 39/79 | Loss: 0.0007000784971751273 | Time:1.309293508529663
2025-03-15 09:28:42,398 - Epoch: 10 Step: 40/79 | Loss: 0.0008293100981973112 | Time:1.0496163368225098
2025-03-15 09:28:43,806 - Epoch: 10 Step: 41/79 | Loss: 0.03848157078027725 | Time:1.4168646335601807
2025-03-15 09:28:44,885 - Epoch: 10 Step: 42/79 | Loss: 0.0024516298435628414 | Time:1.070417881011963
2025-03-15 09:28:46,168 - Epoch: 10 Step: 43/79 | Loss: 0.0020029149018228054 | Time:1.2830419540405273
2025-03-15 09:28:47,458 - Epoch: 10 Step: 44/79 | Loss: 0.0005390509031713009 | Time:1.2796094417572021
2025-03-15 09:28:48,765 - Epoch: 10 Step: 45/79 | Loss: 0.008935961872339249 | Time:1.3167073726654053
2025-03-15 09:28:49,767 - Epoch: 10 Step: 46/79 | Loss: 0.005127286072820425 | Time:1.0024302005767822
2025-03-15 09:28:51,112 - Epoch: 10 Step: 47/79 | Loss: 0.12337005883455276 | Time:1.3286597728729248
2025-03-15 09:28:52,285 - Epoch: 10 Step: 48/79 | Loss: 0.001539632212370634 | Time:1.1733338832855225
2025-03-15 09:28:53,317 - Epoch: 10 Step: 49/79 | Loss: 0.0005582407466135919 | Time:1.047856092453003
2025-03-15 09:28:54,538 - Epoch: 10 Step: 50/79 | Loss: 0.007983135059475899 | Time:1.2291550636291504
2025-03-15 09:28:55,790 - Epoch: 10 Step: 51/79 | Loss: 0.0005681029288098216 | Time:1.2434773445129395
2025-03-15 09:28:56,900 - Epoch: 10 Step: 52/79 | Loss: 0.01974095217883587 | Time:1.1103508472442627
2025-03-15 09:28:58,032 - Epoch: 10 Step: 53/79 | Loss: 0.0003561822231858969 | Time:1.127246379852295
2025-03-15 09:28:59,122 - Epoch: 10 Step: 54/79 | Loss: 0.0014497860101982951 | Time:1.1015353202819824
2025-03-15 09:29:00,468 - Epoch: 10 Step: 55/79 | Loss: 0.007569158915430307 | Time:1.3381059169769287
2025-03-15 09:29:01,531 - Epoch: 10 Step: 56/79 | Loss: 0.007422788068652153 | Time:1.064225673675537
2025-03-15 09:29:02,655 - Epoch: 10 Step: 57/79 | Loss: 0.001184862689115107 | Time:1.11920166015625
2025-03-15 09:29:04,019 - Epoch: 10 Step: 58/79 | Loss: 0.03619913011789322 | Time:1.3685615062713623
2025-03-15 09:29:05,226 - Epoch: 10 Step: 59/79 | Loss: 0.004795525223016739 | Time:1.203873634338379
2025-03-15 09:29:06,552 - Epoch: 10 Step: 60/79 | Loss: 0.00121782545465976 | Time:1.3295066356658936
2025-03-15 09:29:07,631 - Epoch: 10 Step: 61/79 | Loss: 0.0028768409974873066 | Time:1.078707218170166
2025-03-15 09:29:08,946 - Epoch: 10 Step: 62/79 | Loss: 0.0033153858967125416 | Time:1.314852237701416
2025-03-15 09:29:10,041 - Epoch: 10 Step: 63/79 | Loss: 0.002569125732406974 | Time:1.0955097675323486
2025-03-15 09:29:11,183 - Epoch: 10 Step: 64/79 | Loss: 0.013600902631878853 | Time:1.141549825668335
2025-03-15 09:29:12,311 - Epoch: 10 Step: 65/79 | Loss: 0.0005014309426769614 | Time:1.1268985271453857
2025-03-15 09:29:13,530 - Epoch: 10 Step: 66/79 | Loss: 0.008342722430825233 | Time:1.220289945602417
2025-03-15 09:29:14,923 - Epoch: 10 Step: 67/79 | Loss: 0.0025373746175318956 | Time:1.3921520709991455
2025-03-15 09:29:16,033 - Epoch: 10 Step: 68/79 | Loss: 0.000374030350940302 | Time:1.111994981765747
2025-03-15 09:29:17,174 - Epoch: 10 Step: 69/79 | Loss: 0.00033474431256763637 | Time:1.1396334171295166
2025-03-15 09:29:18,333 - Epoch: 10 Step: 70/79 | Loss: 0.0072845700196921825 | Time:1.158585786819458
2025-03-15 09:29:19,666 - Epoch: 10 Step: 71/79 | Loss: 0.005661053583025932 | Time:1.3296566009521484
2025-03-15 09:29:20,788 - Epoch: 10 Step: 72/79 | Loss: 0.00026997982058674097 | Time:1.126253366470337
2025-03-15 09:29:22,042 - Epoch: 10 Step: 73/79 | Loss: 0.017879972234368324 | Time:1.2510991096496582
2025-03-15 09:29:23,104 - Epoch: 10 Step: 74/79 | Loss: 0.0006091598770581186 | Time:1.0726418495178223
2025-03-15 09:29:24,182 - Epoch: 10 Step: 75/79 | Loss: 0.001143132452853024 | Time:1.0545837879180908
2025-03-15 09:29:25,452 - Epoch: 10 Step: 76/79 | Loss: 0.0005038706003688276 | Time:1.2843501567840576
2025-03-15 09:29:26,516 - Epoch: 10 Step: 77/79 | Loss: 0.0038334843702614307 | Time:1.049074411392212
2025-03-15 09:29:27,704 - Epoch: 10 Step: 78/79 | Loss: 0.0017497899243608117 | Time:1.2038674354553223
2025-03-15 09:29:27,955 - Epoch: 10 Step: 79/79 | Loss: 0.6764587163925171 | Time:0.2984604835510254
2025-03-15 09:29:28,831 - Val_Epoch:10.0 Step: 1/32 | Loss: 0.03416974097490311 | Time:0
2025-03-15 09:29:29,864 - Val_Epoch:10.0 Step: 2/32 | Loss: 0.16992038488388062 | Time:0.8759434223175049
2025-03-15 09:29:31,218 - Val_Epoch:10.0 Step: 3/32 | Loss: 0.6457861661911011 | Time:1.0325984954833984
2025-03-15 09:29:32,258 - Val_Epoch:10.0 Step: 4/32 | Loss: 0.29697149991989136 | Time:1.3542675971984863
2025-03-15 09:29:33,259 - Val_Epoch:10.0 Step: 5/32 | Loss: 0.004192748107016087 | Time:1.0404844284057617
2025-03-15 09:29:34,214 - Val_Epoch:10.0 Step: 6/32 | Loss: 0.41811129450798035 | Time:1.0008494853973389
2025-03-15 09:29:35,231 - Val_Epoch:10.0 Step: 7/32 | Loss: 0.18028588593006134 | Time:0.9548115730285645
2025-03-15 09:29:36,982 - Val_Epoch:10.0 Step: 8/32 | Loss: 0.10577676445245743 | Time:1.0170340538024902
2025-03-15 09:29:38,061 - Val_Epoch:10.0 Step: 9/32 | Loss: 0.020763909444212914 | Time:1.750807762145996
2025-03-15 09:29:39,109 - Val_Epoch:10.0 Step: 10/32 | Loss: 0.03590492531657219 | Time:1.0795581340789795
2025-03-15 09:29:40,359 - Val_Epoch:10.0 Step: 11/32 | Loss: 0.23536531627178192 | Time:1.0478441715240479
2025-03-15 09:29:41,454 - Val_Epoch:10.0 Step: 12/32 | Loss: 0.22760242223739624 | Time:1.249375581741333
2025-03-15 09:29:42,457 - Val_Epoch:10.0 Step: 13/32 | Loss: 0.3979642391204834 | Time:1.0951623916625977
2025-03-15 09:29:43,504 - Val_Epoch:10.0 Step: 14/32 | Loss: 0.22836607694625854 | Time:1.0026860237121582
2025-03-15 09:29:44,475 - Val_Epoch:10.0 Step: 15/32 | Loss: 0.27739810943603516 | Time:1.0479249954223633
2025-03-15 09:29:45,712 - Val_Epoch:10.0 Step: 16/32 | Loss: 0.37939271330833435 | Time:0.9707982540130615
2025-03-15 09:29:46,867 - Val_Epoch:10.0 Step: 17/32 | Loss: 0.04839528352022171 | Time:1.23698091506958
2025-03-15 09:29:48,025 - Val_Epoch:10.0 Step: 18/32 | Loss: 0.2110123485326767 | Time:1.1548185348510742
2025-03-15 09:29:49,121 - Val_Epoch:10.0 Step: 19/32 | Loss: 0.2633208930492401 | Time:1.158149242401123
2025-03-15 09:29:50,029 - Val_Epoch:10.0 Step: 20/32 | Loss: 0.1461932510137558 | Time:1.09544038772583
2025-03-15 09:29:51,113 - Val_Epoch:10.0 Step: 21/32 | Loss: 0.05705031752586365 | Time:0.9078600406646729
2025-03-15 09:29:52,093 - Val_Epoch:10.0 Step: 22/32 | Loss: 0.49231651425361633 | Time:1.084306240081787
2025-03-15 09:29:53,016 - Val_Epoch:10.0 Step: 23/32 | Loss: 0.43427541851997375 | Time:0.9801912307739258
2025-03-15 09:29:54,126 - Val_Epoch:10.0 Step: 24/32 | Loss: 0.747369110584259 | Time:0.9233758449554443
2025-03-15 09:29:55,175 - Val_Epoch:10.0 Step: 25/32 | Loss: 0.11146912723779678 | Time:1.1098918914794922
2025-03-15 09:29:56,379 - Val_Epoch:10.0 Step: 26/32 | Loss: 0.05482972413301468 | Time:1.0488426685333252
2025-03-15 09:29:57,569 - Val_Epoch:10.0 Step: 27/32 | Loss: 0.23027639091014862 | Time:1.2042248249053955
2025-03-15 09:29:58,616 - Val_Epoch:10.0 Step: 28/32 | Loss: 0.3147006034851074 | Time:1.189807653427124
2025-03-15 09:29:59,477 - Val_Epoch:10.0 Step: 29/32 | Loss: 0.21736249327659607 | Time:1.047240972518921
2025-03-15 09:30:00,432 - Val_Epoch:10.0 Step: 30/32 | Loss: 0.018370460718870163 | Time:0.8602473735809326
2025-03-15 09:30:01,566 - Val_Epoch:10.0 Step: 31/32 | Loss: 0.5658278465270996 | Time:0.9548530578613281
2025-03-15 09:30:01,760 - Val_Epoch:10.0 Step: 32/32 | Loss: 0.47307059168815613 | Time:1.1351239681243896
2025-03-15 09:30:01,760 - Validation - Accuracy: 0.938938938938939, Precision: 0.9711934156378601, Recall: 0.8137931034482758, F1-Score: 0.8855534709193247
2025-03-15 09:30:01,760 - Saved model as model_epoch_10_acc_0.9389.pt
2025-03-15 09:30:01,760 - 
*** EPOCH: 11 ***

2025-03-15 09:30:02,933 - Epoch: 11 Step: 1/79 | Loss: 0.00015028670895844698 | Time:1.0481562614440918
2025-03-15 09:30:04,029 - Epoch: 11 Step: 2/79 | Loss: 0.001726433401927352 | Time:1.1581950187683105
2025-03-15 09:30:05,171 - Epoch: 11 Step: 3/79 | Loss: 0.003686116775497794 | Time:1.1409125328063965
2025-03-15 09:30:06,459 - Epoch: 11 Step: 4/79 | Loss: 0.11284570395946503 | Time:1.2821602821350098
2025-03-15 09:30:07,663 - Epoch: 11 Step: 5/79 | Loss: 0.3263723850250244 | Time:1.205212116241455
2025-03-15 09:30:08,784 - Epoch: 11 Step: 6/79 | Loss: 0.20044685900211334 | Time:1.133366346359253
2025-03-15 09:30:10,098 - Epoch: 11 Step: 7/79 | Loss: 0.10190345346927643 | Time:1.3071622848510742
2025-03-15 09:30:11,351 - Epoch: 11 Step: 8/79 | Loss: 0.0003378168912604451 | Time:1.2513320446014404
2025-03-15 09:30:12,539 - Epoch: 11 Step: 9/79 | Loss: 0.0012215429451316595 | Time:1.1743977069854736
2025-03-15 09:30:13,634 - Epoch: 11 Step: 10/79 | Loss: 0.0008098321850411594 | Time:1.0949490070343018
2025-03-15 09:30:14,807 - Epoch: 11 Step: 11/79 | Loss: 0.0007986727287061512 | Time:1.1723861694335938
2025-03-15 09:30:15,918 - Epoch: 11 Step: 12/79 | Loss: 0.0024345365818589926 | Time:1.1376185417175293
2025-03-15 09:30:17,044 - Epoch: 11 Step: 13/79 | Loss: 0.006376301869750023 | Time:1.1157348155975342
2025-03-15 09:30:18,311 - Epoch: 11 Step: 14/79 | Loss: 0.007111209444701672 | Time:1.2667241096496582
2025-03-15 09:30:19,468 - Epoch: 11 Step: 15/79 | Loss: 0.11670161783695221 | Time:1.1590023040771484
2025-03-15 09:30:20,500 - Epoch: 11 Step: 16/79 | Loss: 0.22941206395626068 | Time:1.0418601036071777
2025-03-15 09:30:21,829 - Epoch: 11 Step: 17/79 | Loss: 0.0573192723095417 | Time:1.3171963691711426
2025-03-15 09:30:22,996 - Epoch: 11 Step: 18/79 | Loss: 0.10709866881370544 | Time:1.1587533950805664
2025-03-15 09:30:24,177 - Epoch: 11 Step: 19/79 | Loss: 0.025253325700759888 | Time:1.1888563632965088
2025-03-15 09:30:25,320 - Epoch: 11 Step: 20/79 | Loss: 0.015480127185583115 | Time:1.1427578926086426
2025-03-15 09:30:26,586 - Epoch: 11 Step: 21/79 | Loss: 0.14116136729717255 | Time:1.2655880451202393
2025-03-15 09:30:27,854 - Epoch: 11 Step: 22/79 | Loss: 0.009556909091770649 | Time:1.2525992393493652
2025-03-15 09:30:29,011 - Epoch: 11 Step: 23/79 | Loss: 0.024706372991204262 | Time:1.1726634502410889
2025-03-15 09:30:30,090 - Epoch: 11 Step: 24/79 | Loss: 0.1296125203371048 | Time:1.0643739700317383
2025-03-15 09:30:31,341 - Epoch: 11 Step: 25/79 | Loss: 0.004511076956987381 | Time:1.2664110660552979
2025-03-15 09:30:32,562 - Epoch: 11 Step: 26/79 | Loss: 0.023029828444123268 | Time:1.2210609912872314
2025-03-15 09:30:33,738 - Epoch: 11 Step: 27/79 | Loss: 0.058213382959365845 | Time:1.1729519367218018
2025-03-15 09:30:35,066 - Epoch: 11 Step: 28/79 | Loss: 0.012394706718623638 | Time:1.3305394649505615
2025-03-15 09:30:36,130 - Epoch: 11 Step: 29/79 | Loss: 0.014690372161567211 | Time:1.064384937286377
2025-03-15 09:30:37,318 - Epoch: 11 Step: 30/79 | Loss: 0.006121104583144188 | Time:1.1901822090148926
2025-03-15 09:30:38,710 - Epoch: 11 Step: 31/79 | Loss: 0.06998807191848755 | Time:1.3895151615142822
2025-03-15 09:30:39,963 - Epoch: 11 Step: 32/79 | Loss: 0.022245967760682106 | Time:1.252065896987915
2025-03-15 09:30:41,166 - Epoch: 11 Step: 33/79 | Loss: 0.004835299216210842 | Time:1.1888115406036377
2025-03-15 09:30:42,559 - Epoch: 11 Step: 34/79 | Loss: 0.02228672243654728 | Time:1.408499002456665
2025-03-15 09:30:43,873 - Epoch: 11 Step: 35/79 | Loss: 0.029895009472966194 | Time:1.313924789428711
2025-03-15 09:30:45,203 - Epoch: 11 Step: 36/79 | Loss: 0.03992551192641258 | Time:1.3302242755889893
2025-03-15 09:30:46,314 - Epoch: 11 Step: 37/79 | Loss: 0.015413010492920876 | Time:1.1108272075653076
2025-03-15 09:30:47,478 - Epoch: 11 Step: 38/79 | Loss: 0.014597302302718163 | Time:1.1560173034667969
2025-03-15 09:30:48,629 - Epoch: 11 Step: 39/79 | Loss: 0.011971449479460716 | Time:1.1581552028656006
2025-03-15 09:30:50,105 - Epoch: 11 Step: 40/79 | Loss: 0.015058906748890877 | Time:1.4841523170471191
2025-03-15 09:30:51,288 - Epoch: 11 Step: 41/79 | Loss: 0.01744321919977665 | Time:1.1750881671905518
2025-03-15 09:30:52,461 - Epoch: 11 Step: 42/79 | Loss: 0.0385904498398304 | Time:1.1578326225280762
2025-03-15 09:30:53,792 - Epoch: 11 Step: 43/79 | Loss: 0.012676944024860859 | Time:1.343125581741333
2025-03-15 09:30:55,168 - Epoch: 11 Step: 44/79 | Loss: 0.04157937690615654 | Time:1.379819631576538
2025-03-15 09:30:56,481 - Epoch: 11 Step: 45/79 | Loss: 0.03297045826911926 | Time:1.2961227893829346
2025-03-15 09:30:57,889 - Epoch: 11 Step: 46/79 | Loss: 0.008315409533679485 | Time:1.4240903854370117
2025-03-15 09:30:59,125 - Epoch: 11 Step: 47/79 | Loss: 0.023838745430111885 | Time:1.2362921237945557
2025-03-15 09:31:00,376 - Epoch: 11 Step: 48/79 | Loss: 0.012490530498325825 | Time:1.2507221698760986
2025-03-15 09:31:01,361 - Epoch: 11 Step: 49/79 | Loss: 0.010208895429968834 | Time:0.9856753349304199
2025-03-15 09:31:02,426 - Epoch: 11 Step: 50/79 | Loss: 0.00448064599186182 | Time:1.0639550685882568
2025-03-15 09:31:03,614 - Epoch: 11 Step: 51/79 | Loss: 0.04710894450545311 | Time:1.1892402172088623
2025-03-15 09:31:04,881 - Epoch: 11 Step: 52/79 | Loss: 0.0698058158159256 | Time:1.2784717082977295
2025-03-15 09:31:06,023 - Epoch: 11 Step: 53/79 | Loss: 0.021779758855700493 | Time:1.1307082176208496
2025-03-15 09:31:07,056 - Epoch: 11 Step: 54/79 | Loss: 0.17480230331420898 | Time:1.0320355892181396
2025-03-15 09:31:08,395 - Epoch: 11 Step: 55/79 | Loss: 0.03653891757130623 | Time:1.3299446105957031
2025-03-15 09:31:09,699 - Epoch: 11 Step: 56/79 | Loss: 0.012183272279798985 | Time:1.3133857250213623
2025-03-15 09:31:10,795 - Epoch: 11 Step: 57/79 | Loss: 0.026575392112135887 | Time:1.0957131385803223
2025-03-15 09:31:11,983 - Epoch: 11 Step: 58/79 | Loss: 0.000877588870935142 | Time:1.188767671585083
2025-03-15 09:31:12,999 - Epoch: 11 Step: 59/79 | Loss: 0.034098416566848755 | Time:1.0249660015106201
2025-03-15 09:31:14,565 - Epoch: 11 Step: 60/79 | Loss: 0.004776977002620697 | Time:1.5653584003448486
2025-03-15 09:31:15,816 - Epoch: 11 Step: 61/79 | Loss: 0.1506635844707489 | Time:1.242185354232788
2025-03-15 09:31:16,896 - Epoch: 11 Step: 62/79 | Loss: 0.0034426036290824413 | Time:1.0801594257354736
2025-03-15 09:31:18,336 - Epoch: 11 Step: 63/79 | Loss: 0.005054779350757599 | Time:1.4394340515136719
2025-03-15 09:31:19,493 - Epoch: 11 Step: 64/79 | Loss: 0.047586455941200256 | Time:1.1577818393707275
2025-03-15 09:31:20,623 - Epoch: 11 Step: 65/79 | Loss: 0.005126012023538351 | Time:1.125586986541748
2025-03-15 09:31:21,933 - Epoch: 11 Step: 66/79 | Loss: 0.07068507373332977 | Time:1.3140881061553955
2025-03-15 09:31:23,356 - Epoch: 11 Step: 67/79 | Loss: 0.00716181006282568 | Time:1.423205852508545
2025-03-15 09:31:24,717 - Epoch: 11 Step: 68/79 | Loss: 0.03916969522833824 | Time:1.361448049545288
2025-03-15 09:31:25,891 - Epoch: 11 Step: 69/79 | Loss: 0.0012689627474173903 | Time:1.1574738025665283
2025-03-15 09:31:27,220 - Epoch: 11 Step: 70/79 | Loss: 0.02310997247695923 | Time:1.345287799835205
2025-03-15 09:31:28,346 - Epoch: 11 Step: 71/79 | Loss: 0.020415736362338066 | Time:1.1257083415985107
2025-03-15 09:31:29,552 - Epoch: 11 Step: 72/79 | Loss: 0.060957975685596466 | Time:1.2055916786193848
2025-03-15 09:31:30,710 - Epoch: 11 Step: 73/79 | Loss: 0.0013965558027848601 | Time:1.1585593223571777
2025-03-15 09:31:31,845 - Epoch: 11 Step: 74/79 | Loss: 0.006378379184752703 | Time:1.1255381107330322
2025-03-15 09:31:32,962 - Epoch: 11 Step: 75/79 | Loss: 0.0013078732881695032 | Time:1.1101036071777344
2025-03-15 09:31:34,150 - Epoch: 11 Step: 76/79 | Loss: 0.011444535106420517 | Time:1.204214096069336
2025-03-15 09:31:35,544 - Epoch: 11 Step: 77/79 | Loss: 0.0030510348733514547 | Time:1.393385648727417
2025-03-15 09:31:37,154 - Epoch: 11 Step: 78/79 | Loss: 0.031604278832674026 | Time:1.6107354164123535
2025-03-15 09:31:37,373 - Epoch: 11 Step: 79/79 | Loss: 0.0007853579008951783 | Time:0.2655625343322754
2025-03-15 09:31:38,265 - Val_Epoch:11.0 Step: 1/32 | Loss: 0.03462141379714012 | Time:0
2025-03-15 09:31:39,297 - Val_Epoch:11.0 Step: 2/32 | Loss: 0.20770834386348724 | Time:0.8919708728790283
2025-03-15 09:31:40,642 - Val_Epoch:11.0 Step: 3/32 | Loss: 0.3187098205089569 | Time:1.0318858623504639
2025-03-15 09:31:41,674 - Val_Epoch:11.0 Step: 4/32 | Loss: 0.1700301170349121 | Time:1.344855546951294
2025-03-15 09:31:42,690 - Val_Epoch:11.0 Step: 5/32 | Loss: 0.012620052322745323 | Time:1.0321764945983887
2025-03-15 09:31:43,644 - Val_Epoch:11.0 Step: 6/32 | Loss: 0.21395190060138702 | Time:1.0165605545043945
2025-03-15 09:31:44,645 - Val_Epoch:11.0 Step: 7/32 | Loss: 0.03123307414352894 | Time:0.9540317058563232
2025-03-15 09:31:46,115 - Val_Epoch:11.0 Step: 8/32 | Loss: 0.031594716012477875 | Time:1.0008132457733154
2025-03-15 09:31:47,178 - Val_Epoch:11.0 Step: 9/32 | Loss: 0.06048067659139633 | Time:1.469721794128418
2025-03-15 09:31:48,225 - Val_Epoch:11.0 Step: 10/32 | Loss: 0.1030394434928894 | Time:1.063453197479248
2025-03-15 09:31:49,476 - Val_Epoch:11.0 Step: 11/32 | Loss: 0.22277963161468506 | Time:1.0470194816589355
2025-03-15 09:31:50,602 - Val_Epoch:11.0 Step: 12/32 | Loss: 0.277699738740921 | Time:1.2509198188781738
2025-03-15 09:31:51,571 - Val_Epoch:11.0 Step: 13/32 | Loss: 0.2911665141582489 | Time:1.125739336013794
2025-03-15 09:31:52,603 - Val_Epoch:11.0 Step: 14/32 | Loss: 0.1058690994977951 | Time:0.9691410064697266
2025-03-15 09:31:53,598 - Val_Epoch:11.0 Step: 15/32 | Loss: 0.13866856694221497 | Time:1.0320966243743896
2025-03-15 09:31:54,792 - Val_Epoch:11.0 Step: 16/32 | Loss: 0.2742413878440857 | Time:0.9944591522216797
2025-03-15 09:31:55,930 - Val_Epoch:11.0 Step: 17/32 | Loss: 0.017212266102433205 | Time:1.1939268112182617
2025-03-15 09:31:57,087 - Val_Epoch:11.0 Step: 18/32 | Loss: 0.06287037581205368 | Time:1.13816499710083
2025-03-15 09:31:58,214 - Val_Epoch:11.0 Step: 19/32 | Loss: 0.18852579593658447 | Time:1.1571614742279053
2025-03-15 09:31:59,121 - Val_Epoch:11.0 Step: 20/32 | Loss: 0.21862365305423737 | Time:1.1267497539520264
2025-03-15 09:32:00,208 - Val_Epoch:11.0 Step: 21/32 | Loss: 0.03720881789922714 | Time:0.9067277908325195
2025-03-15 09:32:01,189 - Val_Epoch:11.0 Step: 22/32 | Loss: 0.19845524430274963 | Time:1.088364601135254
2025-03-15 09:32:02,094 - Val_Epoch:11.0 Step: 23/32 | Loss: 0.08233074098825455 | Time:0.9813714027404785
2025-03-15 09:32:03,204 - Val_Epoch:11.0 Step: 24/32 | Loss: 0.3530060350894928 | Time:0.9035570621490479
2025-03-15 09:32:04,266 - Val_Epoch:11.0 Step: 25/32 | Loss: 0.03585120663046837 | Time:1.110365390777588
2025-03-15 09:32:05,455 - Val_Epoch:11.0 Step: 26/32 | Loss: 0.03521484136581421 | Time:1.0631108283996582
2025-03-15 09:32:06,629 - Val_Epoch:11.0 Step: 27/32 | Loss: 0.2545190453529358 | Time:1.187913417816162
2025-03-15 09:32:07,692 - Val_Epoch:11.0 Step: 28/32 | Loss: 0.24652022123336792 | Time:1.1734554767608643
2025-03-15 09:32:08,537 - Val_Epoch:11.0 Step: 29/32 | Loss: 0.33789941668510437 | Time:1.0632905960083008
2025-03-15 09:32:09,491 - Val_Epoch:11.0 Step: 30/32 | Loss: 0.010620731860399246 | Time:0.844977617263794
2025-03-15 09:32:10,619 - Val_Epoch:11.0 Step: 31/32 | Loss: 0.18517233431339264 | Time:0.9545142650604248
2025-03-15 09:32:10,822 - Val_Epoch:11.0 Step: 32/32 | Loss: 0.5410776734352112 | Time:1.1271278858184814
2025-03-15 09:32:10,822 - Validation - Accuracy: 0.9479479479479479, Precision: 0.9131944444444444, Recall: 0.906896551724138, F1-Score: 0.9100346020761245
2025-03-15 09:32:10,822 - Saved model as model_epoch_11_acc_0.9479.pt
2025-03-15 09:32:10,822 - 
*** EPOCH: 12 ***

2025-03-15 09:32:12,199 - Epoch: 12 Step: 1/79 | Loss: 0.03291028365492821 | Time:1.2836480140686035
2025-03-15 09:32:13,623 - Epoch: 12 Step: 2/79 | Loss: 0.026254205033183098 | Time:1.4392199516296387
2025-03-15 09:32:14,718 - Epoch: 12 Step: 3/79 | Loss: 0.015346418134868145 | Time:1.1104934215545654
2025-03-15 09:32:15,687 - Epoch: 12 Step: 4/79 | Loss: 0.0003110089455731213 | Time:0.9696884155273438
2025-03-15 09:32:16,922 - Epoch: 12 Step: 5/79 | Loss: 0.01684553734958172 | Time:1.2350730895996094
2025-03-15 09:32:18,058 - Epoch: 12 Step: 6/79 | Loss: 0.004090471658855677 | Time:1.1270127296447754
2025-03-15 09:32:19,099 - Epoch: 12 Step: 7/79 | Loss: 0.0013150605373084545 | Time:1.0579817295074463
2025-03-15 09:32:20,209 - Epoch: 12 Step: 8/79 | Loss: 0.00032557861413806677 | Time:1.101966142654419
2025-03-15 09:32:21,694 - Epoch: 12 Step: 9/79 | Loss: 0.01681533269584179 | Time:1.4848718643188477
2025-03-15 09:32:23,024 - Epoch: 12 Step: 10/79 | Loss: 0.0016880851471796632 | Time:1.3145222663879395
2025-03-15 09:32:24,010 - Epoch: 12 Step: 11/79 | Loss: 0.05721287801861763 | Time:1.0016965866088867
2025-03-15 09:32:25,105 - Epoch: 12 Step: 12/79 | Loss: 0.012807517312467098 | Time:1.094381332397461
2025-03-15 09:32:26,248 - Epoch: 12 Step: 13/79 | Loss: 0.0036712659057229757 | Time:1.1587817668914795
2025-03-15 09:32:27,545 - Epoch: 12 Step: 14/79 | Loss: 0.003753084223717451 | Time:1.2817702293395996
2025-03-15 09:32:28,781 - Epoch: 12 Step: 15/79 | Loss: 0.0026055290363729 | Time:1.2348604202270508
2025-03-15 09:32:30,001 - Epoch: 12 Step: 16/79 | Loss: 0.009142915718257427 | Time:1.2209057807922363
2025-03-15 09:32:31,050 - Epoch: 12 Step: 17/79 | Loss: 0.0012833359651267529 | Time:1.0485599040985107
2025-03-15 09:32:32,128 - Epoch: 12 Step: 18/79 | Loss: 0.0008963935542851686 | Time:1.0783560276031494
2025-03-15 09:32:33,223 - Epoch: 12 Step: 19/79 | Loss: 0.017476845532655716 | Time:1.0949084758758545
2025-03-15 09:32:34,364 - Epoch: 12 Step: 20/79 | Loss: 0.007192111574113369 | Time:1.1415603160858154
2025-03-15 09:32:35,639 - Epoch: 12 Step: 21/79 | Loss: 0.000862011918798089 | Time:1.2662889957427979
2025-03-15 09:32:37,007 - Epoch: 12 Step: 22/79 | Loss: 0.0050779078155756 | Time:1.3754944801330566
2025-03-15 09:32:38,274 - Epoch: 12 Step: 23/79 | Loss: 0.0015533927362412214 | Time:1.2674202919006348
2025-03-15 09:32:39,541 - Epoch: 12 Step: 24/79 | Loss: 0.026471944525837898 | Time:1.2671422958374023
2025-03-15 09:32:40,934 - Epoch: 12 Step: 25/79 | Loss: 0.06007895991206169 | Time:1.393395185470581
2025-03-15 09:32:42,232 - Epoch: 12 Step: 26/79 | Loss: 0.05034651234745979 | Time:1.2976338863372803
2025-03-15 09:32:43,576 - Epoch: 12 Step: 27/79 | Loss: 0.015913287177681923 | Time:1.3445708751678467
2025-03-15 09:32:44,734 - Epoch: 12 Step: 28/79 | Loss: 0.0020705019123852253 | Time:1.141869068145752
2025-03-15 09:32:45,906 - Epoch: 12 Step: 29/79 | Loss: 0.0037285261787474155 | Time:1.1881647109985352
2025-03-15 09:32:47,064 - Epoch: 12 Step: 30/79 | Loss: 0.026136748492717743 | Time:1.1571097373962402
2025-03-15 09:32:48,440 - Epoch: 12 Step: 31/79 | Loss: 0.003456072648987174 | Time:1.3758268356323242
2025-03-15 09:32:49,628 - Epoch: 12 Step: 32/79 | Loss: 0.008886690251529217 | Time:1.1726322174072266
2025-03-15 09:32:51,160 - Epoch: 12 Step: 33/79 | Loss: 0.010814351961016655 | Time:1.5484910011291504
2025-03-15 09:32:52,301 - Epoch: 12 Step: 34/79 | Loss: 0.002082275925204158 | Time:1.1409246921539307
2025-03-15 09:32:53,616 - Epoch: 12 Step: 35/79 | Loss: 0.013776598498225212 | Time:1.299178123474121
2025-03-15 09:32:54,929 - Epoch: 12 Step: 36/79 | Loss: 0.008892771787941456 | Time:1.328829288482666
2025-03-15 09:32:56,165 - Epoch: 12 Step: 37/79 | Loss: 0.007277573924511671 | Time:1.2354846000671387
2025-03-15 09:32:57,359 - Epoch: 12 Step: 38/79 | Loss: 0.0005562301957979798 | Time:1.1944856643676758
2025-03-15 09:32:58,523 - Epoch: 12 Step: 39/79 | Loss: 0.00045624651829712093 | Time:1.1577162742614746
2025-03-15 09:32:59,816 - Epoch: 12 Step: 40/79 | Loss: 0.07738430052995682 | Time:1.2990303039550781
2025-03-15 09:33:00,973 - Epoch: 12 Step: 41/79 | Loss: 0.013824686408042908 | Time:1.1568453311920166
2025-03-15 09:33:02,100 - Epoch: 12 Step: 42/79 | Loss: 0.0020049952436238527 | Time:1.1115689277648926
2025-03-15 09:33:03,384 - Epoch: 12 Step: 43/79 | Loss: 0.001464853878132999 | Time:1.2990496158599854
2025-03-15 09:33:04,510 - Epoch: 12 Step: 44/79 | Loss: 0.003573057008907199 | Time:1.1103825569152832
2025-03-15 09:33:05,824 - Epoch: 12 Step: 45/79 | Loss: 0.04000459983944893 | Time:1.3302700519561768
2025-03-15 09:33:06,763 - Epoch: 12 Step: 46/79 | Loss: 0.0019555778708308935 | Time:0.9386329650878906
2025-03-15 09:33:08,093 - Epoch: 12 Step: 47/79 | Loss: 0.0035858473274856806 | Time:1.314011812210083
2025-03-15 09:33:09,221 - Epoch: 12 Step: 48/79 | Loss: 0.05423729121685028 | Time:1.1437115669250488
2025-03-15 09:33:10,518 - Epoch: 12 Step: 49/79 | Loss: 0.010558757930994034 | Time:1.297257661819458
2025-03-15 09:33:11,645 - Epoch: 12 Step: 50/79 | Loss: 0.011147791519761086 | Time:1.1271002292633057
2025-03-15 09:33:12,895 - Epoch: 12 Step: 51/79 | Loss: 0.008830009028315544 | Time:1.2353224754333496
2025-03-15 09:33:14,006 - Epoch: 12 Step: 52/79 | Loss: 0.03450439125299454 | Time:1.1251850128173828
2025-03-15 09:33:15,226 - Epoch: 12 Step: 53/79 | Loss: 0.02477961964905262 | Time:1.2204170227050781
2025-03-15 09:33:16,384 - Epoch: 12 Step: 54/79 | Loss: 0.006384473294019699 | Time:1.1425578594207764
2025-03-15 09:33:17,621 - Epoch: 12 Step: 55/79 | Loss: 0.0039634015411138535 | Time:1.2521235942840576
2025-03-15 09:33:18,825 - Epoch: 12 Step: 56/79 | Loss: 0.0008562757284380496 | Time:1.2042739391326904
2025-03-15 09:33:20,029 - Epoch: 12 Step: 57/79 | Loss: 0.07796061038970947 | Time:1.1881418228149414
2025-03-15 09:33:21,171 - Epoch: 12 Step: 58/79 | Loss: 0.05971461161971092 | Time:1.1578361988067627
2025-03-15 09:33:22,658 - Epoch: 12 Step: 59/79 | Loss: 0.000434970686910674 | Time:1.4871091842651367
2025-03-15 09:33:23,771 - Epoch: 12 Step: 60/79 | Loss: 0.0012393101351335645 | Time:1.1100022792816162
2025-03-15 09:33:25,004 - Epoch: 12 Step: 61/79 | Loss: 0.002248225035145879 | Time:1.2352015972137451
2025-03-15 09:33:26,067 - Epoch: 12 Step: 62/79 | Loss: 0.0007642890559509397 | Time:1.0639362335205078
2025-03-15 09:33:27,398 - Epoch: 12 Step: 63/79 | Loss: 0.018659979104995728 | Time:1.3304591178894043
2025-03-15 09:33:28,774 - Epoch: 12 Step: 64/79 | Loss: 0.005673450883477926 | Time:1.37620210647583
2025-03-15 09:33:29,791 - Epoch: 12 Step: 65/79 | Loss: 0.0006931335665285587 | Time:1.017190933227539
2025-03-15 09:33:30,871 - Epoch: 12 Step: 66/79 | Loss: 0.05840534716844559 | Time:1.0803189277648926
2025-03-15 09:33:32,012 - Epoch: 12 Step: 67/79 | Loss: 0.00040389332571066916 | Time:1.1409413814544678
2025-03-15 09:33:33,246 - Epoch: 12 Step: 68/79 | Loss: 0.0011707455851137638 | Time:1.2208483219146729
2025-03-15 09:33:34,344 - Epoch: 12 Step: 69/79 | Loss: 0.0008123158477246761 | Time:1.1171584129333496
2025-03-15 09:33:35,579 - Epoch: 12 Step: 70/79 | Loss: 0.08890470117330551 | Time:1.2292847633361816
2025-03-15 09:33:36,660 - Epoch: 12 Step: 71/79 | Loss: 0.022358853369951248 | Time:1.0805447101593018
2025-03-15 09:33:38,115 - Epoch: 12 Step: 72/79 | Loss: 0.00125143735203892 | Time:1.4391212463378906
2025-03-15 09:33:39,377 - Epoch: 12 Step: 73/79 | Loss: 0.0015464411117136478 | Time:1.2661006450653076
2025-03-15 09:33:40,584 - Epoch: 12 Step: 74/79 | Loss: 0.0007080176146700978 | Time:1.2192153930664062
2025-03-15 09:33:41,665 - Epoch: 12 Step: 75/79 | Loss: 0.011888171546161175 | Time:1.080578327178955
2025-03-15 09:33:42,869 - Epoch: 12 Step: 76/79 | Loss: 0.004256605636328459 | Time:1.2042512893676758
2025-03-15 09:33:44,105 - Epoch: 12 Step: 77/79 | Loss: 0.0007372382679022849 | Time:1.2354638576507568
2025-03-15 09:33:45,527 - Epoch: 12 Step: 78/79 | Loss: 0.0119694909080863 | Time:1.4224004745483398
2025-03-15 09:33:45,715 - Epoch: 12 Step: 79/79 | Loss: 0.00015459911082871258 | Time:0.23891139030456543
2025-03-15 09:33:46,590 - Val_Epoch:12.0 Step: 1/32 | Loss: 0.019637105986475945 | Time:0
2025-03-15 09:33:47,606 - Val_Epoch:12.0 Step: 2/32 | Loss: 0.2267736941576004 | Time:0.8753252029418945
2025-03-15 09:33:48,967 - Val_Epoch:12.0 Step: 3/32 | Loss: 0.23681241273880005 | Time:1.0164399147033691
2025-03-15 09:33:49,998 - Val_Epoch:12.0 Step: 4/32 | Loss: 0.1883210986852646 | Time:1.3604743480682373
2025-03-15 09:33:51,014 - Val_Epoch:12.0 Step: 5/32 | Loss: 0.003422349691390991 | Time:1.031031608581543
2025-03-15 09:33:51,968 - Val_Epoch:12.0 Step: 6/32 | Loss: 0.27778053283691406 | Time:1.015763521194458
2025-03-15 09:33:52,984 - Val_Epoch:12.0 Step: 7/32 | Loss: 0.0447743721306324 | Time:0.9541690349578857
2025-03-15 09:33:54,470 - Val_Epoch:12.0 Step: 8/32 | Loss: 0.06954695284366608 | Time:1.0159871578216553
2025-03-15 09:33:55,534 - Val_Epoch:12.0 Step: 9/32 | Loss: 0.030983464792370796 | Time:1.4860596656799316
2025-03-15 09:33:56,582 - Val_Epoch:12.0 Step: 10/32 | Loss: 0.041147924959659576 | Time:1.0640404224395752
2025-03-15 09:33:57,834 - Val_Epoch:12.0 Step: 11/32 | Loss: 0.25863581895828247 | Time:1.048215627670288
2025-03-15 09:33:58,929 - Val_Epoch:12.0 Step: 12/32 | Loss: 0.2471272498369217 | Time:1.2673840522766113
2025-03-15 09:33:59,884 - Val_Epoch:12.0 Step: 13/32 | Loss: 0.10515750199556351 | Time:1.0798673629760742
2025-03-15 09:34:00,932 - Val_Epoch:12.0 Step: 14/32 | Loss: 0.02715960703790188 | Time:0.9547843933105469
2025-03-15 09:34:01,934 - Val_Epoch:12.0 Step: 15/32 | Loss: 0.14305071532726288 | Time:1.048081874847412
2025-03-15 09:34:03,156 - Val_Epoch:12.0 Step: 16/32 | Loss: 0.34948980808258057 | Time:1.0015108585357666
2025-03-15 09:34:04,282 - Val_Epoch:12.0 Step: 17/32 | Loss: 0.11765953153371811 | Time:1.2218208312988281
2025-03-15 09:34:05,424 - Val_Epoch:12.0 Step: 18/32 | Loss: 0.08916200697422028 | Time:1.1260182857513428
2025-03-15 09:34:06,535 - Val_Epoch:12.0 Step: 19/32 | Loss: 0.2135310024023056 | Time:1.142317533493042
2025-03-15 09:34:07,427 - Val_Epoch:12.0 Step: 20/32 | Loss: 0.24268664419651031 | Time:1.1111304759979248
2025-03-15 09:34:08,491 - Val_Epoch:12.0 Step: 21/32 | Loss: 0.04917577654123306 | Time:0.8918278217315674
2025-03-15 09:34:09,478 - Val_Epoch:12.0 Step: 22/32 | Loss: 0.3693206310272217 | Time:1.0642859935760498
2025-03-15 09:34:10,400 - Val_Epoch:12.0 Step: 23/32 | Loss: 0.31023088097572327 | Time:0.9863550662994385
2025-03-15 09:34:11,512 - Val_Epoch:12.0 Step: 24/32 | Loss: 0.3955792486667633 | Time:0.9227426052093506
2025-03-15 09:34:12,575 - Val_Epoch:12.0 Step: 25/32 | Loss: 0.0205135066062212 | Time:1.111407995223999
2025-03-15 09:34:13,764 - Val_Epoch:12.0 Step: 26/32 | Loss: 0.03848034515976906 | Time:1.0631234645843506
2025-03-15 09:34:14,937 - Val_Epoch:12.0 Step: 27/32 | Loss: 0.2608715891838074 | Time:1.1892566680908203
2025-03-15 09:34:15,986 - Val_Epoch:12.0 Step: 28/32 | Loss: 0.28035300970077515 | Time:1.1727583408355713
2025-03-15 09:34:16,831 - Val_Epoch:12.0 Step: 29/32 | Loss: 0.16471736133098602 | Time:1.0489037036895752
2025-03-15 09:34:17,770 - Val_Epoch:12.0 Step: 30/32 | Loss: 0.009409472346305847 | Time:0.8448598384857178
2025-03-15 09:34:18,881 - Val_Epoch:12.0 Step: 31/32 | Loss: 0.3060484826564789 | Time:0.9388988018035889
2025-03-15 09:34:19,085 - Val_Epoch:12.0 Step: 32/32 | Loss: 0.4442107081413269 | Time:1.1111793518066406
2025-03-15 09:34:19,085 - Validation - Accuracy: 0.94994994994995, Precision: 0.9444444444444444, Recall: 0.8793103448275862, F1-Score: 0.9107142857142858
2025-03-15 09:34:19,085 - Saved model as model_epoch_12_acc_0.9499.pt
2025-03-15 09:34:19,085 - 
*** EPOCH: 13 ***

2025-03-15 09:34:20,133 - Epoch: 13 Step: 1/79 | Loss: 0.0001901830401038751 | Time:0.938453197479248
2025-03-15 09:34:21,432 - Epoch: 13 Step: 2/79 | Loss: 0.008237261325120926 | Time:1.346038818359375
2025-03-15 09:34:22,746 - Epoch: 13 Step: 3/79 | Loss: 0.030787654221057892 | Time:1.2981207370758057
2025-03-15 09:34:23,716 - Epoch: 13 Step: 4/79 | Loss: 0.0007905550883151591 | Time:0.9860880374908447
2025-03-15 09:34:24,922 - Epoch: 13 Step: 5/79 | Loss: 0.004607030190527439 | Time:1.1899373531341553
2025-03-15 09:34:26,138 - Epoch: 13 Step: 6/79 | Loss: 0.017928525805473328 | Time:1.224618911743164
2025-03-15 09:34:27,241 - Epoch: 13 Step: 7/79 | Loss: 0.008531253784894943 | Time:1.114478349685669
2025-03-15 09:34:28,461 - Epoch: 13 Step: 8/79 | Loss: 0.0009048113133758307 | Time:1.1995868682861328
2025-03-15 09:34:29,790 - Epoch: 13 Step: 9/79 | Loss: 0.004246574826538563 | Time:1.3549575805664062
2025-03-15 09:34:31,074 - Epoch: 13 Step: 10/79 | Loss: 0.12132033705711365 | Time:1.2740447521209717
2025-03-15 09:34:32,388 - Epoch: 13 Step: 11/79 | Loss: 0.007084985729306936 | Time:1.3141145706176758
2025-03-15 09:34:33,483 - Epoch: 13 Step: 12/79 | Loss: 0.0006218461785465479 | Time:1.0797686576843262
2025-03-15 09:34:35,032 - Epoch: 13 Step: 13/79 | Loss: 0.014811014756560326 | Time:1.5490059852600098
2025-03-15 09:34:36,033 - Epoch: 13 Step: 14/79 | Loss: 0.0018052272498607635 | Time:1.0165741443634033
2025-03-15 09:34:37,305 - Epoch: 13 Step: 15/79 | Loss: 0.00019378543947823346 | Time:1.2715873718261719
2025-03-15 09:34:38,333 - Epoch: 13 Step: 16/79 | Loss: 0.11424849182367325 | Time:1.0378079414367676
2025-03-15 09:34:39,520 - Epoch: 13 Step: 17/79 | Loss: 0.011158520355820656 | Time:1.1772537231445312
2025-03-15 09:34:40,538 - Epoch: 13 Step: 18/79 | Loss: 0.001457707374356687 | Time:1.0184988975524902
2025-03-15 09:34:41,711 - Epoch: 13 Step: 19/79 | Loss: 0.00820560846477747 | Time:1.1722204685211182
2025-03-15 09:34:43,040 - Epoch: 13 Step: 20/79 | Loss: 0.004435120616108179 | Time:1.33815598487854
2025-03-15 09:34:44,402 - Epoch: 13 Step: 21/79 | Loss: 0.004068676382303238 | Time:1.3535165786743164
2025-03-15 09:34:45,606 - Epoch: 13 Step: 22/79 | Loss: 0.002705865539610386 | Time:1.2032132148742676
2025-03-15 09:34:46,794 - Epoch: 13 Step: 23/79 | Loss: 0.007766190450638533 | Time:1.1891374588012695
2025-03-15 09:34:48,076 - Epoch: 13 Step: 24/79 | Loss: 0.00792347639799118 | Time:1.282238483428955
2025-03-15 09:34:49,295 - Epoch: 13 Step: 25/79 | Loss: 0.16226446628570557 | Time:1.2187321186065674
2025-03-15 09:34:50,500 - Epoch: 13 Step: 26/79 | Loss: 0.0005396617925725877 | Time:1.205026388168335
2025-03-15 09:34:51,580 - Epoch: 13 Step: 27/79 | Loss: 0.014709618873894215 | Time:1.0793004035949707
2025-03-15 09:34:52,924 - Epoch: 13 Step: 28/79 | Loss: 0.0005143395974300802 | Time:1.3445749282836914
2025-03-15 09:34:54,036 - Epoch: 13 Step: 29/79 | Loss: 0.001088937628082931 | Time:1.0960676670074463
2025-03-15 09:34:55,146 - Epoch: 13 Step: 30/79 | Loss: 0.013975952751934528 | Time:1.1250998973846436
2025-03-15 09:34:56,696 - Epoch: 13 Step: 31/79 | Loss: 0.0023431770969182253 | Time:1.5339479446411133
2025-03-15 09:34:58,352 - Epoch: 13 Step: 32/79 | Loss: 0.07003773003816605 | Time:1.6729495525360107
2025-03-15 09:34:59,557 - Epoch: 13 Step: 33/79 | Loss: 0.050493672490119934 | Time:1.205003023147583
2025-03-15 09:35:00,825 - Epoch: 13 Step: 34/79 | Loss: 0.0031179822981357574 | Time:1.252577781677246
2025-03-15 09:35:01,732 - Epoch: 13 Step: 35/79 | Loss: 0.001405869028531015 | Time:0.9062721729278564
2025-03-15 09:35:02,905 - Epoch: 13 Step: 36/79 | Loss: 0.0055273971520364285 | Time:1.188504934310913
2025-03-15 09:35:03,952 - Epoch: 13 Step: 37/79 | Loss: 0.0018792729824781418 | Time:1.0477347373962402
2025-03-15 09:35:05,190 - Epoch: 13 Step: 38/79 | Loss: 0.002096791984513402 | Time:1.237774133682251
2025-03-15 09:35:06,690 - Epoch: 13 Step: 39/79 | Loss: 0.017640331760048866 | Time:1.4999098777770996
2025-03-15 09:35:08,099 - Epoch: 13 Step: 40/79 | Loss: 0.013943248428404331 | Time:1.408783197402954
2025-03-15 09:35:09,241 - Epoch: 13 Step: 41/79 | Loss: 0.003706717863678932 | Time:1.141965389251709
2025-03-15 09:35:10,501 - Epoch: 13 Step: 42/79 | Loss: 0.007042241748422384 | Time:1.2524206638336182
2025-03-15 09:35:11,774 - Epoch: 13 Step: 43/79 | Loss: 0.0034078622702509165 | Time:1.280292272567749
2025-03-15 09:35:12,931 - Epoch: 13 Step: 44/79 | Loss: 0.002033364027738571 | Time:1.157456398010254
2025-03-15 09:35:14,088 - Epoch: 13 Step: 45/79 | Loss: 0.0010317263659089804 | Time:1.1569688320159912
2025-03-15 09:35:15,324 - Epoch: 13 Step: 46/79 | Loss: 0.02120840735733509 | Time:1.2354414463043213
2025-03-15 09:35:16,404 - Epoch: 13 Step: 47/79 | Loss: 0.0032084519043564796 | Time:1.0806498527526855
2025-03-15 09:35:17,766 - Epoch: 13 Step: 48/79 | Loss: 0.004888495430350304 | Time:1.3616158962249756
2025-03-15 09:35:19,126 - Epoch: 13 Step: 49/79 | Loss: 0.00988043937832117 | Time:1.3600308895111084
2025-03-15 09:35:20,237 - Epoch: 13 Step: 50/79 | Loss: 0.0022448631934821606 | Time:1.1113665103912354
2025-03-15 09:35:21,301 - Epoch: 13 Step: 51/79 | Loss: 0.0003847612824756652 | Time:1.063887119293213
2025-03-15 09:35:22,866 - Epoch: 13 Step: 52/79 | Loss: 0.044737309217453 | Time:1.5645833015441895
2025-03-15 09:35:23,913 - Epoch: 13 Step: 53/79 | Loss: 0.0005399903748184443 | Time:1.051182508468628
2025-03-15 09:35:25,119 - Epoch: 13 Step: 54/79 | Loss: 0.032152727246284485 | Time:1.2019531726837158
2025-03-15 09:35:26,275 - Epoch: 13 Step: 55/79 | Loss: 0.0046425191685557365 | Time:1.1722030639648438
2025-03-15 09:35:27,426 - Epoch: 13 Step: 56/79 | Loss: 0.08557596802711487 | Time:1.1267027854919434
2025-03-15 09:35:28,779 - Epoch: 13 Step: 57/79 | Loss: 0.008617139421403408 | Time:1.3611047267913818
2025-03-15 09:35:29,906 - Epoch: 13 Step: 58/79 | Loss: 0.0016353068640455604 | Time:1.1275537014007568
2025-03-15 09:35:31,268 - Epoch: 13 Step: 59/79 | Loss: 0.07321211695671082 | Time:1.36187744140625
2025-03-15 09:35:32,598 - Epoch: 13 Step: 60/79 | Loss: 0.00038357239100150764 | Time:1.3296399116516113
2025-03-15 09:35:33,815 - Epoch: 13 Step: 61/79 | Loss: 0.007618541829288006 | Time:1.2176189422607422
2025-03-15 09:35:34,958 - Epoch: 13 Step: 62/79 | Loss: 0.0051630050875246525 | Time:1.1419780254364014
2025-03-15 09:35:35,944 - Epoch: 13 Step: 63/79 | Loss: 0.0004645204753614962 | Time:0.9860987663269043
2025-03-15 09:35:36,977 - Epoch: 13 Step: 64/79 | Loss: 0.0005351096042431891 | Time:1.0327496528625488
2025-03-15 09:35:38,154 - Epoch: 13 Step: 65/79 | Loss: 0.0087392283603549 | Time:1.1744556427001953
2025-03-15 09:35:39,481 - Epoch: 13 Step: 66/79 | Loss: 0.015417579561471939 | Time:1.3306503295898438
2025-03-15 09:35:40,731 - Epoch: 13 Step: 67/79 | Loss: 0.03235688805580139 | Time:1.2500741481781006
2025-03-15 09:35:41,968 - Epoch: 13 Step: 68/79 | Loss: 0.0035664793103933334 | Time:1.2204673290252686
2025-03-15 09:35:43,142 - Epoch: 13 Step: 69/79 | Loss: 0.011885912157595158 | Time:1.189723014831543
2025-03-15 09:35:44,315 - Epoch: 13 Step: 70/79 | Loss: 0.00046771627967245877 | Time:1.1728596687316895
2025-03-15 09:35:45,473 - Epoch: 13 Step: 71/79 | Loss: 0.0002473341301083565 | Time:1.174929141998291
2025-03-15 09:35:46,739 - Epoch: 13 Step: 72/79 | Loss: 0.0006394655792973936 | Time:1.2490782737731934
2025-03-15 09:35:48,101 - Epoch: 13 Step: 73/79 | Loss: 0.021025538444519043 | Time:1.3620331287384033
2025-03-15 09:35:49,413 - Epoch: 13 Step: 74/79 | Loss: 0.09209991246461868 | Time:1.3124744892120361
2025-03-15 09:35:50,728 - Epoch: 13 Step: 75/79 | Loss: 0.028403162956237793 | Time:1.3146553039550781
2025-03-15 09:35:52,052 - Epoch: 13 Step: 76/79 | Loss: 0.09618975222110748 | Time:1.3148367404937744
2025-03-15 09:35:53,263 - Epoch: 13 Step: 77/79 | Loss: 0.0015216679312288761 | Time:1.2199931144714355
2025-03-15 09:35:54,703 - Epoch: 13 Step: 78/79 | Loss: 0.012214915826916695 | Time:1.440037727355957
2025-03-15 09:35:54,891 - Epoch: 13 Step: 79/79 | Loss: 0.00033008394530043006 | Time:0.2349846363067627
2025-03-15 09:35:55,813 - Val_Epoch:13.0 Step: 1/32 | Loss: 0.013636821880936623 | Time:0
2025-03-15 09:35:56,845 - Val_Epoch:13.0 Step: 2/32 | Loss: 0.18857041001319885 | Time:0.9225945472717285
2025-03-15 09:35:58,284 - Val_Epoch:13.0 Step: 3/32 | Loss: 0.2338273674249649 | Time:1.0316076278686523
2025-03-15 09:35:59,347 - Val_Epoch:13.0 Step: 4/32 | Loss: 0.19065134227275848 | Time:1.438643455505371
2025-03-15 09:36:00,364 - Val_Epoch:13.0 Step: 5/32 | Loss: 0.005728678312152624 | Time:1.0632140636444092
2025-03-15 09:36:01,318 - Val_Epoch:13.0 Step: 6/32 | Loss: 0.32961276173591614 | Time:1.0173182487487793
2025-03-15 09:36:02,350 - Val_Epoch:13.0 Step: 7/32 | Loss: 0.05010712891817093 | Time:0.9540410041809082
2025-03-15 09:36:03,837 - Val_Epoch:13.0 Step: 8/32 | Loss: 0.03884933516383171 | Time:1.0317511558532715
2025-03-15 09:36:04,922 - Val_Epoch:13.0 Step: 9/32 | Loss: 0.052716854959726334 | Time:1.5022897720336914
2025-03-15 09:36:05,978 - Val_Epoch:13.0 Step: 10/32 | Loss: 0.028461743146181107 | Time:1.0697455406188965
2025-03-15 09:36:07,262 - Val_Epoch:13.0 Step: 11/32 | Loss: 0.32911208271980286 | Time:1.0562629699707031
2025-03-15 09:36:08,349 - Val_Epoch:13.0 Step: 12/32 | Loss: 0.19374620914459229 | Time:1.2837791442871094
2025-03-15 09:36:09,326 - Val_Epoch:13.0 Step: 13/32 | Loss: 0.1597701460123062 | Time:1.0869169235229492
2025-03-15 09:36:10,378 - Val_Epoch:13.0 Step: 14/32 | Loss: 0.06317060440778732 | Time:0.9774200916290283
2025-03-15 09:36:11,360 - Val_Epoch:13.0 Step: 15/32 | Loss: 0.16349764168262482 | Time:1.0516347885131836
2025-03-15 09:36:12,564 - Val_Epoch:13.0 Step: 16/32 | Loss: 0.31080976128578186 | Time:0.9824628829956055
2025-03-15 09:36:13,707 - Val_Epoch:13.0 Step: 17/32 | Loss: 0.006315117701888084 | Time:1.203829288482666
2025-03-15 09:36:14,849 - Val_Epoch:13.0 Step: 18/32 | Loss: 0.09718994796276093 | Time:1.1425950527191162
2025-03-15 09:36:15,990 - Val_Epoch:13.0 Step: 19/32 | Loss: 0.2246255874633789 | Time:1.1423799991607666
2025-03-15 09:36:16,882 - Val_Epoch:13.0 Step: 20/32 | Loss: 0.25149425864219666 | Time:1.1414058208465576
2025-03-15 09:36:17,962 - Val_Epoch:13.0 Step: 21/32 | Loss: 0.017104217782616615 | Time:0.8917644023895264
2025-03-15 09:36:18,931 - Val_Epoch:13.0 Step: 22/32 | Loss: 0.3232625722885132 | Time:1.0799369812011719
2025-03-15 09:36:19,855 - Val_Epoch:13.0 Step: 23/32 | Loss: 0.14930377900600433 | Time:0.9684333801269531
2025-03-15 09:36:20,966 - Val_Epoch:13.0 Step: 24/32 | Loss: 0.3870730996131897 | Time:0.9241001605987549
2025-03-15 09:36:22,029 - Val_Epoch:13.0 Step: 25/32 | Loss: 0.012277653440833092 | Time:1.1110293865203857
2025-03-15 09:36:23,233 - Val_Epoch:13.0 Step: 26/32 | Loss: 0.05484528839588165 | Time:1.062854290008545
2025-03-15 09:36:24,423 - Val_Epoch:13.0 Step: 27/32 | Loss: 0.20257888734340668 | Time:1.204737901687622
2025-03-15 09:36:25,471 - Val_Epoch:13.0 Step: 28/32 | Loss: 0.28651848435401917 | Time:1.189404010772705
2025-03-15 09:36:26,332 - Val_Epoch:13.0 Step: 29/32 | Loss: 0.19298528134822845 | Time:1.0484850406646729
2025-03-15 09:36:27,270 - Val_Epoch:13.0 Step: 30/32 | Loss: 0.0088815214112401 | Time:0.8606114387512207
2025-03-15 09:36:28,396 - Val_Epoch:13.0 Step: 31/32 | Loss: 0.20134417712688446 | Time:0.9377737045288086
2025-03-15 09:36:28,584 - Val_Epoch:13.0 Step: 32/32 | Loss: 0.480976402759552 | Time:1.125826120376587
2025-03-15 09:36:28,584 - Validation - Accuracy: 0.954954954954955, Precision: 0.9454545454545454, Recall: 0.896551724137931, F1-Score: 0.920353982300885
2025-03-15 09:36:28,584 - Saved model as model_epoch_13_acc_0.9550.pt
2025-03-15 09:36:28,584 - 
*** EPOCH: 14 ***

2025-03-15 09:36:29,851 - Epoch: 14 Step: 1/79 | Loss: 0.0009906738996505737 | Time:1.1731016635894775
2025-03-15 09:36:31,024 - Epoch: 14 Step: 2/79 | Loss: 0.003928593825548887 | Time:1.2054753303527832
2025-03-15 09:36:32,511 - Epoch: 14 Step: 3/79 | Loss: 0.002297185594215989 | Time:1.486236810684204
2025-03-15 09:36:33,590 - Epoch: 14 Step: 4/79 | Loss: 0.0020983247086405754 | Time:1.079406976699829
2025-03-15 09:36:34,794 - Epoch: 14 Step: 5/79 | Loss: 0.0005740571650676429 | Time:1.2037947177886963
2025-03-15 09:36:36,201 - Epoch: 14 Step: 6/79 | Loss: 0.0026124436408281326 | Time:1.4224803447723389
2025-03-15 09:36:37,594 - Epoch: 14 Step: 7/79 | Loss: 0.03830290213227272 | Time:1.3770995140075684
2025-03-15 09:36:38,938 - Epoch: 14 Step: 8/79 | Loss: 0.0025418635923415422 | Time:1.344832181930542
2025-03-15 09:36:40,267 - Epoch: 14 Step: 9/79 | Loss: 0.010572809725999832 | Time:1.344526767730713
2025-03-15 09:36:41,520 - Epoch: 14 Step: 10/79 | Loss: 0.0012078298022970557 | Time:1.2433722019195557
2025-03-15 09:36:42,803 - Epoch: 14 Step: 11/79 | Loss: 0.006046288646757603 | Time:1.2762560844421387
2025-03-15 09:36:44,034 - Epoch: 14 Step: 12/79 | Loss: 0.0011647745268419385 | Time:1.2212927341461182
2025-03-15 09:36:45,306 - Epoch: 14 Step: 13/79 | Loss: 0.001342599862255156 | Time:1.2817096710205078
2025-03-15 09:36:46,578 - Epoch: 14 Step: 14/79 | Loss: 0.02589193359017372 | Time:1.2669103145599365
2025-03-15 09:36:47,856 - Epoch: 14 Step: 15/79 | Loss: 0.04349507391452789 | Time:1.283543586730957
2025-03-15 09:36:48,982 - Epoch: 14 Step: 16/79 | Loss: 0.003171777818351984 | Time:1.140629768371582
2025-03-15 09:36:50,389 - Epoch: 14 Step: 17/79 | Loss: 0.06101719290018082 | Time:1.3928256034851074
2025-03-15 09:36:51,532 - Epoch: 14 Step: 18/79 | Loss: 0.004022297449409962 | Time:1.1422574520111084
2025-03-15 09:36:52,620 - Epoch: 14 Step: 19/79 | Loss: 0.003006928600370884 | Time:1.0795555114746094
2025-03-15 09:36:53,878 - Epoch: 14 Step: 20/79 | Loss: 0.042039189487695694 | Time:1.2511041164398193
2025-03-15 09:36:55,396 - Epoch: 14 Step: 21/79 | Loss: 0.002862935420125723 | Time:1.5176990032196045
2025-03-15 09:36:56,508 - Epoch: 14 Step: 22/79 | Loss: 0.010812697932124138 | Time:1.142899990081787
2025-03-15 09:36:57,617 - Epoch: 14 Step: 23/79 | Loss: 0.0012815592344850302 | Time:1.1048903465270996
2025-03-15 09:36:58,842 - Epoch: 14 Step: 24/79 | Loss: 0.001415432896465063 | Time:1.209653377532959
2025-03-15 09:37:00,451 - Epoch: 14 Step: 25/79 | Loss: 0.0384204164147377 | Time:1.6125900745391846
2025-03-15 09:37:01,576 - Epoch: 14 Step: 26/79 | Loss: 0.00771337142214179 | Time:1.125441074371338
2025-03-15 09:37:02,717 - Epoch: 14 Step: 27/79 | Loss: 0.004758480936288834 | Time:1.141218900680542
2025-03-15 09:37:04,048 - Epoch: 14 Step: 28/79 | Loss: 0.016127213835716248 | Time:1.3307926654815674
2025-03-15 09:37:05,173 - Epoch: 14 Step: 29/79 | Loss: 0.0035775606520473957 | Time:1.125781536102295
2025-03-15 09:37:06,464 - Epoch: 14 Step: 30/79 | Loss: 0.06758424639701843 | Time:1.282071590423584
2025-03-15 09:37:07,880 - Epoch: 14 Step: 31/79 | Loss: 0.023827094584703445 | Time:1.4405219554901123
2025-03-15 09:37:09,186 - Epoch: 14 Step: 32/79 | Loss: 0.002883071778342128 | Time:1.282005786895752
2025-03-15 09:37:10,305 - Epoch: 14 Step: 33/79 | Loss: 0.0012991375988349319 | Time:1.1266684532165527
2025-03-15 09:37:11,431 - Epoch: 14 Step: 34/79 | Loss: 0.0004781601019203663 | Time:1.125941276550293
2025-03-15 09:37:12,761 - Epoch: 14 Step: 35/79 | Loss: 0.005295512266457081 | Time:1.330521583557129
2025-03-15 09:37:13,949 - Epoch: 14 Step: 36/79 | Loss: 0.007575574330985546 | Time:1.1879611015319824
2025-03-15 09:37:15,327 - Epoch: 14 Step: 37/79 | Loss: 0.03302052617073059 | Time:1.3777294158935547
2025-03-15 09:37:16,452 - Epoch: 14 Step: 38/79 | Loss: 0.0018088953802362084 | Time:1.1253108978271484
2025-03-15 09:37:17,700 - Epoch: 14 Step: 39/79 | Loss: 0.0022411542013287544 | Time:1.2361786365509033
2025-03-15 09:37:19,128 - Epoch: 14 Step: 40/79 | Loss: 0.014360505156219006 | Time:1.4393610954284668
2025-03-15 09:37:20,348 - Epoch: 14 Step: 41/79 | Loss: 0.0008360616629943252 | Time:1.2262067794799805
2025-03-15 09:37:21,522 - Epoch: 14 Step: 42/79 | Loss: 0.005211628507822752 | Time:1.1677801609039307
2025-03-15 09:37:22,680 - Epoch: 14 Step: 43/79 | Loss: 0.0005837678909301758 | Time:1.1584351062774658
2025-03-15 09:37:23,979 - Epoch: 14 Step: 44/79 | Loss: 0.012682588770985603 | Time:1.2982187271118164
2025-03-15 09:37:24,979 - Epoch: 14 Step: 45/79 | Loss: 0.00025301845744252205 | Time:1.0010125637054443
2025-03-15 09:37:26,168 - Epoch: 14 Step: 46/79 | Loss: 0.0004683042934630066 | Time:1.1886441707611084
2025-03-15 09:37:27,387 - Epoch: 14 Step: 47/79 | Loss: 0.0006959910970181227 | Time:1.2190024852752686
2025-03-15 09:37:28,450 - Epoch: 14 Step: 48/79 | Loss: 0.007462331093847752 | Time:1.0630052089691162
2025-03-15 09:37:29,576 - Epoch: 14 Step: 49/79 | Loss: 0.000462362717371434 | Time:1.1257638931274414
2025-03-15 09:37:30,780 - Epoch: 14 Step: 50/79 | Loss: 0.05430671200156212 | Time:1.2039952278137207
2025-03-15 09:37:32,062 - Epoch: 14 Step: 51/79 | Loss: 0.04406692087650299 | Time:1.282207727432251
2025-03-15 09:37:33,297 - Epoch: 14 Step: 52/79 | Loss: 0.027171410620212555 | Time:1.2347147464752197
2025-03-15 09:37:34,477 - Epoch: 14 Step: 53/79 | Loss: 0.0005414619809016585 | Time:1.1726231575012207
2025-03-15 09:37:35,876 - Epoch: 14 Step: 54/79 | Loss: 0.010195170529186726 | Time:1.4070348739624023
2025-03-15 09:37:37,034 - Epoch: 14 Step: 55/79 | Loss: 0.005163273308426142 | Time:1.1573736667633057
2025-03-15 09:37:38,253 - Epoch: 14 Step: 56/79 | Loss: 0.000416308845160529 | Time:1.2188692092895508
2025-03-15 09:37:39,582 - Epoch: 14 Step: 57/79 | Loss: 0.0008061424596235156 | Time:1.3423750400543213
2025-03-15 09:37:40,646 - Epoch: 14 Step: 58/79 | Loss: 0.00155724270734936 | Time:1.051483154296875
2025-03-15 09:37:42,055 - Epoch: 14 Step: 59/79 | Loss: 0.0009466036572121084 | Time:1.4083759784698486
2025-03-15 09:37:43,165 - Epoch: 14 Step: 60/79 | Loss: 0.005793951917439699 | Time:1.1101467609405518
2025-03-15 09:37:44,212 - Epoch: 14 Step: 61/79 | Loss: 0.0007334825932048261 | Time:1.0474822521209717
2025-03-15 09:37:45,526 - Epoch: 14 Step: 62/79 | Loss: 0.0007939627976156771 | Time:1.3140735626220703
2025-03-15 09:37:46,543 - Epoch: 14 Step: 63/79 | Loss: 0.0008436188218183815 | Time:1.0167548656463623
2025-03-15 09:37:47,686 - Epoch: 14 Step: 64/79 | Loss: 0.0024418204557150602 | Time:1.1414031982421875
2025-03-15 09:37:48,733 - Epoch: 14 Step: 65/79 | Loss: 0.09415688365697861 | Time:1.0646107196807861
2025-03-15 09:37:49,828 - Epoch: 14 Step: 66/79 | Loss: 0.002679199445992708 | Time:1.0792641639709473
2025-03-15 09:37:51,032 - Epoch: 14 Step: 67/79 | Loss: 0.006332579534500837 | Time:1.2030742168426514
2025-03-15 09:37:52,285 - Epoch: 14 Step: 68/79 | Loss: 0.00036311644362285733 | Time:1.254918098449707
2025-03-15 09:37:53,504 - Epoch: 14 Step: 69/79 | Loss: 0.02295989729464054 | Time:1.2178707122802734
2025-03-15 09:37:54,880 - Epoch: 14 Step: 70/79 | Loss: 0.006174422800540924 | Time:1.375481128692627
2025-03-15 09:37:55,881 - Epoch: 14 Step: 71/79 | Loss: 0.0003867822524625808 | Time:1.0007073879241943
2025-03-15 09:37:57,101 - Epoch: 14 Step: 72/79 | Loss: 0.021630676463246346 | Time:1.2199223041534424
2025-03-15 09:37:58,369 - Epoch: 14 Step: 73/79 | Loss: 0.0010745024774223566 | Time:1.2671868801116943
2025-03-15 09:37:59,557 - Epoch: 14 Step: 74/79 | Loss: 0.000920055725146085 | Time:1.1895129680633545
2025-03-15 09:38:00,809 - Epoch: 14 Step: 75/79 | Loss: 0.04931230843067169 | Time:1.2513883113861084
2025-03-15 09:38:01,935 - Epoch: 14 Step: 76/79 | Loss: 0.0020482244435697794 | Time:1.1247837543487549
2025-03-15 09:38:03,015 - Epoch: 14 Step: 77/79 | Loss: 0.02052440494298935 | Time:1.080904245376587
2025-03-15 09:38:04,014 - Epoch: 14 Step: 78/79 | Loss: 0.004186773207038641 | Time:1.0057246685028076
2025-03-15 09:38:04,327 - Epoch: 14 Step: 79/79 | Loss: 0.002029974712058902 | Time:0.35380005836486816
2025-03-15 09:38:05,204 - Val_Epoch:14.0 Step: 1/32 | Loss: 0.05336740240454674 | Time:0
2025-03-15 09:38:06,236 - Val_Epoch:14.0 Step: 2/32 | Loss: 0.2100169062614441 | Time:0.8768057823181152
2025-03-15 09:38:07,580 - Val_Epoch:14.0 Step: 3/32 | Loss: 0.29747816920280457 | Time:1.0320966243743896
2025-03-15 09:38:08,628 - Val_Epoch:14.0 Step: 4/32 | Loss: 0.23014767467975616 | Time:1.3443410396575928
2025-03-15 09:38:09,613 - Val_Epoch:14.0 Step: 5/32 | Loss: 0.010379105806350708 | Time:1.048086166381836
2025-03-15 09:38:10,568 - Val_Epoch:14.0 Step: 6/32 | Loss: 0.33291587233543396 | Time:0.9847543239593506
2025-03-15 09:38:11,607 - Val_Epoch:14.0 Step: 7/32 | Loss: 0.06377808004617691 | Time:0.9548079967498779
2025-03-15 09:38:13,072 - Val_Epoch:14.0 Step: 8/32 | Loss: 0.04376254230737686 | Time:1.0404818058013916
2025-03-15 09:38:14,135 - Val_Epoch:14.0 Step: 9/32 | Loss: 0.06302060186862946 | Time:1.464958667755127
2025-03-15 09:38:15,198 - Val_Epoch:14.0 Step: 10/32 | Loss: 0.016585081815719604 | Time:1.0612916946411133
2025-03-15 09:38:16,433 - Val_Epoch:14.0 Step: 11/32 | Loss: 0.2942241430282593 | Time:1.0630977153778076
2025-03-15 09:38:17,530 - Val_Epoch:14.0 Step: 12/32 | Loss: 0.2685818374156952 | Time:1.2358534336090088
2025-03-15 09:38:18,515 - Val_Epoch:14.0 Step: 13/32 | Loss: 0.16054250299930573 | Time:1.0961298942565918
2025-03-15 09:38:19,531 - Val_Epoch:14.0 Step: 14/32 | Loss: 0.06446757912635803 | Time:0.9852051734924316
2025-03-15 09:38:20,532 - Val_Epoch:14.0 Step: 15/32 | Loss: 0.20687232911586761 | Time:1.0166492462158203
2025-03-15 09:38:21,737 - Val_Epoch:14.0 Step: 16/32 | Loss: 0.31882962584495544 | Time:1.0008764266967773
2025-03-15 09:38:22,848 - Val_Epoch:14.0 Step: 17/32 | Loss: 0.0025624106638133526 | Time:1.2044904232025146
2025-03-15 09:38:24,006 - Val_Epoch:14.0 Step: 18/32 | Loss: 0.11739157885313034 | Time:1.1115388870239258
2025-03-15 09:38:25,116 - Val_Epoch:14.0 Step: 19/32 | Loss: 0.2322099804878235 | Time:1.1578800678253174
2025-03-15 09:38:26,024 - Val_Epoch:14.0 Step: 20/32 | Loss: 0.27104252576828003 | Time:1.1098065376281738
2025-03-15 09:38:27,103 - Val_Epoch:14.0 Step: 21/32 | Loss: 0.015457387082278728 | Time:0.9079082012176514
2025-03-15 09:38:28,073 - Val_Epoch:14.0 Step: 22/32 | Loss: 0.38295167684555054 | Time:1.079106330871582
2025-03-15 09:38:28,982 - Val_Epoch:14.0 Step: 23/32 | Loss: 0.1521269977092743 | Time:0.9697127342224121
2025-03-15 09:38:30,091 - Val_Epoch:14.0 Step: 24/32 | Loss: 0.4151296317577362 | Time:0.9087722301483154
2025-03-15 09:38:31,155 - Val_Epoch:14.0 Step: 25/32 | Loss: 0.006899419240653515 | Time:1.1097960472106934
2025-03-15 09:38:32,344 - Val_Epoch:14.0 Step: 26/32 | Loss: 0.05431129038333893 | Time:1.0632386207580566
2025-03-15 09:38:33,516 - Val_Epoch:14.0 Step: 27/32 | Loss: 0.2447078675031662 | Time:1.1890685558319092
2025-03-15 09:38:34,566 - Val_Epoch:14.0 Step: 28/32 | Loss: 0.34259623289108276 | Time:1.1734352111816406
2025-03-15 09:38:35,409 - Val_Epoch:14.0 Step: 29/32 | Loss: 0.11762868613004684 | Time:1.0492818355560303
2025-03-15 09:38:36,348 - Val_Epoch:14.0 Step: 30/32 | Loss: 0.006064879707992077 | Time:0.8426752090454102
2025-03-15 09:38:37,459 - Val_Epoch:14.0 Step: 31/32 | Loss: 0.27247098088264465 | Time:0.9385581016540527
2025-03-15 09:38:37,663 - Val_Epoch:14.0 Step: 32/32 | Loss: 0.7131720185279846 | Time:1.1109347343444824
2025-03-15 09:38:37,663 - Validation - Accuracy: 0.94994994994995, Precision: 0.9285714285714286, Recall: 0.896551724137931, F1-Score: 0.912280701754386
2025-03-15 09:38:37,663 - Saved model as model_epoch_14_acc_0.9499.pt
2025-03-15 09:38:37,663 - 
*** EPOCH: 15 ***

2025-03-15 09:38:38,867 - Epoch: 15 Step: 1/79 | Loss: 0.0632016584277153 | Time:1.1101181507110596
2025-03-15 09:38:40,274 - Epoch: 15 Step: 2/79 | Loss: 0.0033017313107848167 | Time:1.4537479877471924
2025-03-15 09:38:41,275 - Epoch: 15 Step: 3/79 | Loss: 0.0005247369990684092 | Time:0.9855494499206543
2025-03-15 09:38:42,620 - Epoch: 15 Step: 4/79 | Loss: 0.00021549839584622532 | Time:1.3449680805206299
2025-03-15 09:38:43,935 - Epoch: 15 Step: 5/79 | Loss: 0.000387538515496999 | Time:1.3144292831420898
2025-03-15 09:38:45,297 - Epoch: 15 Step: 6/79 | Loss: 0.048466067761182785 | Time:1.3689804077148438
2025-03-15 09:38:46,689 - Epoch: 15 Step: 7/79 | Loss: 0.008677909150719643 | Time:1.3697690963745117
2025-03-15 09:38:47,762 - Epoch: 15 Step: 8/79 | Loss: 0.012116250582039356 | Time:1.079106330871582
2025-03-15 09:38:49,050 - Epoch: 15 Step: 9/79 | Loss: 0.03283181041479111 | Time:1.2974343299865723
2025-03-15 09:38:50,583 - Epoch: 15 Step: 10/79 | Loss: 0.0013042010832577944 | Time:1.5332539081573486
2025-03-15 09:38:51,740 - Epoch: 15 Step: 11/79 | Loss: 0.03315630555152893 | Time:1.1572847366333008
2025-03-15 09:38:52,991 - Epoch: 15 Step: 12/79 | Loss: 0.02144303359091282 | Time:1.250509262084961
2025-03-15 09:38:54,197 - Epoch: 15 Step: 13/79 | Loss: 0.0014924391871318221 | Time:1.2060527801513672
2025-03-15 09:38:55,371 - Epoch: 15 Step: 14/79 | Loss: 0.0075886002741754055 | Time:1.1580564975738525
2025-03-15 09:38:56,808 - Epoch: 15 Step: 15/79 | Loss: 0.023905107751488686 | Time:1.4526970386505127
2025-03-15 09:38:57,951 - Epoch: 15 Step: 16/79 | Loss: 0.001424016896635294 | Time:1.1276183128356934
2025-03-15 09:38:59,046 - Epoch: 15 Step: 17/79 | Loss: 0.016217077150940895 | Time:1.1186299324035645
2025-03-15 09:39:00,423 - Epoch: 15 Step: 18/79 | Loss: 0.005526484455913305 | Time:1.3684935569763184
2025-03-15 09:39:01,690 - Epoch: 15 Step: 19/79 | Loss: 0.0030062722507864237 | Time:1.2670979499816895
2025-03-15 09:39:02,988 - Epoch: 15 Step: 20/79 | Loss: 0.0008582443697378039 | Time:1.2980666160583496
2025-03-15 09:39:04,240 - Epoch: 15 Step: 21/79 | Loss: 0.0058898525312542915 | Time:1.2365405559539795
2025-03-15 09:39:05,553 - Epoch: 15 Step: 22/79 | Loss: 0.0005458572995848954 | Time:1.329256534576416
2025-03-15 09:39:06,664 - Epoch: 15 Step: 23/79 | Loss: 0.00011732526763807982 | Time:1.0951497554779053
2025-03-15 09:39:07,656 - Epoch: 15 Step: 24/79 | Loss: 0.00011486233415780589 | Time:1.00193452835083
2025-03-15 09:39:08,807 - Epoch: 15 Step: 25/79 | Loss: 0.0001956711057573557 | Time:1.1567673683166504
2025-03-15 09:39:09,982 - Epoch: 15 Step: 26/79 | Loss: 0.003038490656763315 | Time:1.1747703552246094
2025-03-15 09:39:11,029 - Epoch: 15 Step: 27/79 | Loss: 0.002271701116114855 | Time:1.0475313663482666
2025-03-15 09:39:12,172 - Epoch: 15 Step: 28/79 | Loss: 0.001571549684740603 | Time:1.1421480178833008
2025-03-15 09:39:13,345 - Epoch: 15 Step: 29/79 | Loss: 0.00015490483201574534 | Time:1.1728401184082031
2025-03-15 09:39:14,564 - Epoch: 15 Step: 30/79 | Loss: 0.0009281875099986792 | Time:1.2198684215545654
2025-03-15 09:39:15,597 - Epoch: 15 Step: 31/79 | Loss: 0.00015276842168532312 | Time:1.032735824584961
2025-03-15 09:39:16,769 - Epoch: 15 Step: 32/79 | Loss: 0.003295046743005514 | Time:1.172257423400879
2025-03-15 09:39:18,163 - Epoch: 15 Step: 33/79 | Loss: 0.004195543937385082 | Time:1.393141508102417
2025-03-15 09:39:19,305 - Epoch: 15 Step: 34/79 | Loss: 0.0003587846294976771 | Time:1.142073631286621
2025-03-15 09:39:20,431 - Epoch: 15 Step: 35/79 | Loss: 0.009400280192494392 | Time:1.1356310844421387
2025-03-15 09:39:22,059 - Epoch: 15 Step: 36/79 | Loss: 0.019375212490558624 | Time:1.618265151977539
2025-03-15 09:39:23,512 - Epoch: 15 Step: 37/79 | Loss: 0.02502475678920746 | Time:1.4538249969482422
2025-03-15 09:39:24,889 - Epoch: 15 Step: 38/79 | Loss: 0.0040601082146167755 | Time:1.3762884140014648
2025-03-15 09:39:26,171 - Epoch: 15 Step: 39/79 | Loss: 0.012141100130975246 | Time:1.282789945602417
2025-03-15 09:39:27,361 - Epoch: 15 Step: 40/79 | Loss: 0.023219134658575058 | Time:1.1890594959259033
2025-03-15 09:39:28,580 - Epoch: 15 Step: 41/79 | Loss: 0.00226771691814065 | Time:1.219351053237915
2025-03-15 09:39:29,831 - Epoch: 15 Step: 42/79 | Loss: 0.00018193184223491699 | Time:1.2509024143218994
2025-03-15 09:39:31,098 - Epoch: 15 Step: 43/79 | Loss: 0.0001519687648396939 | Time:1.2668688297271729
2025-03-15 09:39:32,270 - Epoch: 15 Step: 44/79 | Loss: 0.00022475994774140418 | Time:1.172847032546997
2025-03-15 09:39:33,491 - Epoch: 15 Step: 45/79 | Loss: 0.010078762657940388 | Time:1.2206413745880127
2025-03-15 09:39:34,664 - Epoch: 15 Step: 46/79 | Loss: 0.00046487338840961456 | Time:1.173363447189331
2025-03-15 09:39:35,901 - Epoch: 15 Step: 47/79 | Loss: 0.011920773424208164 | Time:1.2361319065093994
2025-03-15 09:39:36,970 - Epoch: 15 Step: 48/79 | Loss: 0.00032761594047769904 | Time:1.0685663223266602
2025-03-15 09:39:38,425 - Epoch: 15 Step: 49/79 | Loss: 0.014952805824577808 | Time:1.4556517601013184
2025-03-15 09:39:39,722 - Epoch: 15 Step: 50/79 | Loss: 0.00015908345812931657 | Time:1.2811617851257324
2025-03-15 09:39:40,864 - Epoch: 15 Step: 51/79 | Loss: 0.0006271261954680085 | Time:1.158067226409912
2025-03-15 09:39:41,974 - Epoch: 15 Step: 52/79 | Loss: 0.0002191346575273201 | Time:1.1097192764282227
2025-03-15 09:39:43,211 - Epoch: 15 Step: 53/79 | Loss: 0.024943387135863304 | Time:1.2492132186889648
2025-03-15 09:39:44,289 - Epoch: 15 Step: 54/79 | Loss: 0.00028142950031906366 | Time:1.0506293773651123
2025-03-15 09:39:45,672 - Epoch: 15 Step: 55/79 | Loss: 0.03795085847377777 | Time:1.393362045288086
2025-03-15 09:39:46,819 - Epoch: 15 Step: 56/79 | Loss: 0.09047798067331314 | Time:1.1423699855804443
2025-03-15 09:39:48,185 - Epoch: 15 Step: 57/79 | Loss: 0.029817041009664536 | Time:1.376089334487915
2025-03-15 09:39:49,201 - Epoch: 15 Step: 58/79 | Loss: 0.0012285088887438178 | Time:1.015758991241455
2025-03-15 09:39:50,548 - Epoch: 15 Step: 59/79 | Loss: 0.006053775083273649 | Time:1.3466455936431885
2025-03-15 09:39:51,799 - Epoch: 15 Step: 60/79 | Loss: 0.0025160436052829027 | Time:1.2365660667419434
2025-03-15 09:39:53,253 - Epoch: 15 Step: 61/79 | Loss: 0.017635991796851158 | Time:1.4687626361846924
2025-03-15 09:39:54,473 - Epoch: 15 Step: 62/79 | Loss: 0.003740503452718258 | Time:1.2191579341888428
2025-03-15 09:39:55,740 - Epoch: 15 Step: 63/79 | Loss: 8.152009104378521e-05 | Time:1.267409086227417
2025-03-15 09:39:56,943 - Epoch: 15 Step: 64/79 | Loss: 0.04893386363983154 | Time:1.2028942108154297
2025-03-15 09:39:58,164 - Epoch: 15 Step: 65/79 | Loss: 0.01712040789425373 | Time:1.2059285640716553
2025-03-15 09:39:59,197 - Epoch: 15 Step: 66/79 | Loss: 0.00018312026804778725 | Time:1.0482873916625977
2025-03-15 09:40:00,462 - Epoch: 15 Step: 67/79 | Loss: 0.000695954542607069 | Time:1.2509181499481201
2025-03-15 09:40:01,526 - Epoch: 15 Step: 68/79 | Loss: 0.00022572182933799922 | Time:1.0776166915893555
2025-03-15 09:40:02,793 - Epoch: 15 Step: 69/79 | Loss: 0.002613059477880597 | Time:1.2516944408416748
2025-03-15 09:40:03,716 - Epoch: 15 Step: 70/79 | Loss: 0.0002647472429089248 | Time:0.9387304782867432
2025-03-15 09:40:04,935 - Epoch: 15 Step: 71/79 | Loss: 0.000530349905602634 | Time:1.2195122241973877
2025-03-15 09:40:06,188 - Epoch: 15 Step: 72/79 | Loss: 0.000688033236656338 | Time:1.2521398067474365
2025-03-15 09:40:07,188 - Epoch: 15 Step: 73/79 | Loss: 0.002018218394368887 | Time:1.005500316619873
2025-03-15 09:40:08,361 - Epoch: 15 Step: 74/79 | Loss: 0.0018836582312360406 | Time:1.1683135032653809
2025-03-15 09:40:09,577 - Epoch: 15 Step: 75/79 | Loss: 0.00032110000029206276 | Time:1.205411672592163
2025-03-15 09:40:10,723 - Epoch: 15 Step: 76/79 | Loss: 0.0002065237786155194 | Time:1.1411137580871582
2025-03-15 09:40:12,155 - Epoch: 15 Step: 77/79 | Loss: 0.008637111634016037 | Time:1.4388389587402344
2025-03-15 09:40:13,289 - Epoch: 15 Step: 78/79 | Loss: 0.006705861538648605 | Time:1.1423230171203613
2025-03-15 09:40:13,570 - Epoch: 15 Step: 79/79 | Loss: 0.00014453206676989794 | Time:0.3280634880065918
2025-03-15 09:40:14,445 - Val_Epoch:15.0 Step: 1/32 | Loss: 0.047409817576408386 | Time:0
2025-03-15 09:40:15,477 - Val_Epoch:15.0 Step: 2/32 | Loss: 0.21817375719547272 | Time:0.8750495910644531
2025-03-15 09:40:16,839 - Val_Epoch:15.0 Step: 3/32 | Loss: 0.3137989938259125 | Time:1.0320076942443848
2025-03-15 09:40:17,888 - Val_Epoch:15.0 Step: 4/32 | Loss: 0.24424739181995392 | Time:1.361889123916626
2025-03-15 09:40:18,919 - Val_Epoch:15.0 Step: 5/32 | Loss: 0.012706969864666462 | Time:1.04887056350708
2025-03-15 09:40:19,857 - Val_Epoch:15.0 Step: 6/32 | Loss: 0.3561992943286896 | Time:1.0311145782470703
2025-03-15 09:40:20,874 - Val_Epoch:15.0 Step: 7/32 | Loss: 0.06793654710054398 | Time:0.9382014274597168
2025-03-15 09:40:22,361 - Val_Epoch:15.0 Step: 8/32 | Loss: 0.03587138280272484 | Time:1.0322062969207764
2025-03-15 09:40:23,440 - Val_Epoch:15.0 Step: 9/32 | Loss: 0.06501872837543488 | Time:1.471301794052124
2025-03-15 09:40:24,489 - Val_Epoch:15.0 Step: 10/32 | Loss: 0.012041391804814339 | Time:1.0793778896331787
2025-03-15 09:40:25,740 - Val_Epoch:15.0 Step: 11/32 | Loss: 0.34208643436431885 | Time:1.0485024452209473
2025-03-15 09:40:26,804 - Val_Epoch:15.0 Step: 12/32 | Loss: 0.25401946902275085 | Time:1.2508962154388428
2025-03-15 09:40:27,806 - Val_Epoch:15.0 Step: 13/32 | Loss: 0.1938297599554062 | Time:1.0641534328460693
2025-03-15 09:40:28,842 - Val_Epoch:15.0 Step: 14/32 | Loss: 0.06957391649484634 | Time:1.0018434524536133
2025-03-15 09:40:29,828 - Val_Epoch:15.0 Step: 15/32 | Loss: 0.2212635725736618 | Time:1.0365915298461914
2025-03-15 09:40:31,048 - Val_Epoch:15.0 Step: 16/32 | Loss: 0.2855435609817505 | Time:0.9855237007141113
2025-03-15 09:40:32,190 - Val_Epoch:15.0 Step: 17/32 | Loss: 0.002043511252850294 | Time:1.2202060222625732
2025-03-15 09:40:33,332 - Val_Epoch:15.0 Step: 18/32 | Loss: 0.12137507647275925 | Time:1.1417722702026367
2025-03-15 09:40:34,460 - Val_Epoch:15.0 Step: 19/32 | Loss: 0.2329418957233429 | Time:1.142421007156372
2025-03-15 09:40:35,351 - Val_Epoch:15.0 Step: 20/32 | Loss: 0.2709062695503235 | Time:1.1275451183319092
2025-03-15 09:40:36,430 - Val_Epoch:15.0 Step: 21/32 | Loss: 0.01719631440937519 | Time:0.8911747932434082
2025-03-15 09:40:37,417 - Val_Epoch:15.0 Step: 22/32 | Loss: 0.45104536414146423 | Time:1.0799641609191895
2025-03-15 09:40:38,340 - Val_Epoch:15.0 Step: 23/32 | Loss: 0.15446119010448456 | Time:0.9861669540405273
2025-03-15 09:40:39,470 - Val_Epoch:15.0 Step: 24/32 | Loss: 0.42142778635025024 | Time:0.9383246898651123
2025-03-15 09:40:40,528 - Val_Epoch:15.0 Step: 25/32 | Loss: 0.006801753304898739 | Time:1.1154792308807373
2025-03-15 09:40:41,733 - Val_Epoch:15.0 Step: 26/32 | Loss: 0.08182983845472336 | Time:1.0576484203338623
2025-03-15 09:40:42,922 - Val_Epoch:15.0 Step: 27/32 | Loss: 0.23663517832756042 | Time:1.2047488689422607
2025-03-15 09:40:43,955 - Val_Epoch:15.0 Step: 28/32 | Loss: 0.334097295999527 | Time:1.1889255046844482
2025-03-15 09:40:44,830 - Val_Epoch:15.0 Step: 29/32 | Loss: 0.13566260039806366 | Time:1.033381700515747
2025-03-15 09:40:45,802 - Val_Epoch:15.0 Step: 30/32 | Loss: 0.0068567353300750256 | Time:0.8748114109039307
2025-03-15 09:40:46,927 - Val_Epoch:15.0 Step: 31/32 | Loss: 0.28351959586143494 | Time:0.971311092376709
2025-03-15 09:40:47,115 - Val_Epoch:15.0 Step: 32/32 | Loss: 0.7157968282699585 | Time:1.1259000301361084
2025-03-15 09:40:47,115 - Validation - Accuracy: 0.948948948948949, Precision: 0.9222614840989399, Recall: 0.9, F1-Score: 0.9109947643979058
2025-03-15 09:40:47,115 - Saved model as model_epoch_15_acc_0.9489.pt
2025-03-15 09:40:47,115 - 
*** EPOCH: 16 ***

2025-03-15 09:40:48,414 - Epoch: 16 Step: 1/79 | Loss: 0.0010366427013650537 | Time:1.1742486953735352
2025-03-15 09:40:49,705 - Epoch: 16 Step: 2/79 | Loss: 0.005537817720323801 | Time:1.3457839488983154
2025-03-15 09:40:50,886 - Epoch: 16 Step: 3/79 | Loss: 0.0011459450470283628 | Time:1.1888132095336914
2025-03-15 09:40:52,153 - Epoch: 16 Step: 4/79 | Loss: 0.0006153530557639897 | Time:1.266688585281372
2025-03-15 09:40:53,468 - Epoch: 16 Step: 5/79 | Loss: 0.03442428633570671 | Time:1.314310073852539
2025-03-15 09:40:54,672 - Epoch: 16 Step: 6/79 | Loss: 0.002557243686169386 | Time:1.1979079246520996
2025-03-15 09:40:55,674 - Epoch: 16 Step: 7/79 | Loss: 0.00015428957703989 | Time:1.0093140602111816
2025-03-15 09:40:56,885 - Epoch: 16 Step: 8/79 | Loss: 0.00991799309849739 | Time:1.2035911083221436
2025-03-15 09:40:58,131 - Epoch: 16 Step: 9/79 | Loss: 0.05291607230901718 | Time:1.25242018699646
2025-03-15 09:40:59,350 - Epoch: 16 Step: 10/79 | Loss: 0.0035447923000901937 | Time:1.2196040153503418
2025-03-15 09:41:00,696 - Epoch: 16 Step: 11/79 | Loss: 0.00013738093548454344 | Time:1.3458404541015625
2025-03-15 09:41:01,915 - Epoch: 16 Step: 12/79 | Loss: 0.006321361288428307 | Time:1.2192656993865967
2025-03-15 09:41:03,218 - Epoch: 16 Step: 13/79 | Loss: 0.006036965176463127 | Time:1.3073909282684326
2025-03-15 09:41:04,498 - Epoch: 16 Step: 14/79 | Loss: 0.034564316272735596 | Time:1.258727788925171
2025-03-15 09:41:05,826 - Epoch: 16 Step: 15/79 | Loss: 0.007539953570812941 | Time:1.338399887084961
2025-03-15 09:41:06,873 - Epoch: 16 Step: 16/79 | Loss: 0.0002635579148773104 | Time:1.053532600402832
2025-03-15 09:41:07,999 - Epoch: 16 Step: 17/79 | Loss: 0.0015685285907238722 | Time:1.1254222393035889
2025-03-15 09:41:08,906 - Epoch: 16 Step: 18/79 | Loss: 0.0010772289242595434 | Time:0.9076309204101562
2025-03-15 09:41:10,176 - Epoch: 16 Step: 19/79 | Loss: 0.00610748678445816 | Time:1.2517952919006348
2025-03-15 09:41:11,082 - Epoch: 16 Step: 20/79 | Loss: 7.641545380465686e-05 | Time:0.9078290462493896
2025-03-15 09:41:12,130 - Epoch: 16 Step: 21/79 | Loss: 0.0007081881049089134 | Time:1.048598289489746
2025-03-15 09:41:13,507 - Epoch: 16 Step: 22/79 | Loss: 0.001953248865902424 | Time:1.392249345779419
2025-03-15 09:41:14,633 - Epoch: 16 Step: 23/79 | Loss: 0.00022594924666918814 | Time:1.126025676727295
2025-03-15 09:41:16,104 - Epoch: 16 Step: 24/79 | Loss: 0.002034848788753152 | Time:1.4710490703582764
2025-03-15 09:41:17,230 - Epoch: 16 Step: 25/79 | Loss: 0.008240213617682457 | Time:1.126129150390625
2025-03-15 09:41:18,559 - Epoch: 16 Step: 26/79 | Loss: 0.015651913359761238 | Time:1.3294882774353027
2025-03-15 09:41:19,856 - Epoch: 16 Step: 27/79 | Loss: 0.04050571471452713 | Time:1.2966182231903076
2025-03-15 09:41:20,983 - Epoch: 16 Step: 28/79 | Loss: 0.009724408388137817 | Time:1.1296770572662354
2025-03-15 09:41:22,172 - Epoch: 16 Step: 29/79 | Loss: 0.00302889384329319 | Time:1.1864619255065918
2025-03-15 09:41:23,236 - Epoch: 16 Step: 30/79 | Loss: 0.012131423689424992 | Time:1.063528299331665
2025-03-15 09:41:24,425 - Epoch: 16 Step: 31/79 | Loss: 0.00022542006627190858 | Time:1.1882641315460205
2025-03-15 09:41:25,551 - Epoch: 16 Step: 32/79 | Loss: 0.0004137897049076855 | Time:1.1264798641204834
2025-03-15 09:41:27,052 - Epoch: 16 Step: 33/79 | Loss: 0.0010969745926558971 | Time:1.5015621185302734
2025-03-15 09:41:28,116 - Epoch: 16 Step: 34/79 | Loss: 0.00038259621942415833 | Time:1.0636649131774902
2025-03-15 09:41:29,305 - Epoch: 16 Step: 35/79 | Loss: 0.00020197087724227458 | Time:1.1893501281738281
2025-03-15 09:41:30,385 - Epoch: 16 Step: 36/79 | Loss: 0.00036680264747701585 | Time:1.0798425674438477
2025-03-15 09:41:31,669 - Epoch: 16 Step: 37/79 | Loss: 0.005845795385539532 | Time:1.283764362335205
2025-03-15 09:41:33,013 - Epoch: 16 Step: 38/79 | Loss: 0.03301062434911728 | Time:1.32816481590271
2025-03-15 09:41:34,295 - Epoch: 16 Step: 39/79 | Loss: 0.0010721064172685146 | Time:1.2828385829925537
2025-03-15 09:41:35,751 - Epoch: 16 Step: 40/79 | Loss: 0.000384925544494763 | Time:1.4554119110107422
2025-03-15 09:41:36,751 - Epoch: 16 Step: 41/79 | Loss: 0.00027482403675094247 | Time:1.016233205795288
2025-03-15 09:41:38,175 - Epoch: 16 Step: 42/79 | Loss: 0.015203217975795269 | Time:1.4241604804992676
2025-03-15 09:41:39,272 - Epoch: 16 Step: 43/79 | Loss: 0.00017226366617251188 | Time:1.0963337421417236
2025-03-15 09:41:40,467 - Epoch: 16 Step: 44/79 | Loss: 0.000253998237894848 | Time:1.1891837120056152
2025-03-15 09:41:41,759 - Epoch: 16 Step: 45/79 | Loss: 0.000623729545623064 | Time:1.2976114749908447
2025-03-15 09:41:43,276 - Epoch: 16 Step: 46/79 | Loss: 0.19572465121746063 | Time:1.5016932487487793
2025-03-15 09:41:44,638 - Epoch: 16 Step: 47/79 | Loss: 0.00041358353337273 | Time:1.3773369789123535
2025-03-15 09:41:45,763 - Epoch: 16 Step: 48/79 | Loss: 0.0005363141535781324 | Time:1.125432014465332
2025-03-15 09:41:46,843 - Epoch: 16 Step: 49/79 | Loss: 0.00023827888071537018 | Time:1.0795257091522217
2025-03-15 09:41:47,907 - Epoch: 16 Step: 50/79 | Loss: 0.014768524095416069 | Time:1.0647695064544678
2025-03-15 09:41:49,283 - Epoch: 16 Step: 51/79 | Loss: 0.0005292127607390285 | Time:1.3759710788726807
2025-03-15 09:41:50,660 - Epoch: 16 Step: 52/79 | Loss: 0.0033625022042542696 | Time:1.3763725757598877
2025-03-15 09:41:51,691 - Epoch: 16 Step: 53/79 | Loss: 0.000782556424383074 | Time:1.0316362380981445
2025-03-15 09:41:52,818 - Epoch: 16 Step: 54/79 | Loss: 0.0002008660085266456 | Time:1.126340389251709
2025-03-15 09:41:53,959 - Epoch: 16 Step: 55/79 | Loss: 0.0002535654348321259 | Time:1.1409497261047363
2025-03-15 09:41:54,992 - Epoch: 16 Step: 56/79 | Loss: 0.00034960900666192174 | Time:1.0324957370758057
2025-03-15 09:41:56,351 - Epoch: 16 Step: 57/79 | Loss: 0.014662113972008228 | Time:1.3597943782806396
2025-03-15 09:41:57,539 - Epoch: 16 Step: 58/79 | Loss: 0.005608644336462021 | Time:1.187955617904663
2025-03-15 09:41:58,759 - Epoch: 16 Step: 59/79 | Loss: 0.00032039108918979764 | Time:1.220010757446289
2025-03-15 09:42:00,213 - Epoch: 16 Step: 60/79 | Loss: 0.0010513979941606522 | Time:1.4538452625274658
2025-03-15 09:42:01,402 - Epoch: 16 Step: 61/79 | Loss: 0.002995335729792714 | Time:1.1887657642364502
2025-03-15 09:42:02,699 - Epoch: 16 Step: 62/79 | Loss: 0.0075638131238520145 | Time:1.297818899154663
2025-03-15 09:42:03,965 - Epoch: 16 Step: 63/79 | Loss: 0.0029153870418667793 | Time:1.2655153274536133
2025-03-15 09:42:05,262 - Epoch: 16 Step: 64/79 | Loss: 0.09332893043756485 | Time:1.2971596717834473
2025-03-15 09:42:06,544 - Epoch: 16 Step: 65/79 | Loss: 0.00355850113555789 | Time:1.2821121215820312
2025-03-15 09:42:07,575 - Epoch: 16 Step: 66/79 | Loss: 0.0008064081775955856 | Time:1.0311088562011719
2025-03-15 09:42:08,903 - Epoch: 16 Step: 67/79 | Loss: 0.0004219113616272807 | Time:1.3279213905334473
2025-03-15 09:42:09,919 - Epoch: 16 Step: 68/79 | Loss: 0.00054574926616624 | Time:1.0155303478240967
2025-03-15 09:42:11,091 - Epoch: 16 Step: 69/79 | Loss: 0.022841814905405045 | Time:1.1721687316894531
2025-03-15 09:42:12,122 - Epoch: 16 Step: 70/79 | Loss: 0.0002679597819224 | Time:1.0159461498260498
2025-03-15 09:42:13,373 - Epoch: 16 Step: 71/79 | Loss: 0.0012547026854008436 | Time:1.2755441665649414
2025-03-15 09:42:14,920 - Epoch: 16 Step: 72/79 | Loss: 0.01195596531033516 | Time:1.5374550819396973
2025-03-15 09:42:15,984 - Epoch: 16 Step: 73/79 | Loss: 0.0008288573008030653 | Time:1.0632450580596924
2025-03-15 09:42:17,249 - Epoch: 16 Step: 74/79 | Loss: 0.002369380323216319 | Time:1.2661106586456299
2025-03-15 09:42:18,391 - Epoch: 16 Step: 75/79 | Loss: 0.004967876709997654 | Time:1.1416192054748535
2025-03-15 09:42:19,423 - Epoch: 16 Step: 76/79 | Loss: 0.0016576170455664396 | Time:1.0316929817199707
2025-03-15 09:42:20,705 - Epoch: 16 Step: 77/79 | Loss: 0.0013254348887130618 | Time:1.2820968627929688
2025-03-15 09:42:22,003 - Epoch: 16 Step: 78/79 | Loss: 0.02382238581776619 | Time:1.2974436283111572
2025-03-15 09:42:22,206 - Epoch: 16 Step: 79/79 | Loss: 3.0575552955269814e-05 | Time:0.2504463195800781
2025-03-15 09:42:23,081 - Val_Epoch:16.0 Step: 1/32 | Loss: 0.02468658797442913 | Time:0
2025-03-15 09:42:24,113 - Val_Epoch:16.0 Step: 2/32 | Loss: 0.19947637617588043 | Time:0.875802755355835
2025-03-15 09:42:25,457 - Val_Epoch:16.0 Step: 3/32 | Loss: 0.353255957365036 | Time:1.031534194946289
2025-03-15 09:42:26,520 - Val_Epoch:16.0 Step: 4/32 | Loss: 0.2334395945072174 | Time:1.3440985679626465
2025-03-15 09:42:27,521 - Val_Epoch:16.0 Step: 5/32 | Loss: 0.006651400588452816 | Time:1.0630536079406738
2025-03-15 09:42:28,474 - Val_Epoch:16.0 Step: 6/32 | Loss: 0.37975218892097473 | Time:1.0004851818084717
2025-03-15 09:42:29,505 - Val_Epoch:16.0 Step: 7/32 | Loss: 0.09665610641241074 | Time:0.9533567428588867
2025-03-15 09:42:30,975 - Val_Epoch:16.0 Step: 8/32 | Loss: 0.08235077559947968 | Time:1.031172275543213
2025-03-15 09:42:32,054 - Val_Epoch:16.0 Step: 9/32 | Loss: 0.10037191212177277 | Time:1.469425916671753
2025-03-15 09:42:33,101 - Val_Epoch:16.0 Step: 10/32 | Loss: 0.005197608377784491 | Time:1.0793933868408203
2025-03-15 09:42:34,351 - Val_Epoch:16.0 Step: 11/32 | Loss: 0.27858200669288635 | Time:1.046912670135498
2025-03-15 09:42:35,446 - Val_Epoch:16.0 Step: 12/32 | Loss: 0.15333175659179688 | Time:1.2498226165771484
2025-03-15 09:42:36,430 - Val_Epoch:16.0 Step: 13/32 | Loss: 0.23646226525306702 | Time:1.0950853824615479
2025-03-15 09:42:37,463 - Val_Epoch:16.0 Step: 14/32 | Loss: 0.02120472863316536 | Time:0.9847407341003418
2025-03-15 09:42:38,454 - Val_Epoch:16.0 Step: 15/32 | Loss: 0.19229312241077423 | Time:1.0321931838989258
2025-03-15 09:42:39,673 - Val_Epoch:16.0 Step: 16/32 | Loss: 0.28580325841903687 | Time:0.9913170337677002
2025-03-15 09:42:40,799 - Val_Epoch:16.0 Step: 17/32 | Loss: 0.00497802346944809 | Time:1.2192285060882568
2025-03-15 09:42:42,020 - Val_Epoch:16.0 Step: 18/32 | Loss: 0.16200941801071167 | Time:1.1253445148468018
2025-03-15 09:42:43,145 - Val_Epoch:16.0 Step: 19/32 | Loss: 0.23561185598373413 | Time:1.221010446548462
2025-03-15 09:42:44,037 - Val_Epoch:16.0 Step: 20/32 | Loss: 0.2693985104560852 | Time:1.1257305145263672
2025-03-15 09:42:45,117 - Val_Epoch:16.0 Step: 21/32 | Loss: 0.025079891085624695 | Time:0.8920390605926514
2025-03-15 09:42:46,119 - Val_Epoch:16.0 Step: 22/32 | Loss: 0.5106150507926941 | Time:1.0796475410461426
2025-03-15 09:42:47,051 - Val_Epoch:16.0 Step: 23/32 | Loss: 0.2318577915430069 | Time:1.0016074180603027
2025-03-15 09:42:48,168 - Val_Epoch:16.0 Step: 24/32 | Loss: 0.4875607192516327 | Time:0.9338877201080322
2025-03-15 09:42:49,215 - Val_Epoch:16.0 Step: 25/32 | Loss: 0.007354228291660547 | Time:1.1150388717651367
2025-03-15 09:42:50,403 - Val_Epoch:16.0 Step: 26/32 | Loss: 0.07682523876428604 | Time:1.0477583408355713
2025-03-15 09:42:51,622 - Val_Epoch:16.0 Step: 27/32 | Loss: 0.20167556405067444 | Time:1.187899112701416
2025-03-15 09:42:52,673 - Val_Epoch:16.0 Step: 28/32 | Loss: 0.38463708758354187 | Time:1.2198481559753418
2025-03-15 09:42:53,533 - Val_Epoch:16.0 Step: 29/32 | Loss: 0.10374269634485245 | Time:1.0499622821807861
2025-03-15 09:42:54,487 - Val_Epoch:16.0 Step: 30/32 | Loss: 0.014126859605312347 | Time:0.8600528240203857
2025-03-15 09:42:55,598 - Val_Epoch:16.0 Step: 31/32 | Loss: 0.3381024897098541 | Time:0.9539322853088379
2025-03-15 09:42:55,801 - Val_Epoch:16.0 Step: 32/32 | Loss: 0.48630568385124207 | Time:1.110614538192749
2025-03-15 09:42:55,801 - Validation - Accuracy: 0.9519519519519519, Precision: 0.9384057971014492, Recall: 0.8931034482758621, F1-Score: 0.9151943462897526
2025-03-15 09:42:55,801 - Saved model as model_epoch_16_acc_0.9520.pt
2025-03-15 09:42:55,801 - 
*** EPOCH: 17 ***

2025-03-15 09:42:56,974 - Epoch: 17 Step: 1/79 | Loss: 0.0004075735341757536 | Time:1.09452223777771
2025-03-15 09:42:58,289 - Epoch: 17 Step: 2/79 | Loss: 0.0012658059131354094 | Time:1.3377959728240967
2025-03-15 09:42:59,525 - Epoch: 17 Step: 3/79 | Loss: 0.0012206437531858683 | Time:1.2286481857299805
2025-03-15 09:43:00,683 - Epoch: 17 Step: 4/79 | Loss: 0.0780520811676979 | Time:1.1581838130950928
2025-03-15 09:43:01,872 - Epoch: 17 Step: 5/79 | Loss: 0.00023020275693852454 | Time:1.1933984756469727
2025-03-15 09:43:03,202 - Epoch: 17 Step: 6/79 | Loss: 0.0026659320574253798 | Time:1.32547926902771
2025-03-15 09:43:04,171 - Epoch: 17 Step: 7/79 | Loss: 0.00015471712686121464 | Time:0.9694714546203613
2025-03-15 09:43:05,359 - Epoch: 17 Step: 8/79 | Loss: 0.00015879432612564415 | Time:1.1882050037384033
2025-03-15 09:43:06,564 - Epoch: 17 Step: 9/79 | Loss: 0.0008113572257570922 | Time:1.204770565032959
2025-03-15 09:43:07,956 - Epoch: 17 Step: 10/79 | Loss: 0.02849552035331726 | Time:1.3768882751464844
2025-03-15 09:43:09,161 - Epoch: 17 Step: 11/79 | Loss: 0.002364536514505744 | Time:1.2203447818756104
2025-03-15 09:43:10,210 - Epoch: 17 Step: 12/79 | Loss: 0.02745051309466362 | Time:1.0333726406097412
2025-03-15 09:43:11,180 - Epoch: 17 Step: 13/79 | Loss: 0.005644947290420532 | Time:0.9855825901031494
2025-03-15 09:43:12,369 - Epoch: 17 Step: 14/79 | Loss: 0.014317117631435394 | Time:1.1885466575622559
2025-03-15 09:43:13,447 - Epoch: 17 Step: 15/79 | Loss: 0.0008823532843962312 | Time:1.0781378746032715
2025-03-15 09:43:14,808 - Epoch: 17 Step: 16/79 | Loss: 0.00182082480750978 | Time:1.361293077468872
2025-03-15 09:43:16,059 - Epoch: 17 Step: 17/79 | Loss: 0.009382383897900581 | Time:1.2512826919555664
2025-03-15 09:43:17,201 - Epoch: 17 Step: 18/79 | Loss: 0.0005366863333620131 | Time:1.1415846347808838
2025-03-15 09:43:18,327 - Epoch: 17 Step: 19/79 | Loss: 0.00023690600937698036 | Time:1.1259667873382568
2025-03-15 09:43:19,531 - Epoch: 17 Step: 20/79 | Loss: 0.0003752851625904441 | Time:1.204200267791748
2025-03-15 09:43:20,737 - Epoch: 17 Step: 21/79 | Loss: 0.05876895412802696 | Time:1.2092373371124268
2025-03-15 09:43:22,285 - Epoch: 17 Step: 22/79 | Loss: 0.0028996532782912254 | Time:1.544213056564331
2025-03-15 09:43:23,301 - Epoch: 17 Step: 23/79 | Loss: 0.0003076652646996081 | Time:1.0161058902740479
2025-03-15 09:43:24,631 - Epoch: 17 Step: 24/79 | Loss: 0.0014978291001170874 | Time:1.3299388885498047
2025-03-15 09:43:25,836 - Epoch: 17 Step: 25/79 | Loss: 0.00031190484878607094 | Time:1.2146902084350586
2025-03-15 09:43:27,196 - Epoch: 17 Step: 26/79 | Loss: 0.004820681177079678 | Time:1.3508930206298828
2025-03-15 09:43:28,243 - Epoch: 17 Step: 27/79 | Loss: 0.01017781626433134 | Time:1.0471806526184082
2025-03-15 09:43:29,450 - Epoch: 17 Step: 28/79 | Loss: 0.00162203807849437 | Time:1.2058615684509277
2025-03-15 09:43:30,685 - Epoch: 17 Step: 29/79 | Loss: 0.0007393116829916835 | Time:1.2352135181427002
2025-03-15 09:43:31,857 - Epoch: 17 Step: 30/79 | Loss: 0.0482858270406723 | Time:1.1726574897766113
2025-03-15 09:43:33,186 - Epoch: 17 Step: 31/79 | Loss: 0.0013641840778291225 | Time:1.3130156993865967
2025-03-15 09:43:34,547 - Epoch: 17 Step: 32/79 | Loss: 0.013597061857581139 | Time:1.3762884140014648
2025-03-15 09:43:35,563 - Epoch: 17 Step: 33/79 | Loss: 0.00017294306599069387 | Time:1.0165681838989258
2025-03-15 09:43:36,658 - Epoch: 17 Step: 34/79 | Loss: 0.00011839791113743559 | Time:1.094637393951416
2025-03-15 09:43:37,752 - Epoch: 17 Step: 35/79 | Loss: 0.0006878118729218841 | Time:1.0947308540344238
2025-03-15 09:43:39,004 - Epoch: 17 Step: 36/79 | Loss: 0.00024682789808139205 | Time:1.2507116794586182
2025-03-15 09:43:40,254 - Epoch: 17 Step: 37/79 | Loss: 0.0004365680506452918 | Time:1.2351601123809814
2025-03-15 09:43:41,364 - Epoch: 17 Step: 38/79 | Loss: 9.361342381453142e-05 | Time:1.1253557205200195
2025-03-15 09:43:42,803 - Epoch: 17 Step: 39/79 | Loss: 0.0024357379879802465 | Time:1.4390246868133545
2025-03-15 09:43:43,960 - Epoch: 17 Step: 40/79 | Loss: 0.009317911230027676 | Time:1.1569652557373047
2025-03-15 09:43:45,210 - Epoch: 17 Step: 41/79 | Loss: 9.508946095593274e-05 | Time:1.2507750988006592
2025-03-15 09:43:46,535 - Epoch: 17 Step: 42/79 | Loss: 0.0002709860273171216 | Time:1.329921007156372
2025-03-15 09:43:47,754 - Epoch: 17 Step: 43/79 | Loss: 0.000486070872284472 | Time:1.1982510089874268
2025-03-15 09:43:48,976 - Epoch: 17 Step: 44/79 | Loss: 0.0008536786190234125 | Time:1.2366890907287598
2025-03-15 09:43:50,210 - Epoch: 17 Step: 45/79 | Loss: 0.0009051073575392365 | Time:1.235128402709961
2025-03-15 09:43:51,447 - Epoch: 17 Step: 46/79 | Loss: 0.0002995450049638748 | Time:1.2417564392089844
2025-03-15 09:43:52,729 - Epoch: 17 Step: 47/79 | Loss: 0.0035109366290271282 | Time:1.2769689559936523
2025-03-15 09:43:53,861 - Epoch: 17 Step: 48/79 | Loss: 0.00010716763063101098 | Time:1.1262569427490234
2025-03-15 09:43:55,076 - Epoch: 17 Step: 49/79 | Loss: 0.00026759685715660453 | Time:1.221052885055542
2025-03-15 09:43:56,328 - Epoch: 17 Step: 50/79 | Loss: 0.008711300790309906 | Time:1.251621961593628
2025-03-15 09:43:57,408 - Epoch: 17 Step: 51/79 | Loss: 0.005739927291870117 | Time:1.0798182487487793
2025-03-15 09:43:58,550 - Epoch: 17 Step: 52/79 | Loss: 0.002805717522278428 | Time:1.1421892642974854
2025-03-15 09:43:59,849 - Epoch: 17 Step: 53/79 | Loss: 0.03443491458892822 | Time:1.2989203929901123
2025-03-15 09:44:01,069 - Epoch: 17 Step: 54/79 | Loss: 0.0004183074343018234 | Time:1.2196693420410156
2025-03-15 09:44:02,322 - Epoch: 17 Step: 55/79 | Loss: 0.001066200085915625 | Time:1.2516076564788818
2025-03-15 09:44:03,297 - Epoch: 17 Step: 56/79 | Loss: 0.011672361753880978 | Time:0.969796895980835
2025-03-15 09:44:04,511 - Epoch: 17 Step: 57/79 | Loss: 0.00020575975941028446 | Time:1.2207913398742676
2025-03-15 09:44:05,996 - Epoch: 17 Step: 58/79 | Loss: 0.008841900154948235 | Time:1.4849765300750732
2025-03-15 09:44:07,170 - Epoch: 17 Step: 59/79 | Loss: 0.00016092478472273797 | Time:1.1743605136871338
2025-03-15 09:44:08,515 - Epoch: 17 Step: 60/79 | Loss: 0.06657379865646362 | Time:1.3451886177062988
2025-03-15 09:44:10,063 - Epoch: 17 Step: 61/79 | Loss: 0.00010164368723053485 | Time:1.5480470657348633
2025-03-15 09:44:11,504 - Epoch: 17 Step: 62/79 | Loss: 0.01587165892124176 | Time:1.440850019454956
2025-03-15 09:44:12,896 - Epoch: 17 Step: 63/79 | Loss: 0.029860258102416992 | Time:1.3915162086486816
2025-03-15 09:44:14,289 - Epoch: 17 Step: 64/79 | Loss: 0.04810781031847 | Time:1.3928089141845703
2025-03-15 09:44:15,604 - Epoch: 17 Step: 65/79 | Loss: 0.009822715073823929 | Time:1.3137154579162598
2025-03-15 09:44:16,666 - Epoch: 17 Step: 66/79 | Loss: 0.0001405972143402323 | Time:1.0727620124816895
2025-03-15 09:44:17,746 - Epoch: 17 Step: 67/79 | Loss: 0.01638605259358883 | Time:1.0710079669952393
2025-03-15 09:44:18,826 - Epoch: 17 Step: 68/79 | Loss: 0.0013073242735117674 | Time:1.0637931823730469
2025-03-15 09:44:20,202 - Epoch: 17 Step: 69/79 | Loss: 0.031103426590561867 | Time:1.3882505893707275
2025-03-15 09:44:21,501 - Epoch: 17 Step: 70/79 | Loss: 0.0009890228975564241 | Time:1.3031339645385742
2025-03-15 09:44:22,800 - Epoch: 17 Step: 71/79 | Loss: 0.015985384583473206 | Time:1.2977941036224365
2025-03-15 09:44:23,769 - Epoch: 17 Step: 72/79 | Loss: 0.0006872467929497361 | Time:0.9698705673217773
2025-03-15 09:44:24,989 - Epoch: 17 Step: 73/79 | Loss: 0.008493692614138126 | Time:1.220472812652588
2025-03-15 09:44:26,476 - Epoch: 17 Step: 74/79 | Loss: 0.013422944582998753 | Time:1.48634934425354
2025-03-15 09:44:27,712 - Epoch: 17 Step: 75/79 | Loss: 0.0028647349681705236 | Time:1.236534595489502
2025-03-15 09:44:28,743 - Epoch: 17 Step: 76/79 | Loss: 0.00101269013248384 | Time:1.0309629440307617
2025-03-15 09:44:29,933 - Epoch: 17 Step: 77/79 | Loss: 0.001163035281933844 | Time:1.2027313709259033
2025-03-15 09:44:31,076 - Epoch: 17 Step: 78/79 | Loss: 0.013235531747341156 | Time:1.1294989585876465
2025-03-15 09:44:31,294 - Epoch: 17 Step: 79/79 | Loss: 0.00010373030818300322 | Time:0.2658238410949707
2025-03-15 09:44:32,185 - Val_Epoch:17.0 Step: 1/32 | Loss: 0.041988082230091095 | Time:0
2025-03-15 09:44:33,233 - Val_Epoch:17.0 Step: 2/32 | Loss: 0.21054157614707947 | Time:0.8906030654907227
2025-03-15 09:44:34,593 - Val_Epoch:17.0 Step: 3/32 | Loss: 0.33333879709243774 | Time:1.048163652420044
2025-03-15 09:44:35,642 - Val_Epoch:17.0 Step: 4/32 | Loss: 0.28713467717170715 | Time:1.360121726989746
2025-03-15 09:44:36,659 - Val_Epoch:17.0 Step: 5/32 | Loss: 0.010392910800874233 | Time:1.048638105392456
2025-03-15 09:44:37,630 - Val_Epoch:17.0 Step: 6/32 | Loss: 0.39900651574134827 | Time:1.0167465209960938
2025-03-15 09:44:38,677 - Val_Epoch:17.0 Step: 7/32 | Loss: 0.09076358377933502 | Time:0.9707720279693604
2025-03-15 09:44:40,162 - Val_Epoch:17.0 Step: 8/32 | Loss: 0.05518948659300804 | Time:1.047332763671875
2025-03-15 09:44:41,241 - Val_Epoch:17.0 Step: 9/32 | Loss: 0.07320878654718399 | Time:1.4847416877746582
2025-03-15 09:44:42,305 - Val_Epoch:17.0 Step: 10/32 | Loss: 0.012754296883940697 | Time:1.0791611671447754
2025-03-15 09:44:43,557 - Val_Epoch:17.0 Step: 11/32 | Loss: 0.4599918723106384 | Time:1.0638978481292725
2025-03-15 09:44:44,667 - Val_Epoch:17.0 Step: 12/32 | Loss: 0.22468018531799316 | Time:1.2527143955230713
2025-03-15 09:44:45,652 - Val_Epoch:17.0 Step: 13/32 | Loss: 0.29100707173347473 | Time:1.1097490787506104
2025-03-15 09:44:46,700 - Val_Epoch:17.0 Step: 14/32 | Loss: 0.04863405227661133 | Time:0.9848031997680664
2025-03-15 09:44:47,697 - Val_Epoch:17.0 Step: 15/32 | Loss: 0.21628041565418243 | Time:1.0483648777008057
2025-03-15 09:44:48,890 - Val_Epoch:17.0 Step: 16/32 | Loss: 0.338431179523468 | Time:0.9980051517486572
2025-03-15 09:44:50,049 - Val_Epoch:17.0 Step: 17/32 | Loss: 0.00415818952023983 | Time:1.1917104721069336
2025-03-15 09:44:51,192 - Val_Epoch:17.0 Step: 18/32 | Loss: 0.14076460897922516 | Time:1.1585619449615479
2025-03-15 09:44:52,301 - Val_Epoch:17.0 Step: 19/32 | Loss: 0.23425143957138062 | Time:1.1431376934051514
2025-03-15 09:44:53,208 - Val_Epoch:17.0 Step: 20/32 | Loss: 0.27772021293640137 | Time:1.1091413497924805
2025-03-15 09:44:54,301 - Val_Epoch:17.0 Step: 21/32 | Loss: 0.06819172203540802 | Time:0.90761399269104
2025-03-15 09:44:55,274 - Val_Epoch:17.0 Step: 22/32 | Loss: 0.4520505666732788 | Time:1.0924785137176514
2025-03-15 09:44:56,165 - Val_Epoch:17.0 Step: 23/32 | Loss: 0.21391113102436066 | Time:0.9732708930969238
2025-03-15 09:44:57,277 - Val_Epoch:17.0 Step: 24/32 | Loss: 0.5045427083969116 | Time:0.8908917903900146
2025-03-15 09:44:58,449 - Val_Epoch:17.0 Step: 25/32 | Loss: 0.012055812403559685 | Time:1.1118767261505127
2025-03-15 09:44:59,669 - Val_Epoch:17.0 Step: 26/32 | Loss: 0.1263132244348526 | Time:1.171682596206665
2025-03-15 09:45:00,874 - Val_Epoch:17.0 Step: 27/32 | Loss: 0.26491597294807434 | Time:1.2204608917236328
2025-03-15 09:45:01,922 - Val_Epoch:17.0 Step: 28/32 | Loss: 0.3341701328754425 | Time:1.2050657272338867
2025-03-15 09:45:02,799 - Val_Epoch:17.0 Step: 29/32 | Loss: 0.15830501914024353 | Time:1.0637233257293701
2025-03-15 09:45:03,768 - Val_Epoch:17.0 Step: 30/32 | Loss: 0.002406266750767827 | Time:0.8613977432250977
2025-03-15 09:45:04,880 - Val_Epoch:17.0 Step: 31/32 | Loss: 0.29252588748931885 | Time:0.9691812992095947
2025-03-15 09:45:05,083 - Val_Epoch:17.0 Step: 32/32 | Loss: 0.6905185580253601 | Time:1.127328872680664
2025-03-15 09:45:05,083 - Validation - Accuracy: 0.9479479479479479, Precision: 0.9280575539568345, Recall: 0.8896551724137931, F1-Score: 0.9084507042253521
2025-03-15 09:45:05,098 - Saved model as model_epoch_17_acc_0.9479.pt
2025-03-15 09:45:05,098 - 
*** EPOCH: 18 ***

2025-03-15 09:45:06,461 - Epoch: 18 Step: 1/79 | Loss: 0.0003071049286518246 | Time:1.2525227069854736
2025-03-15 09:45:07,680 - Epoch: 18 Step: 2/79 | Loss: 0.0016832962865009904 | Time:1.2677924633026123
2025-03-15 09:45:09,025 - Epoch: 18 Step: 3/79 | Loss: 0.012509835883975029 | Time:1.3442988395690918
2025-03-15 09:45:10,183 - Epoch: 18 Step: 4/79 | Loss: 0.00026933790650218725 | Time:1.157203197479248
2025-03-15 09:45:11,372 - Epoch: 18 Step: 5/79 | Loss: 0.01076812855899334 | Time:1.1888458728790283
2025-03-15 09:45:12,560 - Epoch: 18 Step: 6/79 | Loss: 0.0005932696512900293 | Time:1.1886484622955322
2025-03-15 09:45:13,732 - Epoch: 18 Step: 7/79 | Loss: 0.0005361301591619849 | Time:1.1576952934265137
2025-03-15 09:45:14,971 - Epoch: 18 Step: 8/79 | Loss: 0.00020065638818778098 | Time:1.2521255016326904
2025-03-15 09:45:16,394 - Epoch: 18 Step: 9/79 | Loss: 0.0010360245360061526 | Time:1.407994270324707
2025-03-15 09:45:17,614 - Epoch: 18 Step: 10/79 | Loss: 0.00032207128242589533 | Time:1.2358593940734863
2025-03-15 09:45:18,833 - Epoch: 18 Step: 11/79 | Loss: 0.0010200762189924717 | Time:1.22908353805542
2025-03-15 09:45:20,195 - Epoch: 18 Step: 12/79 | Loss: 0.0005720441695302725 | Time:1.3525099754333496
2025-03-15 09:45:21,476 - Epoch: 18 Step: 13/79 | Loss: 0.0003475177218206227 | Time:1.2800605297088623
2025-03-15 09:45:22,760 - Epoch: 18 Step: 14/79 | Loss: 0.00037824027822352946 | Time:1.2846112251281738
2025-03-15 09:45:23,898 - Epoch: 18 Step: 15/79 | Loss: 0.00039365023258142173 | Time:1.1251261234283447
2025-03-15 09:45:25,029 - Epoch: 18 Step: 16/79 | Loss: 0.0003777967649511993 | Time:1.1435706615447998
2025-03-15 09:45:26,373 - Epoch: 18 Step: 17/79 | Loss: 0.004126501735299826 | Time:1.344005823135376
2025-03-15 09:45:27,475 - Epoch: 18 Step: 18/79 | Loss: 0.0026449360884726048 | Time:1.0956926345825195
2025-03-15 09:45:28,672 - Epoch: 18 Step: 19/79 | Loss: 0.00021805144206155092 | Time:1.203881025314331
2025-03-15 09:45:29,831 - Epoch: 18 Step: 20/79 | Loss: 0.0002543996088206768 | Time:1.15816330909729
2025-03-15 09:45:31,083 - Epoch: 18 Step: 21/79 | Loss: 0.025845767930150032 | Time:1.2519011497497559
2025-03-15 09:45:32,131 - Epoch: 18 Step: 22/79 | Loss: 0.00021506671328097582 | Time:1.0486187934875488
2025-03-15 09:45:33,179 - Epoch: 18 Step: 23/79 | Loss: 0.014833509922027588 | Time:1.0482590198516846
2025-03-15 09:45:34,258 - Epoch: 18 Step: 24/79 | Loss: 0.0016284469747915864 | Time:1.0786879062652588
2025-03-15 09:45:35,417 - Epoch: 18 Step: 25/79 | Loss: 0.0040521277114748955 | Time:1.1579632759094238
2025-03-15 09:45:36,574 - Epoch: 18 Step: 26/79 | Loss: 0.0002768916601780802 | Time:1.1579368114471436
2025-03-15 09:45:38,045 - Epoch: 18 Step: 27/79 | Loss: 0.0001415323349647224 | Time:1.4705753326416016
2025-03-15 09:45:39,062 - Epoch: 18 Step: 28/79 | Loss: 0.00020990343182347715 | Time:1.017435073852539
2025-03-15 09:45:40,266 - Epoch: 18 Step: 29/79 | Loss: 0.0006137241725809872 | Time:1.2042620182037354
2025-03-15 09:45:41,456 - Epoch: 18 Step: 30/79 | Loss: 0.0023368995171040297 | Time:1.1888163089752197
2025-03-15 09:45:42,658 - Epoch: 18 Step: 31/79 | Loss: 0.001603620359674096 | Time:1.1986429691314697
2025-03-15 09:45:43,677 - Epoch: 18 Step: 32/79 | Loss: 0.00013091765868011862 | Time:1.00807523727417
2025-03-15 09:45:44,961 - Epoch: 18 Step: 33/79 | Loss: 0.002310884417966008 | Time:1.298187255859375
2025-03-15 09:45:46,275 - Epoch: 18 Step: 34/79 | Loss: 0.06063703075051308 | Time:1.3148860931396484
2025-03-15 09:45:47,668 - Epoch: 18 Step: 35/79 | Loss: 0.028043078258633614 | Time:1.3774545192718506
2025-03-15 09:45:49,108 - Epoch: 18 Step: 36/79 | Loss: 0.043309830129146576 | Time:1.4397423267364502
2025-03-15 09:45:50,219 - Epoch: 18 Step: 37/79 | Loss: 0.00029021946829743683 | Time:1.1264657974243164
2025-03-15 09:45:51,423 - Epoch: 18 Step: 38/79 | Loss: 0.00857758242636919 | Time:1.2039616107940674
2025-03-15 09:45:53,081 - Epoch: 18 Step: 39/79 | Loss: 0.05796404182910919 | Time:1.6585280895233154
2025-03-15 09:45:54,316 - Epoch: 18 Step: 40/79 | Loss: 0.0038996145594865084 | Time:1.21980881690979
2025-03-15 09:45:55,678 - Epoch: 18 Step: 41/79 | Loss: 0.0540093332529068 | Time:1.377096176147461
2025-03-15 09:45:56,820 - Epoch: 18 Step: 42/79 | Loss: 0.0002130392676917836 | Time:1.1421966552734375
2025-03-15 09:45:58,119 - Epoch: 18 Step: 43/79 | Loss: 0.00021783994452562183 | Time:1.2984583377838135
2025-03-15 09:45:59,292 - Epoch: 18 Step: 44/79 | Loss: 0.00013096383190713823 | Time:1.1731934547424316
2025-03-15 09:46:00,591 - Epoch: 18 Step: 45/79 | Loss: 0.0005660580354742706 | Time:1.299614429473877
2025-03-15 09:46:01,671 - Epoch: 18 Step: 46/79 | Loss: 0.0006901456508785486 | Time:1.0791077613830566
2025-03-15 09:46:02,859 - Epoch: 18 Step: 47/79 | Loss: 0.00012978949234820902 | Time:1.1732327938079834
2025-03-15 09:46:04,189 - Epoch: 18 Step: 48/79 | Loss: 0.0001765881897881627 | Time:1.3456778526306152
2025-03-15 09:46:05,519 - Epoch: 18 Step: 49/79 | Loss: 0.00037973024882376194 | Time:1.3299245834350586
2025-03-15 09:46:06,662 - Epoch: 18 Step: 50/79 | Loss: 0.000106963881989941 | Time:1.1422922611236572
2025-03-15 09:46:07,851 - Epoch: 18 Step: 51/79 | Loss: 0.00015699071809649467 | Time:1.189018964767456
2025-03-15 09:46:09,259 - Epoch: 18 Step: 52/79 | Loss: 0.014466616325080395 | Time:1.408064603805542
2025-03-15 09:46:10,355 - Epoch: 18 Step: 53/79 | Loss: 0.0002930381742771715 | Time:1.0960595607757568
2025-03-15 09:46:11,591 - Epoch: 18 Step: 54/79 | Loss: 0.0009966617217287421 | Time:1.2518985271453857
2025-03-15 09:46:12,827 - Epoch: 18 Step: 55/79 | Loss: 0.0003332402848172933 | Time:1.2201542854309082
2025-03-15 09:46:14,106 - Epoch: 18 Step: 56/79 | Loss: 0.0018180857878178358 | Time:1.2732293605804443
2025-03-15 09:46:15,274 - Epoch: 18 Step: 57/79 | Loss: 0.002118603093549609 | Time:1.1580722332000732
2025-03-15 09:46:16,620 - Epoch: 18 Step: 58/79 | Loss: 0.0011892326874658465 | Time:1.361659288406372
2025-03-15 09:46:17,808 - Epoch: 18 Step: 59/79 | Loss: 0.000978762749582529 | Time:1.1879494190216064
2025-03-15 09:46:19,045 - Epoch: 18 Step: 60/79 | Loss: 0.04497349262237549 | Time:1.2368052005767822
2025-03-15 09:46:20,341 - Epoch: 18 Step: 61/79 | Loss: 0.0004969201982021332 | Time:1.2963039875030518
2025-03-15 09:46:21,405 - Epoch: 18 Step: 62/79 | Loss: 0.00011599415302043781 | Time:1.064671277999878
2025-03-15 09:46:22,501 - Epoch: 18 Step: 63/79 | Loss: 6.329095776891336e-05 | Time:1.0950052738189697
2025-03-15 09:46:23,815 - Epoch: 18 Step: 64/79 | Loss: 0.0020063358824700117 | Time:1.3145198822021484
2025-03-15 09:46:25,160 - Epoch: 18 Step: 65/79 | Loss: 0.00019046597299166024 | Time:1.3447670936584473
2025-03-15 09:46:26,364 - Epoch: 18 Step: 66/79 | Loss: 0.00030992188840173185 | Time:1.2040300369262695
2025-03-15 09:46:27,583 - Epoch: 18 Step: 67/79 | Loss: 0.000156872280058451 | Time:1.2196571826934814
2025-03-15 09:46:28,819 - Epoch: 18 Step: 68/79 | Loss: 0.005419949069619179 | Time:1.235090732574463
2025-03-15 09:46:29,976 - Epoch: 18 Step: 69/79 | Loss: 0.0020624720491468906 | Time:1.1572773456573486
2025-03-15 09:46:31,149 - Epoch: 18 Step: 70/79 | Loss: 0.010765166021883488 | Time:1.1570346355438232
2025-03-15 09:46:32,164 - Epoch: 18 Step: 71/79 | Loss: 8.621603046776727e-05 | Time:1.0315802097320557
2025-03-15 09:46:33,243 - Epoch: 18 Step: 72/79 | Loss: 0.0005161450244486332 | Time:1.0780785083770752
2025-03-15 09:46:34,493 - Epoch: 18 Step: 73/79 | Loss: 0.0009405415039509535 | Time:1.250859260559082
2025-03-15 09:46:35,650 - Epoch: 18 Step: 74/79 | Loss: 0.00010776454291772097 | Time:1.1570465564727783
2025-03-15 09:46:36,745 - Epoch: 18 Step: 75/79 | Loss: 0.0038914219476282597 | Time:1.0940022468566895
2025-03-15 09:46:38,042 - Epoch: 18 Step: 76/79 | Loss: 0.040147338062524796 | Time:1.2977499961853027
2025-03-15 09:46:39,199 - Epoch: 18 Step: 77/79 | Loss: 0.01250406913459301 | Time:1.1566908359527588
2025-03-15 09:46:40,700 - Epoch: 18 Step: 78/79 | Loss: 0.0020452425815165043 | Time:1.501417875289917
2025-03-15 09:46:40,857 - Epoch: 18 Step: 79/79 | Loss: 4.872464342042804e-05 | Time:0.21869850158691406
2025-03-15 09:46:41,748 - Val_Epoch:18.0 Step: 1/32 | Loss: 0.03888718783855438 | Time:0
2025-03-15 09:46:42,780 - Val_Epoch:18.0 Step: 2/32 | Loss: 0.21428503096103668 | Time:0.8758678436279297
2025-03-15 09:46:44,125 - Val_Epoch:18.0 Step: 3/32 | Loss: 0.563300371170044 | Time:1.0315425395965576
2025-03-15 09:46:45,172 - Val_Epoch:18.0 Step: 4/32 | Loss: 0.3376380503177643 | Time:1.345123529434204
2025-03-15 09:46:46,172 - Val_Epoch:18.0 Step: 5/32 | Loss: 0.005979964509606361 | Time:1.047041416168213
2025-03-15 09:46:47,126 - Val_Epoch:18.0 Step: 6/32 | Loss: 0.4952278435230255 | Time:1.0007176399230957
2025-03-15 09:46:48,142 - Val_Epoch:18.0 Step: 7/32 | Loss: 0.1146831139922142 | Time:0.9535274505615234
2025-03-15 09:46:49,612 - Val_Epoch:18.0 Step: 8/32 | Loss: 0.06399703770875931 | Time:1.0162627696990967
2025-03-15 09:46:50,690 - Val_Epoch:18.0 Step: 9/32 | Loss: 0.026996588334441185 | Time:1.4694538116455078
2025-03-15 09:46:51,737 - Val_Epoch:18.0 Step: 10/32 | Loss: 0.01509572472423315 | Time:1.0786082744598389
2025-03-15 09:46:52,971 - Val_Epoch:18.0 Step: 11/32 | Loss: 0.41108062863349915 | Time:1.0467050075531006
2025-03-15 09:46:54,066 - Val_Epoch:18.0 Step: 12/32 | Loss: 0.21917912364006042 | Time:1.2344627380371094
2025-03-15 09:46:55,051 - Val_Epoch:18.0 Step: 13/32 | Loss: 0.23457354307174683 | Time:1.0941174030303955
2025-03-15 09:46:56,066 - Val_Epoch:18.0 Step: 14/32 | Loss: 0.01468407642096281 | Time:0.9851117134094238
2025-03-15 09:46:57,051 - Val_Epoch:18.0 Step: 15/32 | Loss: 0.21630637347698212 | Time:1.015437364578247
2025-03-15 09:46:58,270 - Val_Epoch:18.0 Step: 16/32 | Loss: 0.42162513732910156 | Time:0.9852683544158936
2025-03-15 09:46:59,395 - Val_Epoch:18.0 Step: 17/32 | Loss: 0.0023084543645381927 | Time:1.219029426574707
2025-03-15 09:47:00,553 - Val_Epoch:18.0 Step: 18/32 | Loss: 0.19728466868400574 | Time:1.1248741149902344
2025-03-15 09:47:01,662 - Val_Epoch:18.0 Step: 19/32 | Loss: 0.2675516605377197 | Time:1.1575193405151367
2025-03-15 09:47:02,538 - Val_Epoch:18.0 Step: 20/32 | Loss: 0.3142460286617279 | Time:1.1092188358306885
2025-03-15 09:47:03,617 - Val_Epoch:18.0 Step: 21/32 | Loss: 0.06132075563073158 | Time:0.8755676746368408
2025-03-15 09:47:04,586 - Val_Epoch:18.0 Step: 22/32 | Loss: 0.5778671503067017 | Time:1.0790016651153564
2025-03-15 09:47:05,508 - Val_Epoch:18.0 Step: 23/32 | Loss: 0.3214989900588989 | Time:0.969555139541626
2025-03-15 09:47:06,603 - Val_Epoch:18.0 Step: 24/32 | Loss: 0.5807009339332581 | Time:0.9218928813934326
2025-03-15 09:47:07,634 - Val_Epoch:18.0 Step: 25/32 | Loss: 0.00408108439296484 | Time:1.0946061611175537
2025-03-15 09:47:08,855 - Val_Epoch:18.0 Step: 26/32 | Loss: 0.1524135321378708 | Time:1.0316188335418701
2025-03-15 09:47:10,036 - Val_Epoch:18.0 Step: 27/32 | Loss: 0.32945963740348816 | Time:1.22188401222229
2025-03-15 09:47:11,068 - Val_Epoch:18.0 Step: 28/32 | Loss: 0.3578623831272125 | Time:1.1794476509094238
2025-03-15 09:47:11,944 - Val_Epoch:18.0 Step: 29/32 | Loss: 0.11478293687105179 | Time:1.0324974060058594
2025-03-15 09:47:12,918 - Val_Epoch:18.0 Step: 30/32 | Loss: 0.0014151958748698235 | Time:0.8762762546539307
2025-03-15 09:47:14,025 - Val_Epoch:18.0 Step: 31/32 | Loss: 0.3980441093444824 | Time:0.9748046398162842
2025-03-15 09:47:14,228 - Val_Epoch:18.0 Step: 32/32 | Loss: 0.5952287912368774 | Time:1.1054322719573975
2025-03-15 09:47:14,228 - Validation - Accuracy: 0.9479479479479479, Precision: 0.9440298507462687, Recall: 0.8724137931034482, F1-Score: 0.9068100358422939
2025-03-15 09:47:14,228 - Saved model as model_epoch_18_acc_0.9479.pt
2025-03-15 09:47:14,228 - 
*** EPOCH: 19 ***

2025-03-15 09:47:15,558 - Epoch: 19 Step: 1/79 | Loss: 0.004000942688435316 | Time:1.2046537399291992
2025-03-15 09:47:16,935 - Epoch: 19 Step: 2/79 | Loss: 0.0009166032541543245 | Time:1.439704418182373
2025-03-15 09:47:18,561 - Epoch: 19 Step: 3/79 | Loss: 0.001224457286298275 | Time:1.6307098865509033
2025-03-15 09:47:19,610 - Epoch: 19 Step: 4/79 | Loss: 0.0004992450121790171 | Time:1.0533256530761719
2025-03-15 09:47:20,861 - Epoch: 19 Step: 5/79 | Loss: 6.821491115260869e-05 | Time:1.2427904605865479
2025-03-15 09:47:21,987 - Epoch: 19 Step: 6/79 | Loss: 0.0003215916804037988 | Time:1.1261191368103027
2025-03-15 09:47:23,052 - Epoch: 19 Step: 7/79 | Loss: 0.00018728994473349303 | Time:1.0643463134765625
2025-03-15 09:47:24,350 - Epoch: 19 Step: 8/79 | Loss: 0.00010220120748272166 | Time:1.29850435256958
2025-03-15 09:47:25,658 - Epoch: 19 Step: 9/79 | Loss: 0.0007339488947764039 | Time:1.2992722988128662
2025-03-15 09:47:26,870 - Epoch: 19 Step: 10/79 | Loss: 0.001338494592346251 | Time:1.220271348953247
2025-03-15 09:47:28,012 - Epoch: 19 Step: 11/79 | Loss: 0.003885406069457531 | Time:1.1410777568817139
2025-03-15 09:47:29,215 - Epoch: 19 Step: 12/79 | Loss: 0.021200330927968025 | Time:1.2039308547973633
2025-03-15 09:47:30,296 - Epoch: 19 Step: 13/79 | Loss: 0.0021679899655282497 | Time:1.0797195434570312
2025-03-15 09:47:31,423 - Epoch: 19 Step: 14/79 | Loss: 0.000844289839733392 | Time:1.127375841140747
2025-03-15 09:47:32,640 - Epoch: 19 Step: 15/79 | Loss: 0.0023135002702474594 | Time:1.2182142734527588
2025-03-15 09:47:33,861 - Epoch: 19 Step: 16/79 | Loss: 6.119768659118563e-05 | Time:1.227013349533081
2025-03-15 09:47:35,003 - Epoch: 19 Step: 17/79 | Loss: 0.0001553515758132562 | Time:1.1354496479034424
2025-03-15 09:47:35,988 - Epoch: 19 Step: 18/79 | Loss: 0.00015925632033031434 | Time:0.9853270053863525
2025-03-15 09:47:37,162 - Epoch: 19 Step: 19/79 | Loss: 0.0001904928794829175 | Time:1.1737298965454102
2025-03-15 09:47:38,384 - Epoch: 19 Step: 20/79 | Loss: 0.0019246239680796862 | Time:1.2196626663208008
2025-03-15 09:47:39,539 - Epoch: 19 Step: 21/79 | Loss: 4.447212631930597e-05 | Time:1.1574547290802002
2025-03-15 09:47:40,805 - Epoch: 19 Step: 22/79 | Loss: 0.01213429868221283 | Time:1.2665297985076904
2025-03-15 09:47:41,900 - Epoch: 19 Step: 23/79 | Loss: 0.000843216956127435 | Time:1.0945086479187012
2025-03-15 09:47:43,059 - Epoch: 19 Step: 24/79 | Loss: 0.0004096832708455622 | Time:1.1652438640594482
2025-03-15 09:47:44,325 - Epoch: 19 Step: 25/79 | Loss: 0.00043254398042336106 | Time:1.2603392601013184
2025-03-15 09:47:45,593 - Epoch: 19 Step: 26/79 | Loss: 0.00023822387447580695 | Time:1.2760131359100342
2025-03-15 09:47:46,844 - Epoch: 19 Step: 27/79 | Loss: 0.002442921046167612 | Time:1.22648286819458
2025-03-15 09:47:48,048 - Epoch: 19 Step: 28/79 | Loss: 9.194613085128367e-05 | Time:1.2200162410736084
2025-03-15 09:47:49,363 - Epoch: 19 Step: 29/79 | Loss: 0.0017833133460953832 | Time:1.3148136138916016
2025-03-15 09:47:50,567 - Epoch: 19 Step: 30/79 | Loss: 0.0019389231456443667 | Time:1.2041189670562744
2025-03-15 09:47:51,943 - Epoch: 19 Step: 31/79 | Loss: 0.0004955442855134606 | Time:1.3605055809020996
2025-03-15 09:47:53,024 - Epoch: 19 Step: 32/79 | Loss: 0.00030895721283741295 | Time:1.096327781677246
2025-03-15 09:47:54,305 - Epoch: 19 Step: 33/79 | Loss: 0.001016569440253079 | Time:1.280846118927002
2025-03-15 09:47:55,494 - Epoch: 19 Step: 34/79 | Loss: 0.00022122866357676685 | Time:1.1894569396972656
2025-03-15 09:47:56,543 - Epoch: 19 Step: 35/79 | Loss: 7.87154131103307e-05 | Time:1.0490198135375977
2025-03-15 09:47:57,982 - Epoch: 19 Step: 36/79 | Loss: 0.0004379603487905115 | Time:1.438058853149414
2025-03-15 09:47:59,123 - Epoch: 19 Step: 37/79 | Loss: 0.0005669993115589023 | Time:1.1423676013946533
2025-03-15 09:48:00,219 - Epoch: 19 Step: 38/79 | Loss: 0.00020980821864213794 | Time:1.0956768989562988
2025-03-15 09:48:01,142 - Epoch: 19 Step: 39/79 | Loss: 0.00021935420227237046 | Time:0.9226813316345215
2025-03-15 09:48:02,565 - Epoch: 19 Step: 40/79 | Loss: 0.0005373135791160166 | Time:1.4233424663543701
2025-03-15 09:48:03,738 - Epoch: 19 Step: 41/79 | Loss: 0.0002665718784555793 | Time:1.1729342937469482
2025-03-15 09:48:04,724 - Epoch: 19 Step: 42/79 | Loss: 0.0002219126035925001 | Time:0.9856545925140381
2025-03-15 09:48:06,148 - Epoch: 19 Step: 43/79 | Loss: 0.007306839805096388 | Time:1.4239976406097412
2025-03-15 09:48:07,635 - Epoch: 19 Step: 44/79 | Loss: 0.12704883515834808 | Time:1.4867732524871826
2025-03-15 09:48:08,636 - Epoch: 19 Step: 45/79 | Loss: 0.0003136328887194395 | Time:1.0014185905456543
2025-03-15 09:48:10,060 - Epoch: 19 Step: 46/79 | Loss: 0.006852845195680857 | Time:1.4367997646331787
2025-03-15 09:48:11,482 - Epoch: 19 Step: 47/79 | Loss: 0.0005052518099546432 | Time:1.4100871086120605
2025-03-15 09:48:12,672 - Epoch: 19 Step: 48/79 | Loss: 0.0007531563751399517 | Time:1.1887037754058838
2025-03-15 09:48:13,986 - Epoch: 19 Step: 49/79 | Loss: 0.005771854426711798 | Time:1.2984919548034668
2025-03-15 09:48:15,284 - Epoch: 19 Step: 50/79 | Loss: 0.0014012942556291819 | Time:1.3142640590667725
2025-03-15 09:48:16,428 - Epoch: 19 Step: 51/79 | Loss: 0.0007502401131205261 | Time:1.1431183815002441
2025-03-15 09:48:17,665 - Epoch: 19 Step: 52/79 | Loss: 0.00031031115213409066 | Time:1.2294368743896484
2025-03-15 09:48:19,008 - Epoch: 19 Step: 53/79 | Loss: 0.0005662028561346233 | Time:1.3506591320037842
2025-03-15 09:48:20,025 - Epoch: 19 Step: 54/79 | Loss: 0.05695509538054466 | Time:1.0177147388458252
2025-03-15 09:48:21,541 - Epoch: 19 Step: 55/79 | Loss: 0.0014031112659722567 | Time:1.5157337188720703
2025-03-15 09:48:22,777 - Epoch: 19 Step: 56/79 | Loss: 0.000259754917351529 | Time:1.2207081317901611
2025-03-15 09:48:23,841 - Epoch: 19 Step: 57/79 | Loss: 0.010141330771148205 | Time:1.0869474411010742
2025-03-15 09:48:25,016 - Epoch: 19 Step: 58/79 | Loss: 0.02058364450931549 | Time:1.1675047874450684
2025-03-15 09:48:26,282 - Epoch: 19 Step: 59/79 | Loss: 0.0010831004474312067 | Time:1.2656466960906982
2025-03-15 09:48:27,612 - Epoch: 19 Step: 60/79 | Loss: 0.0077065518125891685 | Time:1.3301761150360107
2025-03-15 09:48:28,924 - Epoch: 19 Step: 61/79 | Loss: 0.0007424234063364565 | Time:1.307615041732788
2025-03-15 09:48:30,240 - Epoch: 19 Step: 62/79 | Loss: 0.00014050038589630276 | Time:1.3204443454742432
2025-03-15 09:48:31,430 - Epoch: 19 Step: 63/79 | Loss: 0.0001581679389346391 | Time:1.1892106533050537
2025-03-15 09:48:32,643 - Epoch: 19 Step: 64/79 | Loss: 0.0006846513715572655 | Time:1.204953670501709
2025-03-15 09:48:33,915 - Epoch: 19 Step: 65/79 | Loss: 0.0001025910023599863 | Time:1.2812981605529785
2025-03-15 09:48:34,900 - Epoch: 19 Step: 66/79 | Loss: 0.00034307449823245406 | Time:0.9848389625549316
2025-03-15 09:48:36,104 - Epoch: 19 Step: 67/79 | Loss: 0.0017566168680787086 | Time:1.2037780284881592
2025-03-15 09:48:37,198 - Epoch: 19 Step: 68/79 | Loss: 0.0064651016145944595 | Time:1.093989610671997
2025-03-15 09:48:38,277 - Epoch: 19 Step: 69/79 | Loss: 0.00020727323135361075 | Time:1.078427791595459
2025-03-15 09:48:39,621 - Epoch: 19 Step: 70/79 | Loss: 0.04147755727171898 | Time:1.344871997833252
2025-03-15 09:48:41,076 - Epoch: 19 Step: 71/79 | Loss: 0.008404401130974293 | Time:1.4544663429260254
2025-03-15 09:48:42,326 - Epoch: 19 Step: 72/79 | Loss: 0.012326329946517944 | Time:1.2501940727233887
2025-03-15 09:48:43,483 - Epoch: 19 Step: 73/79 | Loss: 0.0006771226762793958 | Time:1.1575853824615479
2025-03-15 09:48:44,656 - Epoch: 19 Step: 74/79 | Loss: 0.0001796522701624781 | Time:1.1723194122314453
2025-03-15 09:48:45,890 - Epoch: 19 Step: 75/79 | Loss: 0.0002869634481612593 | Time:1.2342445850372314
2025-03-15 09:48:47,047 - Epoch: 19 Step: 76/79 | Loss: 0.002257091924548149 | Time:1.15671968460083
2025-03-15 09:48:48,251 - Epoch: 19 Step: 77/79 | Loss: 0.004435152281075716 | Time:1.2039604187011719
2025-03-15 09:48:49,502 - Epoch: 19 Step: 78/79 | Loss: 0.000779047142714262 | Time:1.251579999923706
2025-03-15 09:48:49,690 - Epoch: 19 Step: 79/79 | Loss: 0.00029506205464713275 | Time:0.23432540893554688
2025-03-15 09:48:50,581 - Val_Epoch:19.0 Step: 1/32 | Loss: 0.05609019845724106 | Time:0
2025-03-15 09:48:51,597 - Val_Epoch:19.0 Step: 2/32 | Loss: 0.23126938939094543 | Time:0.8909811973571777
2025-03-15 09:48:52,958 - Val_Epoch:19.0 Step: 3/32 | Loss: 0.24798087775707245 | Time:1.0160281658172607
2025-03-15 09:48:54,021 - Val_Epoch:19.0 Step: 4/32 | Loss: 0.31136393547058105 | Time:1.3607051372528076
2025-03-15 09:48:55,022 - Val_Epoch:19.0 Step: 5/32 | Loss: 0.007721802685409784 | Time:1.063361644744873
2025-03-15 09:48:55,976 - Val_Epoch:19.0 Step: 6/32 | Loss: 0.37584811449050903 | Time:1.0011029243469238
2025-03-15 09:48:56,993 - Val_Epoch:19.0 Step: 7/32 | Loss: 0.0677490383386612 | Time:0.9536347389221191
2025-03-15 09:48:58,496 - Val_Epoch:19.0 Step: 8/32 | Loss: 0.06203233450651169 | Time:1.0176029205322266
2025-03-15 09:48:59,561 - Val_Epoch:19.0 Step: 9/32 | Loss: 0.08670531213283539 | Time:1.5025596618652344
2025-03-15 09:49:00,624 - Val_Epoch:19.0 Step: 10/32 | Loss: 0.011904604732990265 | Time:1.0650300979614258
2025-03-15 09:49:01,969 - Val_Epoch:19.0 Step: 11/32 | Loss: 0.43508923053741455 | Time:1.0631380081176758
2025-03-15 09:49:03,048 - Val_Epoch:19.0 Step: 12/32 | Loss: 0.28517428040504456 | Time:1.3450417518615723
2025-03-15 09:49:04,034 - Val_Epoch:19.0 Step: 13/32 | Loss: 0.15197917819023132 | Time:1.0792772769927979
2025-03-15 09:49:05,066 - Val_Epoch:19.0 Step: 14/32 | Loss: 0.07768851518630981 | Time:0.9858415126800537
2025-03-15 09:49:06,035 - Val_Epoch:19.0 Step: 15/32 | Loss: 0.23790472745895386 | Time:1.0314955711364746
2025-03-15 09:49:07,256 - Val_Epoch:19.0 Step: 16/32 | Loss: 0.2861630320549011 | Time:0.9695014953613281
2025-03-15 09:49:08,399 - Val_Epoch:19.0 Step: 17/32 | Loss: 0.02168986201286316 | Time:1.2361159324645996
2025-03-15 09:49:09,526 - Val_Epoch:19.0 Step: 18/32 | Loss: 0.12596480548381805 | Time:1.1274116039276123
2025-03-15 09:49:10,652 - Val_Epoch:19.0 Step: 19/32 | Loss: 0.2491309940814972 | Time:1.126960277557373
2025-03-15 09:49:11,546 - Val_Epoch:19.0 Step: 20/32 | Loss: 0.28260141611099243 | Time:1.1267199516296387
2025-03-15 09:49:12,624 - Val_Epoch:19.0 Step: 21/32 | Loss: 0.030381813645362854 | Time:0.8931207656860352
2025-03-15 09:49:13,609 - Val_Epoch:19.0 Step: 22/32 | Loss: 0.411124587059021 | Time:1.0786526203155518
2025-03-15 09:49:14,532 - Val_Epoch:19.0 Step: 23/32 | Loss: 0.2077304720878601 | Time:0.9845311641693115
2025-03-15 09:49:15,627 - Val_Epoch:19.0 Step: 24/32 | Loss: 0.507443368434906 | Time:0.9233343601226807
2025-03-15 09:49:16,691 - Val_Epoch:19.0 Step: 25/32 | Loss: 0.009752578102052212 | Time:1.0947797298431396
2025-03-15 09:49:17,897 - Val_Epoch:19.0 Step: 26/32 | Loss: 0.12831392884254456 | Time:1.0641186237335205
2025-03-15 09:49:19,069 - Val_Epoch:19.0 Step: 27/32 | Loss: 0.305503249168396 | Time:1.205564022064209
2025-03-15 09:49:20,139 - Val_Epoch:19.0 Step: 28/32 | Loss: 0.38265663385391235 | Time:1.1729612350463867
2025-03-15 09:49:20,995 - Val_Epoch:19.0 Step: 29/32 | Loss: 0.27742019295692444 | Time:1.0701143741607666
2025-03-15 09:49:21,948 - Val_Epoch:19.0 Step: 30/32 | Loss: 0.00594380171969533 | Time:0.8549325466156006
2025-03-15 09:49:23,068 - Val_Epoch:19.0 Step: 31/32 | Loss: 0.3069610595703125 | Time:0.9532082080841064
2025-03-15 09:49:23,262 - Val_Epoch:19.0 Step: 32/32 | Loss: 0.863592267036438 | Time:1.121028184890747
2025-03-15 09:49:23,262 - Validation - Accuracy: 0.948948948948949, Precision: 0.9163763066202091, Recall: 0.906896551724138, F1-Score: 0.9116117850953207
2025-03-15 09:49:23,262 - Saved model as model_epoch_19_acc_0.9489.pt
2025-03-15 09:49:23,262 - 
*** EPOCH: 20 ***

2025-03-15 09:49:24,514 - Epoch: 20 Step: 1/79 | Loss: 0.005097840912640095 | Time:1.1426892280578613
2025-03-15 09:49:25,734 - Epoch: 20 Step: 2/79 | Loss: 0.014272593893110752 | Time:1.2669882774353027
2025-03-15 09:49:26,939 - Epoch: 20 Step: 3/79 | Loss: 0.0025800715666264296 | Time:1.204139232635498
2025-03-15 09:49:28,285 - Epoch: 20 Step: 4/79 | Loss: 0.0009079002193175256 | Time:1.3302688598632812
2025-03-15 09:49:29,568 - Epoch: 20 Step: 5/79 | Loss: 0.016512656584382057 | Time:1.2985525131225586
2025-03-15 09:49:30,773 - Epoch: 20 Step: 6/79 | Loss: 0.001065421150997281 | Time:1.204545259475708
2025-03-15 09:49:32,133 - Epoch: 20 Step: 7/79 | Loss: 0.001697393017821014 | Time:1.360957145690918
2025-03-15 09:49:33,197 - Epoch: 20 Step: 8/79 | Loss: 0.002017974155023694 | Time:1.0642881393432617
2025-03-15 09:49:34,339 - Epoch: 20 Step: 9/79 | Loss: 0.0020246708299964666 | Time:1.1346702575683594
2025-03-15 09:49:35,451 - Epoch: 20 Step: 10/79 | Loss: 0.0006537197041325271 | Time:1.1190667152404785
2025-03-15 09:49:36,631 - Epoch: 20 Step: 11/79 | Loss: 0.0006327680894173682 | Time:1.1797816753387451
2025-03-15 09:49:38,078 - Epoch: 20 Step: 12/79 | Loss: 0.0006974919815547764 | Time:1.4477295875549316
2025-03-15 09:49:39,381 - Epoch: 20 Step: 13/79 | Loss: 0.00021672638831660151 | Time:1.2998151779174805
2025-03-15 09:49:40,691 - Epoch: 20 Step: 14/79 | Loss: 0.004078092984855175 | Time:1.2966015338897705
2025-03-15 09:49:41,833 - Epoch: 20 Step: 15/79 | Loss: 6.941192987142131e-05 | Time:1.1542298793792725
2025-03-15 09:49:43,240 - Epoch: 20 Step: 16/79 | Loss: 0.009066266939043999 | Time:1.4112377166748047
2025-03-15 09:49:44,461 - Epoch: 20 Step: 17/79 | Loss: 0.001088485005311668 | Time:1.2199110984802246
2025-03-15 09:49:45,635 - Epoch: 20 Step: 18/79 | Loss: 0.0014931686455383897 | Time:1.1752166748046875
2025-03-15 09:49:46,871 - Epoch: 20 Step: 19/79 | Loss: 0.00034771818900480866 | Time:1.2200136184692383
2025-03-15 09:49:47,840 - Epoch: 20 Step: 20/79 | Loss: 0.0023403631057590246 | Time:0.9848737716674805
2025-03-15 09:49:48,998 - Epoch: 20 Step: 21/79 | Loss: 7.779333827784285e-05 | Time:1.1566886901855469
2025-03-15 09:49:50,359 - Epoch: 20 Step: 22/79 | Loss: 0.005880609154701233 | Time:1.3670382499694824
2025-03-15 09:49:51,440 - Epoch: 20 Step: 23/79 | Loss: 0.00046955791185609996 | Time:1.0749070644378662
2025-03-15 09:49:52,666 - Epoch: 20 Step: 24/79 | Loss: 0.003587644314393401 | Time:1.2201893329620361
2025-03-15 09:49:53,879 - Epoch: 20 Step: 25/79 | Loss: 3.534662027959712e-05 | Time:1.2193703651428223
2025-03-15 09:49:54,959 - Epoch: 20 Step: 26/79 | Loss: 0.0003098157758358866 | Time:1.0797030925750732
2025-03-15 09:49:56,305 - Epoch: 20 Step: 27/79 | Loss: 0.00016057860921137035 | Time:1.3556573390960693
2025-03-15 09:49:57,617 - Epoch: 20 Step: 28/79 | Loss: 0.0005637138965539634 | Time:1.3034312725067139
2025-03-15 09:49:58,635 - Epoch: 20 Step: 29/79 | Loss: 0.00021336899953894317 | Time:1.0177195072174072
2025-03-15 09:49:59,902 - Epoch: 20 Step: 30/79 | Loss: 0.0014304363867267966 | Time:1.2659969329833984
2025-03-15 09:50:00,934 - Epoch: 20 Step: 31/79 | Loss: 0.00016830999811645597 | Time:1.0168232917785645
2025-03-15 09:50:02,200 - Epoch: 20 Step: 32/79 | Loss: 0.00508875260129571 | Time:1.2821640968322754
2025-03-15 09:50:03,386 - Epoch: 20 Step: 33/79 | Loss: 7.138294313335791e-05 | Time:1.1739628314971924
2025-03-15 09:50:04,547 - Epoch: 20 Step: 34/79 | Loss: 0.00659876549616456 | Time:1.1732184886932373
2025-03-15 09:50:05,846 - Epoch: 20 Step: 35/79 | Loss: 0.04684516787528992 | Time:1.2985780239105225
2025-03-15 09:50:07,098 - Epoch: 20 Step: 36/79 | Loss: 0.0007219213293865323 | Time:1.2364330291748047
2025-03-15 09:50:08,272 - Epoch: 20 Step: 37/79 | Loss: 0.07640156149864197 | Time:1.18967866897583
2025-03-15 09:50:09,529 - Epoch: 20 Step: 38/79 | Loss: 0.000512364087626338 | Time:1.2507023811340332
2025-03-15 09:50:10,679 - Epoch: 20 Step: 39/79 | Loss: 0.0009030788787640631 | Time:1.1412158012390137
2025-03-15 09:50:11,993 - Epoch: 20 Step: 40/79 | Loss: 0.010931325145065784 | Time:1.3292646408081055
2025-03-15 09:50:13,324 - Epoch: 20 Step: 41/79 | Loss: 0.006453838665038347 | Time:1.3150160312652588
2025-03-15 09:50:14,340 - Epoch: 20 Step: 42/79 | Loss: 7.31721447664313e-05 | Time:1.0318517684936523
2025-03-15 09:50:15,481 - Epoch: 20 Step: 43/79 | Loss: 8.539815462427214e-05 | Time:1.1419153213500977
2025-03-15 09:50:16,906 - Epoch: 20 Step: 44/79 | Loss: 0.00024769120500423014 | Time:1.4243557453155518
2025-03-15 09:50:18,095 - Epoch: 20 Step: 45/79 | Loss: 0.00032562101841904223 | Time:1.1885812282562256
2025-03-15 09:50:19,550 - Epoch: 20 Step: 46/79 | Loss: 0.0018979058368131518 | Time:1.4552576541900635
2025-03-15 09:50:20,817 - Epoch: 20 Step: 47/79 | Loss: 9.749792661750689e-05 | Time:1.2670931816101074
2025-03-15 09:50:21,896 - Epoch: 20 Step: 48/79 | Loss: 0.002202874282374978 | Time:1.0626869201660156
2025-03-15 09:50:23,116 - Epoch: 20 Step: 49/79 | Loss: 0.0002918534737545997 | Time:1.2360079288482666
2025-03-15 09:50:24,477 - Epoch: 20 Step: 50/79 | Loss: 0.0005082116113044322 | Time:1.3453986644744873
2025-03-15 09:50:25,589 - Epoch: 20 Step: 51/79 | Loss: 0.0013568592257797718 | Time:1.127701997756958
2025-03-15 09:50:26,949 - Epoch: 20 Step: 52/79 | Loss: 0.011284487321972847 | Time:1.3604116439819336
2025-03-15 09:50:28,362 - Epoch: 20 Step: 53/79 | Loss: 0.0008771417778916657 | Time:1.4068787097930908
2025-03-15 09:50:29,889 - Epoch: 20 Step: 54/79 | Loss: 0.0944831445813179 | Time:1.5178172588348389
2025-03-15 09:50:31,095 - Epoch: 20 Step: 55/79 | Loss: 0.0001449400297133252 | Time:1.220639944076538
2025-03-15 09:50:32,266 - Epoch: 20 Step: 56/79 | Loss: 6.437867705244571e-05 | Time:1.1717286109924316
2025-03-15 09:50:33,518 - Epoch: 20 Step: 57/79 | Loss: 0.0013670509215444326 | Time:1.2584917545318604
2025-03-15 09:50:34,785 - Epoch: 20 Step: 58/79 | Loss: 0.00012775190407410264 | Time:1.2602455615997314
2025-03-15 09:50:36,019 - Epoch: 20 Step: 59/79 | Loss: 0.0031852175015956163 | Time:1.2206084728240967
2025-03-15 09:50:37,241 - Epoch: 20 Step: 60/79 | Loss: 0.00046853316598571837 | Time:1.2353403568267822
2025-03-15 09:50:38,243 - Epoch: 20 Step: 61/79 | Loss: 1.7638869394431822e-05 | Time:0.9864449501037598
2025-03-15 09:50:39,745 - Epoch: 20 Step: 62/79 | Loss: 0.0019670326728373766 | Time:1.5174589157104492
2025-03-15 09:50:40,965 - Epoch: 20 Step: 63/79 | Loss: 0.0015196730382740498 | Time:1.2193148136138916
2025-03-15 09:50:42,046 - Epoch: 20 Step: 64/79 | Loss: 0.0005703039350919425 | Time:1.0809476375579834
2025-03-15 09:50:43,186 - Epoch: 20 Step: 65/79 | Loss: 7.60796683607623e-05 | Time:1.1490123271942139
2025-03-15 09:50:44,469 - Epoch: 20 Step: 66/79 | Loss: 0.08374397456645966 | Time:1.2737700939178467
2025-03-15 09:50:45,578 - Epoch: 20 Step: 67/79 | Loss: 0.013998043723404408 | Time:1.0947632789611816
2025-03-15 09:50:46,971 - Epoch: 20 Step: 68/79 | Loss: 0.00028818086138926446 | Time:1.4081315994262695
2025-03-15 09:50:48,067 - Epoch: 20 Step: 69/79 | Loss: 0.0007608628366142511 | Time:1.0960655212402344
2025-03-15 09:50:49,114 - Epoch: 20 Step: 70/79 | Loss: 0.00047073911991901696 | Time:1.046720027923584
2025-03-15 09:50:50,209 - Epoch: 20 Step: 71/79 | Loss: 0.00014975096564739943 | Time:1.095536708831787
2025-03-15 09:50:51,319 - Epoch: 20 Step: 72/79 | Loss: 0.00013271422358229756 | Time:1.114091396331787
2025-03-15 09:50:52,415 - Epoch: 20 Step: 73/79 | Loss: 0.0001376898871967569 | Time:1.0913679599761963
2025-03-15 09:50:53,683 - Epoch: 20 Step: 74/79 | Loss: 0.008198026567697525 | Time:1.2682559490203857
2025-03-15 09:50:54,903 - Epoch: 20 Step: 75/79 | Loss: 0.00044992976472713053 | Time:1.2269911766052246
2025-03-15 09:50:55,968 - Epoch: 20 Step: 76/79 | Loss: 0.0002967792097479105 | Time:1.0601475238800049
2025-03-15 09:50:57,141 - Epoch: 20 Step: 77/79 | Loss: 0.0008662590989843011 | Time:1.1706585884094238
2025-03-15 09:50:58,486 - Epoch: 20 Step: 78/79 | Loss: 0.004027716815471649 | Time:1.3511886596679688
2025-03-15 09:50:58,658 - Epoch: 20 Step: 79/79 | Loss: 4.172323428974778e-07 | Time:0.21305370330810547
2025-03-15 09:50:59,551 - Val_Epoch:20.0 Step: 1/32 | Loss: 0.007967866025865078 | Time:0
2025-03-15 09:51:00,598 - Val_Epoch:20.0 Step: 2/32 | Loss: 0.20249204337596893 | Time:0.8931171894073486
2025-03-15 09:51:01,960 - Val_Epoch:20.0 Step: 3/32 | Loss: 0.28836825489997864 | Time:1.0471138954162598
2025-03-15 09:51:03,008 - Val_Epoch:20.0 Step: 4/32 | Loss: 0.20761877298355103 | Time:1.3612637519836426
2025-03-15 09:51:04,009 - Val_Epoch:20.0 Step: 5/32 | Loss: 0.0037426536437124014 | Time:1.0479686260223389
2025-03-15 09:51:04,964 - Val_Epoch:20.0 Step: 6/32 | Loss: 0.3079600930213928 | Time:1.001833438873291
2025-03-15 09:51:05,996 - Val_Epoch:20.0 Step: 7/32 | Loss: 0.05914906784892082 | Time:0.9549763202667236
2025-03-15 09:51:07,465 - Val_Epoch:20.0 Step: 8/32 | Loss: 0.05505125969648361 | Time:1.0317473411560059
2025-03-15 09:51:08,544 - Val_Epoch:20.0 Step: 9/32 | Loss: 0.04020562395453453 | Time:1.4686226844787598
2025-03-15 09:51:09,603 - Val_Epoch:20.0 Step: 10/32 | Loss: 0.026398200541734695 | Time:1.0796525478363037
2025-03-15 09:51:10,861 - Val_Epoch:20.0 Step: 11/32 | Loss: 0.38691017031669617 | Time:1.0584893226623535
2025-03-15 09:51:11,956 - Val_Epoch:20.0 Step: 12/32 | Loss: 0.2173980474472046 | Time:1.2584850788116455
2025-03-15 09:51:12,926 - Val_Epoch:20.0 Step: 13/32 | Loss: 0.07458880543708801 | Time:1.0947022438049316
2025-03-15 09:51:13,990 - Val_Epoch:20.0 Step: 14/32 | Loss: 0.07707566767930984 | Time:0.9698176383972168
2025-03-15 09:51:14,991 - Val_Epoch:20.0 Step: 15/32 | Loss: 0.13620275259017944 | Time:1.0642669200897217
2025-03-15 09:51:16,212 - Val_Epoch:20.0 Step: 16/32 | Loss: 0.27153685688972473 | Time:1.0007858276367188
2025-03-15 09:51:17,558 - Val_Epoch:20.0 Step: 17/32 | Loss: 0.019877826794981956 | Time:1.220625638961792
2025-03-15 09:51:18,715 - Val_Epoch:20.0 Step: 18/32 | Loss: 0.11236507445573807 | Time:1.345999002456665
2025-03-15 09:51:19,810 - Val_Epoch:20.0 Step: 19/32 | Loss: 0.24237389862537384 | Time:1.156980037689209
2025-03-15 09:51:20,718 - Val_Epoch:20.0 Step: 20/32 | Loss: 0.2437707483768463 | Time:1.0956854820251465
2025-03-15 09:51:21,797 - Val_Epoch:20.0 Step: 21/32 | Loss: 0.02180885337293148 | Time:0.9078583717346191
2025-03-15 09:51:22,797 - Val_Epoch:20.0 Step: 22/32 | Loss: 0.3166162967681885 | Time:1.079028844833374
2025-03-15 09:51:23,705 - Val_Epoch:20.0 Step: 23/32 | Loss: 0.21365584433078766 | Time:0.999812126159668
2025-03-15 09:51:24,799 - Val_Epoch:20.0 Step: 24/32 | Loss: 0.4306851327419281 | Time:0.9083576202392578
2025-03-15 09:51:25,863 - Val_Epoch:20.0 Step: 25/32 | Loss: 0.015456696972250938 | Time:1.0939347743988037
2025-03-15 09:51:27,068 - Val_Epoch:20.0 Step: 26/32 | Loss: 0.12469606101512909 | Time:1.0637433528900146
2025-03-15 09:51:28,335 - Val_Epoch:20.0 Step: 27/32 | Loss: 0.2490345686674118 | Time:1.2050409317016602
2025-03-15 09:51:29,383 - Val_Epoch:20.0 Step: 28/32 | Loss: 0.28131887316703796 | Time:1.2668557167053223
2025-03-15 09:51:30,258 - Val_Epoch:20.0 Step: 29/32 | Loss: 0.21863090991973877 | Time:1.0476768016815186
2025-03-15 09:51:31,213 - Val_Epoch:20.0 Step: 30/32 | Loss: 0.0022140266373753548 | Time:0.8757262229919434
2025-03-15 09:51:32,339 - Val_Epoch:20.0 Step: 31/32 | Loss: 0.23359692096710205 | Time:0.9543797969818115
2025-03-15 09:51:32,543 - Val_Epoch:20.0 Step: 32/32 | Loss: 0.6851747632026672 | Time:1.1264684200286865
2025-03-15 09:51:32,543 - Validation - Accuracy: 0.9579579579579579, Precision: 0.9428571428571428, Recall: 0.9103448275862069, F1-Score: 0.9263157894736842
2025-03-15 09:51:38,225 - Saved model as model_epoch_20_acc_0.9580.pt
2025-03-15 09:51:38,227 - 
*** EPOCH: 21 ***

2025-03-15 09:51:39,912 - Epoch: 21 Step: 1/79 | Loss: 0.003665956435725093 | Time:1.622605323791504
2025-03-15 09:51:41,116 - Epoch: 21 Step: 2/79 | Loss: 0.0006388316978700459 | Time:1.2043147087097168
2025-03-15 09:51:42,336 - Epoch: 21 Step: 3/79 | Loss: 0.0005320201744325459 | Time:1.2044086456298828
2025-03-15 09:51:43,447 - Epoch: 21 Step: 4/79 | Loss: 0.010754819959402084 | Time:1.126335620880127
2025-03-15 09:51:44,542 - Epoch: 21 Step: 5/79 | Loss: 0.0016905112424865365 | Time:1.0948314666748047
2025-03-15 09:51:45,636 - Epoch: 21 Step: 6/79 | Loss: 0.009345491416752338 | Time:1.0943827629089355
2025-03-15 09:51:46,903 - Epoch: 21 Step: 7/79 | Loss: 0.0002695946313906461 | Time:1.2667272090911865
2025-03-15 09:51:48,107 - Epoch: 21 Step: 8/79 | Loss: 0.0006307977600954473 | Time:1.2038590908050537
2025-03-15 09:51:49,232 - Epoch: 21 Step: 9/79 | Loss: 0.001770203234627843 | Time:1.1096713542938232
2025-03-15 09:51:50,374 - Epoch: 21 Step: 10/79 | Loss: 0.0005380471120588481 | Time:1.1578335762023926
2025-03-15 09:51:51,846 - Epoch: 21 Step: 11/79 | Loss: 0.010331057012081146 | Time:1.4558887481689453
2025-03-15 09:51:53,006 - Epoch: 21 Step: 12/79 | Loss: 0.0008223754703067243 | Time:1.158313512802124
2025-03-15 09:51:54,192 - Epoch: 21 Step: 13/79 | Loss: 0.0012174110161140561 | Time:1.2035026550292969
2025-03-15 09:51:55,459 - Epoch: 21 Step: 14/79 | Loss: 0.02549503929913044 | Time:1.2668147087097168
2025-03-15 09:51:56,570 - Epoch: 21 Step: 15/79 | Loss: 0.0004730245564132929 | Time:1.1109709739685059
2025-03-15 09:51:57,805 - Epoch: 21 Step: 16/79 | Loss: 0.0006937120342627168 | Time:1.2354793548583984
2025-03-15 09:51:59,056 - Epoch: 21 Step: 17/79 | Loss: 0.0006667008274234831 | Time:1.2512202262878418
2025-03-15 09:52:00,261 - Epoch: 21 Step: 18/79 | Loss: 0.00040165369864553213 | Time:1.2042441368103027
2025-03-15 09:52:01,606 - Epoch: 21 Step: 19/79 | Loss: 0.0426318533718586 | Time:1.344956874847412
2025-03-15 09:52:02,684 - Epoch: 21 Step: 20/79 | Loss: 0.0005371500155888498 | Time:1.0784389972686768
2025-03-15 09:52:04,091 - Epoch: 21 Step: 21/79 | Loss: 0.00024213537108153105 | Time:1.4064679145812988
2025-03-15 09:52:05,107 - Epoch: 21 Step: 22/79 | Loss: 0.0015209419652819633 | Time:1.0004196166992188
2025-03-15 09:52:06,169 - Epoch: 21 Step: 23/79 | Loss: 0.0009959073504433036 | Time:1.078402042388916
2025-03-15 09:52:07,483 - Epoch: 21 Step: 24/79 | Loss: 0.012298514135181904 | Time:1.313324213027954
2025-03-15 09:52:08,810 - Epoch: 21 Step: 25/79 | Loss: 0.005831505171954632 | Time:1.3277513980865479
2025-03-15 09:52:10,232 - Epoch: 21 Step: 26/79 | Loss: 0.03718006983399391 | Time:1.4064431190490723
2025-03-15 09:52:11,468 - Epoch: 21 Step: 27/79 | Loss: 0.12013106793165207 | Time:1.250715732574463
2025-03-15 09:52:12,609 - Epoch: 21 Step: 28/79 | Loss: 0.0009549865499138832 | Time:1.1418683528900146
2025-03-15 09:52:13,970 - Epoch: 21 Step: 29/79 | Loss: 0.002588266273960471 | Time:1.3596723079681396
2025-03-15 09:52:15,001 - Epoch: 21 Step: 30/79 | Loss: 0.008809322491288185 | Time:1.0316994190216064
2025-03-15 09:52:16,376 - Epoch: 21 Step: 31/79 | Loss: 0.0017191226361319423 | Time:1.3596014976501465
2025-03-15 09:52:17,579 - Epoch: 21 Step: 32/79 | Loss: 0.0021511195227503777 | Time:1.2185273170471191
2025-03-15 09:52:18,829 - Epoch: 21 Step: 33/79 | Loss: 4.8897083615884185e-05 | Time:1.2502264976501465
2025-03-15 09:52:20,064 - Epoch: 21 Step: 34/79 | Loss: 0.00043407847988419235 | Time:1.2344071865081787
2025-03-15 09:52:21,329 - Epoch: 21 Step: 35/79 | Loss: 0.004508222918957472 | Time:1.265439510345459
2025-03-15 09:52:22,517 - Epoch: 21 Step: 36/79 | Loss: 0.0014938553795218468 | Time:1.1880195140838623
2025-03-15 09:52:23,846 - Epoch: 21 Step: 37/79 | Loss: 0.0007669293554499745 | Time:1.3132617473602295
2025-03-15 09:52:25,237 - Epoch: 21 Step: 38/79 | Loss: 0.035782672464847565 | Time:1.3907320499420166
2025-03-15 09:52:26,377 - Epoch: 21 Step: 39/79 | Loss: 0.0008825112017802894 | Time:1.1563317775726318
2025-03-15 09:52:27,565 - Epoch: 21 Step: 40/79 | Loss: 0.003059878945350647 | Time:1.187936782836914
2025-03-15 09:52:28,690 - Epoch: 21 Step: 41/79 | Loss: 0.0024826463777571917 | Time:1.124946117401123
2025-03-15 09:52:29,863 - Epoch: 21 Step: 42/79 | Loss: 0.0006473532994277775 | Time:1.1727790832519531
2025-03-15 09:52:31,039 - Epoch: 21 Step: 43/79 | Loss: 0.0003956827858928591 | Time:1.1758275032043457
2025-03-15 09:52:32,275 - Epoch: 21 Step: 44/79 | Loss: 0.0013823071494698524 | Time:1.236508846282959
2025-03-15 09:52:33,574 - Epoch: 21 Step: 45/79 | Loss: 0.005346239544451237 | Time:1.2981455326080322
2025-03-15 09:52:34,700 - Epoch: 21 Step: 46/79 | Loss: 0.0015705650439485908 | Time:1.1257357597351074
2025-03-15 09:52:36,013 - Epoch: 21 Step: 47/79 | Loss: 0.022076372057199478 | Time:1.3139567375183105
2025-03-15 09:52:37,249 - Epoch: 21 Step: 48/79 | Loss: 0.016539176926016808 | Time:1.2206923961639404
2025-03-15 09:52:38,501 - Epoch: 21 Step: 49/79 | Loss: 0.003657692577689886 | Time:1.266735315322876
2025-03-15 09:52:39,862 - Epoch: 21 Step: 50/79 | Loss: 0.001701067783869803 | Time:1.3617126941680908
2025-03-15 09:52:40,959 - Epoch: 21 Step: 51/79 | Loss: 0.0022985918913036585 | Time:1.0957379341125488
2025-03-15 09:52:42,132 - Epoch: 21 Step: 52/79 | Loss: 0.00019152658933307976 | Time:1.1679069995880127
2025-03-15 09:52:43,257 - Epoch: 21 Step: 53/79 | Loss: 0.0006997392047196627 | Time:1.1313600540161133
2025-03-15 09:52:44,354 - Epoch: 21 Step: 54/79 | Loss: 0.0009147704113274813 | Time:1.0790295600891113
2025-03-15 09:52:45,634 - Epoch: 21 Step: 55/79 | Loss: 0.004180907737463713 | Time:1.29750657081604
2025-03-15 09:52:46,808 - Epoch: 21 Step: 56/79 | Loss: 0.000138184055685997 | Time:1.1737301349639893
2025-03-15 09:52:48,231 - Epoch: 21 Step: 57/79 | Loss: 0.05957747623324394 | Time:1.42372727394104
2025-03-15 09:52:49,483 - Epoch: 21 Step: 58/79 | Loss: 0.022136367857456207 | Time:1.251784324645996
2025-03-15 09:52:50,594 - Epoch: 21 Step: 59/79 | Loss: 0.00025456672301515937 | Time:1.1105213165283203
2025-03-15 09:52:51,689 - Epoch: 21 Step: 60/79 | Loss: 0.0008369411225430667 | Time:1.0955002307891846
2025-03-15 09:52:52,737 - Epoch: 21 Step: 61/79 | Loss: 0.013311270624399185 | Time:1.047715663909912
2025-03-15 09:52:54,114 - Epoch: 21 Step: 62/79 | Loss: 0.0047626737505197525 | Time:1.3760182857513428
2025-03-15 09:52:55,239 - Epoch: 21 Step: 63/79 | Loss: 7.856384036131203e-05 | Time:1.1263878345489502
2025-03-15 09:52:56,365 - Epoch: 21 Step: 64/79 | Loss: 0.0004797821748070419 | Time:1.1260218620300293
2025-03-15 09:52:57,586 - Epoch: 21 Step: 65/79 | Loss: 0.001369406352750957 | Time:1.2205290794372559
2025-03-15 09:52:59,010 - Epoch: 21 Step: 66/79 | Loss: 0.0005063316784799099 | Time:1.4076032638549805
2025-03-15 09:52:59,933 - Epoch: 21 Step: 67/79 | Loss: 6.704870611429214e-05 | Time:0.9392626285552979
2025-03-15 09:53:01,122 - Epoch: 21 Step: 68/79 | Loss: 0.0017418772913515568 | Time:1.189072608947754
2025-03-15 09:53:02,358 - Epoch: 21 Step: 69/79 | Loss: 0.00026706643984653056 | Time:1.2365522384643555
2025-03-15 09:53:03,531 - Epoch: 21 Step: 70/79 | Loss: 5.823714309372008e-05 | Time:1.17317795753479
2025-03-15 09:53:04,579 - Epoch: 21 Step: 71/79 | Loss: 0.0010882930364459753 | Time:1.0477564334869385
2025-03-15 09:53:05,815 - Epoch: 21 Step: 72/79 | Loss: 0.0046616205945611 | Time:1.2425117492675781
2025-03-15 09:53:07,207 - Epoch: 21 Step: 73/79 | Loss: 0.0009639481431804597 | Time:1.385615348815918
2025-03-15 09:53:08,427 - Epoch: 21 Step: 74/79 | Loss: 0.00036743824603036046 | Time:1.2190730571746826
2025-03-15 09:53:09,758 - Epoch: 21 Step: 75/79 | Loss: 0.0002996533876284957 | Time:1.3311922550201416
2025-03-15 09:53:10,931 - Epoch: 21 Step: 76/79 | Loss: 0.0007894254522398114 | Time:1.1818463802337646
2025-03-15 09:53:12,197 - Epoch: 21 Step: 77/79 | Loss: 0.0005758460611104965 | Time:1.2578532695770264
2025-03-15 09:53:13,446 - Epoch: 21 Step: 78/79 | Loss: 0.0010929276468232274 | Time:1.2357583045959473
2025-03-15 09:53:13,698 - Epoch: 21 Step: 79/79 | Loss: 0.00030246234382502735 | Time:0.3122067451477051
2025-03-15 09:53:14,576 - Val_Epoch:21.0 Step: 1/32 | Loss: 0.05558645725250244 | Time:0
2025-03-15 09:53:15,607 - Val_Epoch:21.0 Step: 2/32 | Loss: 0.24272236227989197 | Time:0.8772540092468262
2025-03-15 09:53:16,952 - Val_Epoch:21.0 Step: 3/32 | Loss: 0.3681630790233612 | Time:1.0316953659057617
2025-03-15 09:53:17,987 - Val_Epoch:21.0 Step: 4/32 | Loss: 0.30450135469436646 | Time:1.3449146747589111
2025-03-15 09:53:18,988 - Val_Epoch:21.0 Step: 5/32 | Loss: 0.0028166731353849173 | Time:1.0342328548431396
2025-03-15 09:53:19,941 - Val_Epoch:21.0 Step: 6/32 | Loss: 0.41891294717788696 | Time:1.0010228157043457
2025-03-15 09:53:20,958 - Val_Epoch:21.0 Step: 7/32 | Loss: 0.06996461004018784 | Time:0.953493595123291
2025-03-15 09:53:22,429 - Val_Epoch:21.0 Step: 8/32 | Loss: 0.013494141399860382 | Time:1.017242670059204
2025-03-15 09:53:23,493 - Val_Epoch:21.0 Step: 9/32 | Loss: 0.11560103297233582 | Time:1.4706246852874756
2025-03-15 09:53:24,540 - Val_Epoch:21.0 Step: 10/32 | Loss: 0.0023854300379753113 | Time:1.0638084411621094
2025-03-15 09:53:25,808 - Val_Epoch:21.0 Step: 11/32 | Loss: 0.3089650571346283 | Time:1.0471911430358887
2025-03-15 09:53:26,871 - Val_Epoch:21.0 Step: 12/32 | Loss: 0.20153012871742249 | Time:1.2678537368774414
2025-03-15 09:53:27,856 - Val_Epoch:21.0 Step: 13/32 | Loss: 0.2091987133026123 | Time:1.078726053237915
2025-03-15 09:53:28,889 - Val_Epoch:21.0 Step: 14/32 | Loss: 0.029846325516700745 | Time:0.9693577289581299
2025-03-15 09:53:29,890 - Val_Epoch:21.0 Step: 15/32 | Loss: 0.04517730325460434 | Time:1.0485641956329346
2025-03-15 09:53:31,095 - Val_Epoch:21.0 Step: 16/32 | Loss: 0.26819413900375366 | Time:0.9859282970428467
2025-03-15 09:53:32,283 - Val_Epoch:21.0 Step: 17/32 | Loss: 0.0033826178405433893 | Time:1.20456862449646
2025-03-15 09:53:33,425 - Val_Epoch:21.0 Step: 18/32 | Loss: 0.11427140235900879 | Time:1.1886959075927734
2025-03-15 09:53:34,551 - Val_Epoch:21.0 Step: 19/32 | Loss: 0.25655239820480347 | Time:1.1416115760803223
2025-03-15 09:53:35,458 - Val_Epoch:21.0 Step: 20/32 | Loss: 0.287246435880661 | Time:1.1255600452423096
2025-03-15 09:53:36,522 - Val_Epoch:21.0 Step: 21/32 | Loss: 0.0036527749616652727 | Time:0.9074509143829346
2025-03-15 09:53:37,491 - Val_Epoch:21.0 Step: 22/32 | Loss: 0.36418378353118896 | Time:1.0634148120880127
2025-03-15 09:53:38,412 - Val_Epoch:21.0 Step: 23/32 | Loss: 0.1330433338880539 | Time:0.9697606563568115
2025-03-15 09:53:39,524 - Val_Epoch:21.0 Step: 24/32 | Loss: 0.4189687967300415 | Time:0.9202921390533447
2025-03-15 09:53:40,572 - Val_Epoch:21.0 Step: 25/32 | Loss: 0.005668646190315485 | Time:1.1123530864715576
2025-03-15 09:53:41,762 - Val_Epoch:21.0 Step: 26/32 | Loss: 0.10822068899869919 | Time:1.0483345985412598
2025-03-15 09:53:42,951 - Val_Epoch:21.0 Step: 27/32 | Loss: 0.20333512127399445 | Time:1.1895415782928467
2025-03-15 09:53:43,996 - Val_Epoch:21.0 Step: 28/32 | Loss: 0.34195205569267273 | Time:1.1888184547424316
2025-03-15 09:53:44,841 - Val_Epoch:21.0 Step: 29/32 | Loss: 0.12298832833766937 | Time:1.046400547027588
2025-03-15 09:53:45,780 - Val_Epoch:21.0 Step: 30/32 | Loss: 0.013553665950894356 | Time:0.8443164825439453
2025-03-15 09:53:46,907 - Val_Epoch:21.0 Step: 31/32 | Loss: 0.30646923184394836 | Time:0.938765287399292
2025-03-15 09:53:47,111 - Val_Epoch:21.0 Step: 32/32 | Loss: 0.6128702163696289 | Time:1.1421277523040771
2025-03-15 09:53:47,111 - Validation - Accuracy: 0.9569569569569569, Precision: 0.9363957597173145, Recall: 0.9137931034482759, F1-Score: 0.924956369982548
2025-03-15 09:53:47,111 - Saved model as model_epoch_21_acc_0.9570.pt
2025-03-15 09:53:47,111 - 
*** EPOCH: 22 ***

2025-03-15 09:53:48,157 - Epoch: 22 Step: 1/79 | Loss: 0.0007383473566733301 | Time:0.9680774211883545
2025-03-15 09:53:49,268 - Epoch: 22 Step: 2/79 | Loss: 0.00035373959690332413 | Time:1.1267259120941162
2025-03-15 09:53:50,443 - Epoch: 22 Step: 3/79 | Loss: 5.530407725018449e-05 | Time:1.1737942695617676
2025-03-15 09:53:51,475 - Epoch: 22 Step: 4/79 | Loss: 7.637486851308495e-05 | Time:1.0163938999176025
2025-03-15 09:53:52,612 - Epoch: 22 Step: 5/79 | Loss: 0.0004081316583324224 | Time:1.1415307521820068
2025-03-15 09:53:53,762 - Epoch: 22 Step: 6/79 | Loss: 0.030261123552918434 | Time:1.1572258472442627
2025-03-15 09:53:55,025 - Epoch: 22 Step: 7/79 | Loss: 0.0013610345777124166 | Time:1.2675085067749023
2025-03-15 09:53:56,260 - Epoch: 22 Step: 8/79 | Loss: 0.012130554765462875 | Time:1.2479028701782227
2025-03-15 09:53:57,433 - Epoch: 22 Step: 9/79 | Loss: 0.015089079737663269 | Time:1.1604669094085693
2025-03-15 09:53:58,497 - Epoch: 22 Step: 10/79 | Loss: 0.00012874558160547167 | Time:1.0636942386627197
2025-03-15 09:53:59,670 - Epoch: 22 Step: 11/79 | Loss: 0.0001292337547056377 | Time:1.1727418899536133
2025-03-15 09:54:00,844 - Epoch: 22 Step: 12/79 | Loss: 0.001659018686041236 | Time:1.1788582801818848
2025-03-15 09:54:01,940 - Epoch: 22 Step: 13/79 | Loss: 0.0010259542614221573 | Time:1.0911924839019775
2025-03-15 09:54:03,067 - Epoch: 22 Step: 14/79 | Loss: 0.0047197360545396805 | Time:1.127669334411621
2025-03-15 09:54:04,272 - Epoch: 22 Step: 15/79 | Loss: 0.00021383349667303264 | Time:1.2042319774627686
2025-03-15 09:54:05,585 - Epoch: 22 Step: 16/79 | Loss: 0.044619303196668625 | Time:1.313744068145752
2025-03-15 09:54:06,759 - Epoch: 22 Step: 17/79 | Loss: 0.00012697688362095505 | Time:1.173769474029541
2025-03-15 09:54:08,011 - Epoch: 22 Step: 18/79 | Loss: 0.0007731010555289686 | Time:1.2513813972473145
2025-03-15 09:54:09,136 - Epoch: 22 Step: 19/79 | Loss: 0.0006916100392118096 | Time:1.1255156993865967
2025-03-15 09:54:10,357 - Epoch: 22 Step: 20/79 | Loss: 0.00010009388643084094 | Time:1.2204933166503906
2025-03-15 09:54:11,905 - Epoch: 22 Step: 21/79 | Loss: 0.031266506761312485 | Time:1.5486552715301514
2025-03-15 09:54:13,204 - Epoch: 22 Step: 22/79 | Loss: 0.0001848067477112636 | Time:1.2988567352294922
2025-03-15 09:54:14,440 - Epoch: 22 Step: 23/79 | Loss: 0.01686066761612892 | Time:1.2349753379821777
2025-03-15 09:54:15,817 - Epoch: 22 Step: 24/79 | Loss: 0.018665866926312447 | Time:1.3812675476074219
2025-03-15 09:54:16,850 - Epoch: 22 Step: 25/79 | Loss: 0.0012264706892892718 | Time:1.029242753982544
2025-03-15 09:54:18,132 - Epoch: 22 Step: 26/79 | Loss: 0.0011644366895779967 | Time:1.2829349040985107
2025-03-15 09:54:19,321 - Epoch: 22 Step: 27/79 | Loss: 9.03001127880998e-05 | Time:1.1885952949523926
2025-03-15 09:54:20,635 - Epoch: 22 Step: 28/79 | Loss: 0.00503852404654026 | Time:1.3138163089752197
2025-03-15 09:54:21,761 - Epoch: 22 Step: 29/79 | Loss: 0.00012561336916405708 | Time:1.1264348030090332
2025-03-15 09:54:23,076 - Epoch: 22 Step: 30/79 | Loss: 0.0028097936883568764 | Time:1.3143703937530518
2025-03-15 09:54:24,280 - Epoch: 22 Step: 31/79 | Loss: 0.0010936682811006904 | Time:1.2042922973632812
2025-03-15 09:54:25,563 - Epoch: 22 Step: 32/79 | Loss: 0.002671432215720415 | Time:1.2826998233795166
2025-03-15 09:54:26,704 - Epoch: 22 Step: 33/79 | Loss: 0.05186428502202034 | Time:1.1417858600616455
2025-03-15 09:54:28,019 - Epoch: 22 Step: 34/79 | Loss: 0.0002937335812021047 | Time:1.314669132232666
2025-03-15 09:54:29,067 - Epoch: 22 Step: 35/79 | Loss: 0.00046078572631813586 | Time:1.0477073192596436
2025-03-15 09:54:30,130 - Epoch: 22 Step: 36/79 | Loss: 0.0001745617773849517 | Time:1.0634689331054688
2025-03-15 09:54:31,414 - Epoch: 22 Step: 37/79 | Loss: 0.0006738511146977544 | Time:1.2829089164733887
2025-03-15 09:54:32,603 - Epoch: 22 Step: 38/79 | Loss: 0.000264706410234794 | Time:1.1745944023132324
2025-03-15 09:54:33,699 - Epoch: 22 Step: 39/79 | Loss: 0.00026228275964967906 | Time:1.1109507083892822
2025-03-15 09:54:34,809 - Epoch: 22 Step: 40/79 | Loss: 6.903172470629215e-05 | Time:1.1103341579437256
2025-03-15 09:54:36,061 - Epoch: 22 Step: 41/79 | Loss: 0.00010584511619526893 | Time:1.2458086013793945
2025-03-15 09:54:37,375 - Epoch: 22 Step: 42/79 | Loss: 0.00011717117013176903 | Time:1.3042140007019043
2025-03-15 09:54:38,689 - Epoch: 22 Step: 43/79 | Loss: 0.007184620015323162 | Time:1.330183506011963
2025-03-15 09:54:39,753 - Epoch: 22 Step: 44/79 | Loss: 0.00093174132052809 | Time:1.0485751628875732
2025-03-15 09:54:41,037 - Epoch: 22 Step: 45/79 | Loss: 5.9875139413634315e-05 | Time:1.2833166122436523
2025-03-15 09:54:42,242 - Epoch: 22 Step: 46/79 | Loss: 0.0010317962151020765 | Time:1.2209038734436035
2025-03-15 09:54:43,555 - Epoch: 22 Step: 47/79 | Loss: 0.000524686009157449 | Time:1.3132660388946533
2025-03-15 09:54:45,057 - Epoch: 22 Step: 48/79 | Loss: 0.0010073339799419045 | Time:1.5018694400787354
2025-03-15 09:54:46,325 - Epoch: 22 Step: 49/79 | Loss: 0.00013314337411429733 | Time:1.251692295074463
2025-03-15 09:54:47,826 - Epoch: 22 Step: 50/79 | Loss: 0.0446799173951149 | Time:1.5797984600067139
2025-03-15 09:54:49,064 - Epoch: 22 Step: 51/79 | Loss: 0.0005713682039640844 | Time:1.175628900527954
2025-03-15 09:54:50,175 - Epoch: 22 Step: 52/79 | Loss: 0.0006969812093302608 | Time:1.1104772090911865
2025-03-15 09:54:51,597 - Epoch: 22 Step: 53/79 | Loss: 0.00035120148095302284 | Time:1.4220809936523438
2025-03-15 09:54:52,802 - Epoch: 22 Step: 54/79 | Loss: 9.945342026185244e-05 | Time:1.2049238681793213
2025-03-15 09:54:54,147 - Epoch: 22 Step: 55/79 | Loss: 0.0017096302472054958 | Time:1.3293030261993408
2025-03-15 09:54:55,320 - Epoch: 22 Step: 56/79 | Loss: 6.556376320077106e-05 | Time:1.1884870529174805
2025-03-15 09:54:56,680 - Epoch: 22 Step: 57/79 | Loss: 0.006696454249322414 | Time:1.360515832901001
2025-03-15 09:54:57,703 - Epoch: 22 Step: 58/79 | Loss: 7.6498938142322e-05 | Time:1.0176339149475098
2025-03-15 09:54:58,966 - Epoch: 22 Step: 59/79 | Loss: 0.0005166081245988607 | Time:1.2672889232635498
2025-03-15 09:55:00,421 - Epoch: 22 Step: 60/79 | Loss: 0.002476061461493373 | Time:1.4548451900482178
2025-03-15 09:55:01,453 - Epoch: 22 Step: 61/79 | Loss: 8.375817560590804e-05 | Time:1.0324654579162598
2025-03-15 09:55:02,688 - Epoch: 22 Step: 62/79 | Loss: 0.0043815928511321545 | Time:1.2357666492462158
2025-03-15 09:55:03,768 - Epoch: 22 Step: 63/79 | Loss: 0.00020695252169389278 | Time:1.0801646709442139
2025-03-15 09:55:04,941 - Epoch: 22 Step: 64/79 | Loss: 0.0007485251990146935 | Time:1.1727149486541748
2025-03-15 09:55:05,945 - Epoch: 22 Step: 65/79 | Loss: 0.010118086822330952 | Time:1.001624584197998
2025-03-15 09:55:07,148 - Epoch: 22 Step: 66/79 | Loss: 0.0019257887033745646 | Time:1.205324411392212
2025-03-15 09:55:08,774 - Epoch: 22 Step: 67/79 | Loss: 0.0017071630572900176 | Time:1.625835657119751
2025-03-15 09:55:09,884 - Epoch: 22 Step: 68/79 | Loss: 0.0006720604724250734 | Time:1.1098194122314453
2025-03-15 09:55:11,134 - Epoch: 22 Step: 69/79 | Loss: 0.000697992742061615 | Time:1.2508001327514648
2025-03-15 09:55:12,338 - Epoch: 22 Step: 70/79 | Loss: 8.428641012869775e-05 | Time:1.2037312984466553
2025-03-15 09:55:13,666 - Epoch: 22 Step: 71/79 | Loss: 0.0003635324537754059 | Time:1.328096628189087
2025-03-15 09:55:14,697 - Epoch: 22 Step: 72/79 | Loss: 0.0006626734393648803 | Time:1.0311636924743652
2025-03-15 09:55:16,011 - Epoch: 22 Step: 73/79 | Loss: 0.00010841683251783252 | Time:1.3072857856750488
2025-03-15 09:55:17,341 - Epoch: 22 Step: 74/79 | Loss: 0.0024572652764618397 | Time:1.336484670639038
2025-03-15 09:55:18,484 - Epoch: 22 Step: 75/79 | Loss: 4.616875958163291e-05 | Time:1.142029047012329
2025-03-15 09:55:19,672 - Epoch: 22 Step: 76/79 | Loss: 0.0014290305553004146 | Time:1.1729016304016113
2025-03-15 09:55:20,859 - Epoch: 22 Step: 77/79 | Loss: 0.019221439957618713 | Time:1.1879136562347412
2025-03-15 09:55:22,128 - Epoch: 22 Step: 78/79 | Loss: 8.481909753754735e-05 | Time:1.2837841510772705
2025-03-15 09:55:22,368 - Epoch: 22 Step: 79/79 | Loss: 2.2053648081055144e-06 | Time:0.2900660037994385
2025-03-15 09:55:23,252 - Val_Epoch:22.0 Step: 1/32 | Loss: 0.04935862123966217 | Time:0
2025-03-15 09:55:24,292 - Val_Epoch:22.0 Step: 2/32 | Loss: 0.24142740666866302 | Time:0.8818657398223877
2025-03-15 09:55:25,647 - Val_Epoch:22.0 Step: 3/32 | Loss: 0.3480108976364136 | Time:1.0404598712921143
2025-03-15 09:55:26,694 - Val_Epoch:22.0 Step: 4/32 | Loss: 0.33983689546585083 | Time:1.3540370464324951
2025-03-15 09:55:27,712 - Val_Epoch:22.0 Step: 5/32 | Loss: 0.0010852947598323226 | Time:1.0472114086151123
2025-03-15 09:55:28,665 - Val_Epoch:22.0 Step: 6/32 | Loss: 0.4464547038078308 | Time:1.0176308155059814
2025-03-15 09:55:29,682 - Val_Epoch:22.0 Step: 7/32 | Loss: 0.1271989941596985 | Time:0.9536213874816895
2025-03-15 09:55:31,152 - Val_Epoch:22.0 Step: 8/32 | Loss: 0.03844409063458443 | Time:1.0167639255523682
2025-03-15 09:55:32,232 - Val_Epoch:22.0 Step: 9/32 | Loss: 0.08017116039991379 | Time:1.4705619812011719
2025-03-15 09:55:33,296 - Val_Epoch:22.0 Step: 10/32 | Loss: 0.008617976680397987 | Time:1.0794079303741455
2025-03-15 09:55:34,563 - Val_Epoch:22.0 Step: 11/32 | Loss: 0.3981304466724396 | Time:1.0645549297332764
2025-03-15 09:55:35,643 - Val_Epoch:22.0 Step: 12/32 | Loss: 0.208979994058609 | Time:1.267002820968628
2025-03-15 09:55:36,653 - Val_Epoch:22.0 Step: 13/32 | Loss: 0.21086309850215912 | Time:1.0948152542114258
2025-03-15 09:55:37,708 - Val_Epoch:22.0 Step: 14/32 | Loss: 0.01852717250585556 | Time:0.9946649074554443
2025-03-15 09:55:38,710 - Val_Epoch:22.0 Step: 15/32 | Loss: 0.09022625535726547 | Time:1.0548267364501953
2025-03-15 09:55:39,913 - Val_Epoch:22.0 Step: 16/32 | Loss: 0.37090951204299927 | Time:1.0024738311767578
2025-03-15 09:55:41,055 - Val_Epoch:22.0 Step: 17/32 | Loss: 0.0011451330501586199 | Time:1.2024836540222168
2025-03-15 09:55:42,197 - Val_Epoch:22.0 Step: 18/32 | Loss: 0.1750020682811737 | Time:1.1427314281463623
2025-03-15 09:55:43,325 - Val_Epoch:22.0 Step: 19/32 | Loss: 0.27638277411460876 | Time:1.1415386199951172
2025-03-15 09:55:44,231 - Val_Epoch:22.0 Step: 20/32 | Loss: 0.3190979063510895 | Time:1.1276473999023438
2025-03-15 09:55:45,325 - Val_Epoch:22.0 Step: 21/32 | Loss: 0.008032750338315964 | Time:0.9063313007354736
2025-03-15 09:55:46,312 - Val_Epoch:22.0 Step: 22/32 | Loss: 0.4742850661277771 | Time:1.0948305130004883
2025-03-15 09:55:47,222 - Val_Epoch:22.0 Step: 23/32 | Loss: 0.20393583178520203 | Time:0.9882621765136719
2025-03-15 09:55:48,314 - Val_Epoch:22.0 Step: 24/32 | Loss: 0.5187700986862183 | Time:0.9080631732940674
2025-03-15 09:55:49,398 - Val_Epoch:22.0 Step: 25/32 | Loss: 0.003222873667255044 | Time:1.0922820568084717
2025-03-15 09:55:50,597 - Val_Epoch:22.0 Step: 26/32 | Loss: 0.14622780680656433 | Time:1.0831654071807861
2025-03-15 09:55:51,787 - Val_Epoch:22.0 Step: 27/32 | Loss: 0.41955626010894775 | Time:1.199463129043579
2025-03-15 09:55:52,819 - Val_Epoch:22.0 Step: 28/32 | Loss: 0.36600932478904724 | Time:1.189490556716919
2025-03-15 09:55:53,679 - Val_Epoch:22.0 Step: 29/32 | Loss: 0.11154709756374359 | Time:1.0329666137695312
2025-03-15 09:55:54,649 - Val_Epoch:22.0 Step: 30/32 | Loss: 0.0015501417219638824 | Time:0.859717845916748
2025-03-15 09:55:55,760 - Val_Epoch:22.0 Step: 31/32 | Loss: 0.3869870901107788 | Time:0.970144510269165
2025-03-15 09:55:55,964 - Val_Epoch:22.0 Step: 32/32 | Loss: 0.5745745897293091 | Time:1.1110849380493164
2025-03-15 09:55:55,964 - Validation - Accuracy: 0.950950950950951, Precision: 0.9446494464944649, Recall: 0.8827586206896552, F1-Score: 0.9126559714795008
2025-03-15 09:55:55,964 - Saved model as model_epoch_22_acc_0.9510.pt
2025-03-15 09:55:55,964 - 
*** EPOCH: 23 ***

2025-03-15 09:55:57,279 - Epoch: 23 Step: 1/79 | Loss: 0.00027750228764489293 | Time:1.204676866531372
2025-03-15 09:55:58,586 - Epoch: 23 Step: 2/79 | Loss: 0.0008192234672605991 | Time:1.3450298309326172
2025-03-15 09:55:59,656 - Epoch: 23 Step: 3/79 | Loss: 0.004120755475014448 | Time:1.0978732109069824
2025-03-15 09:56:01,064 - Epoch: 23 Step: 4/79 | Loss: 0.006526054348796606 | Time:1.3899617195129395
2025-03-15 09:56:02,441 - Epoch: 23 Step: 5/79 | Loss: 0.0024436928797513247 | Time:1.3922576904296875
2025-03-15 09:56:03,569 - Epoch: 23 Step: 6/79 | Loss: 0.0012263469398021698 | Time:1.1127026081085205
2025-03-15 09:56:04,928 - Epoch: 23 Step: 7/79 | Loss: 0.001992009347304702 | Time:1.3591279983520508
2025-03-15 09:56:06,180 - Epoch: 23 Step: 8/79 | Loss: 0.016507428139448166 | Time:1.2539258003234863
2025-03-15 09:56:07,337 - Epoch: 23 Step: 9/79 | Loss: 4.8557925765635446e-05 | Time:1.155257225036621
2025-03-15 09:56:08,573 - Epoch: 23 Step: 10/79 | Loss: 0.00027824018616229296 | Time:1.2354011535644531
2025-03-15 09:56:09,823 - Epoch: 23 Step: 11/79 | Loss: 6.728340667905286e-05 | Time:1.2664742469787598
2025-03-15 09:56:11,186 - Epoch: 23 Step: 12/79 | Loss: 0.0008569973288103938 | Time:1.3625085353851318
2025-03-15 09:56:12,371 - Epoch: 23 Step: 13/79 | Loss: 0.000642281724140048 | Time:1.1722259521484375
2025-03-15 09:56:13,407 - Epoch: 23 Step: 14/79 | Loss: 0.00037568368134088814 | Time:1.0350804328918457
2025-03-15 09:56:14,401 - Epoch: 23 Step: 15/79 | Loss: 0.0002666961227077991 | Time:0.9828050136566162
2025-03-15 09:56:15,472 - Epoch: 23 Step: 16/79 | Loss: 0.0001651373750064522 | Time:1.0903542041778564
2025-03-15 09:56:16,583 - Epoch: 23 Step: 17/79 | Loss: 5.168599818716757e-05 | Time:1.1001613140106201
2025-03-15 09:56:17,740 - Epoch: 23 Step: 18/79 | Loss: 0.00010751128866104409 | Time:1.1731960773468018
2025-03-15 09:56:18,986 - Epoch: 23 Step: 19/79 | Loss: 3.738852683454752e-05 | Time:1.22055983543396
2025-03-15 09:56:20,166 - Epoch: 23 Step: 20/79 | Loss: 0.00021782211842946708 | Time:1.1898839473724365
2025-03-15 09:56:21,400 - Epoch: 23 Step: 21/79 | Loss: 0.00020759584731422365 | Time:1.2337753772735596
2025-03-15 09:56:22,637 - Epoch: 23 Step: 22/79 | Loss: 0.00013559142826125026 | Time:1.2372369766235352
2025-03-15 09:56:23,968 - Epoch: 23 Step: 23/79 | Loss: 0.0008618663996458054 | Time:1.3300492763519287
2025-03-15 09:56:25,157 - Epoch: 23 Step: 24/79 | Loss: 6.166502134874463e-05 | Time:1.1933767795562744
2025-03-15 09:56:26,440 - Epoch: 23 Step: 25/79 | Loss: 0.0005189513321965933 | Time:1.2785167694091797
2025-03-15 09:56:27,816 - Epoch: 23 Step: 26/79 | Loss: 0.0002539012930355966 | Time:1.3768277168273926
2025-03-15 09:56:29,203 - Epoch: 23 Step: 27/79 | Loss: 0.0014588988851755857 | Time:1.375845193862915
2025-03-15 09:56:30,647 - Epoch: 23 Step: 28/79 | Loss: 3.0481291105388664e-05 | Time:1.455138921737671
2025-03-15 09:56:31,788 - Epoch: 23 Step: 29/79 | Loss: 0.00030691566644236445 | Time:1.141481637954712
2025-03-15 09:56:32,992 - Epoch: 23 Step: 30/79 | Loss: 0.00012485346815083176 | Time:1.2035651206970215
2025-03-15 09:56:34,164 - Epoch: 23 Step: 31/79 | Loss: 2.3367461835732684e-05 | Time:1.1723477840423584
2025-03-15 09:56:35,134 - Epoch: 23 Step: 32/79 | Loss: 0.0002647816145326942 | Time:0.9851701259613037
2025-03-15 09:56:36,275 - Epoch: 23 Step: 33/79 | Loss: 0.05966942012310028 | Time:1.1252655982971191
2025-03-15 09:56:37,525 - Epoch: 23 Step: 34/79 | Loss: 0.011606020852923393 | Time:1.2501635551452637
2025-03-15 09:56:38,650 - Epoch: 23 Step: 35/79 | Loss: 0.00024413131177425385 | Time:1.1253292560577393
2025-03-15 09:56:39,931 - Epoch: 23 Step: 36/79 | Loss: 0.00018619222100824118 | Time:1.2810683250427246
2025-03-15 09:56:41,322 - Epoch: 23 Step: 37/79 | Loss: 0.023663640022277832 | Time:1.3907878398895264
2025-03-15 09:56:42,432 - Epoch: 23 Step: 38/79 | Loss: 9.664468962000683e-05 | Time:1.1097769737243652
2025-03-15 09:56:43,715 - Epoch: 23 Step: 39/79 | Loss: 0.0007756155682727695 | Time:1.282994031906128
2025-03-15 09:56:45,137 - Epoch: 23 Step: 40/79 | Loss: 0.002739943331107497 | Time:1.4221763610839844
2025-03-15 09:56:46,083 - Epoch: 23 Step: 41/79 | Loss: 5.493870048667304e-05 | Time:0.9456639289855957
2025-03-15 09:56:47,396 - Epoch: 23 Step: 42/79 | Loss: 0.00019323901506140828 | Time:1.3132240772247314
2025-03-15 09:56:48,632 - Epoch: 23 Step: 43/79 | Loss: 0.0002265216753585264 | Time:1.2362604141235352
2025-03-15 09:56:50,026 - Epoch: 23 Step: 44/79 | Loss: 0.00033797050127759576 | Time:1.392961025238037
2025-03-15 09:56:51,151 - Epoch: 23 Step: 45/79 | Loss: 0.005476923659443855 | Time:1.1262614727020264
2025-03-15 09:56:52,402 - Epoch: 23 Step: 46/79 | Loss: 0.05986063554883003 | Time:1.250258445739746
2025-03-15 09:56:53,763 - Epoch: 23 Step: 47/79 | Loss: 0.02359352819621563 | Time:1.3766779899597168
2025-03-15 09:56:55,232 - Epoch: 23 Step: 48/79 | Loss: 0.03358710929751396 | Time:1.4694578647613525
2025-03-15 09:56:56,421 - Epoch: 23 Step: 49/79 | Loss: 0.0003786300076171756 | Time:1.1722872257232666
2025-03-15 09:56:57,764 - Epoch: 23 Step: 50/79 | Loss: 0.0033611783292144537 | Time:1.3500339984893799
2025-03-15 09:56:58,952 - Epoch: 23 Step: 51/79 | Loss: 0.0002287147508468479 | Time:1.1976752281188965
2025-03-15 09:57:00,125 - Epoch: 23 Step: 52/79 | Loss: 0.004525439348071814 | Time:1.157094955444336
2025-03-15 09:57:01,281 - Epoch: 23 Step: 53/79 | Loss: 0.001595366164110601 | Time:1.1561346054077148
2025-03-15 09:57:02,610 - Epoch: 23 Step: 54/79 | Loss: 0.011869038455188274 | Time:1.3289506435394287
2025-03-15 09:57:03,595 - Epoch: 23 Step: 55/79 | Loss: 0.0001306970079895109 | Time:0.9846100807189941
2025-03-15 09:57:04,814 - Epoch: 23 Step: 56/79 | Loss: 0.00046951224794611335 | Time:1.219517469406128
2025-03-15 09:57:05,909 - Epoch: 23 Step: 57/79 | Loss: 0.0001222004066221416 | Time:1.0945651531219482
2025-03-15 09:57:07,191 - Epoch: 23 Step: 58/79 | Loss: 0.0001550542947370559 | Time:1.2820734977722168
2025-03-15 09:57:08,363 - Epoch: 23 Step: 59/79 | Loss: 7.297361298697069e-05 | Time:1.1725094318389893
2025-03-15 09:57:09,583 - Epoch: 23 Step: 60/79 | Loss: 0.0016690540360286832 | Time:1.2194526195526123
2025-03-15 09:57:10,817 - Epoch: 23 Step: 61/79 | Loss: 0.0072614653035998344 | Time:1.2346763610839844
2025-03-15 09:57:12,021 - Epoch: 23 Step: 62/79 | Loss: 0.00026527929003350437 | Time:1.204308271408081
2025-03-15 09:57:13,256 - Epoch: 23 Step: 63/79 | Loss: 0.00024057936388999224 | Time:1.2496836185455322
2025-03-15 09:57:14,491 - Epoch: 23 Step: 64/79 | Loss: 0.0002521915885154158 | Time:1.2199733257293701
2025-03-15 09:57:15,648 - Epoch: 23 Step: 65/79 | Loss: 7.450953125953674e-05 | Time:1.156883716583252
2025-03-15 09:57:16,851 - Epoch: 23 Step: 66/79 | Loss: 0.00031589510035701096 | Time:1.203049659729004
2025-03-15 09:57:17,853 - Epoch: 23 Step: 67/79 | Loss: 0.0003166505484841764 | Time:1.0009641647338867
2025-03-15 09:57:19,307 - Epoch: 23 Step: 68/79 | Loss: 0.005069029051810503 | Time:1.4547479152679443
2025-03-15 09:57:20,511 - Epoch: 23 Step: 69/79 | Loss: 0.029822789132595062 | Time:1.219815731048584
2025-03-15 09:57:21,955 - Epoch: 23 Step: 70/79 | Loss: 0.0026389758568257093 | Time:1.432770013809204
2025-03-15 09:57:23,048 - Epoch: 23 Step: 71/79 | Loss: 0.00015631785208825022 | Time:1.0887577533721924
2025-03-15 09:57:24,206 - Epoch: 23 Step: 72/79 | Loss: 0.0007480282802134752 | Time:1.1579959392547607
2025-03-15 09:57:25,583 - Epoch: 23 Step: 73/79 | Loss: 0.00013329779903870076 | Time:1.3764076232910156
2025-03-15 09:57:26,960 - Epoch: 23 Step: 74/79 | Loss: 0.00016955706814769655 | Time:1.3766593933105469
2025-03-15 09:57:28,149 - Epoch: 23 Step: 75/79 | Loss: 0.0018725469708442688 | Time:1.189380407333374
2025-03-15 09:57:29,244 - Epoch: 23 Step: 76/79 | Loss: 0.00017450599989388138 | Time:1.0954368114471436
2025-03-15 09:57:30,449 - Epoch: 23 Step: 77/79 | Loss: 0.00039165845373645425 | Time:1.2042608261108398
2025-03-15 09:57:31,763 - Epoch: 23 Step: 78/79 | Loss: 0.0008834192412905395 | Time:1.3144819736480713
2025-03-15 09:57:32,091 - Epoch: 23 Step: 79/79 | Loss: 0.0043005128391087055 | Time:0.3752741813659668
2025-03-15 09:57:32,984 - Val_Epoch:23.0 Step: 1/32 | Loss: 0.057470276951789856 | Time:0
2025-03-15 09:57:34,015 - Val_Epoch:23.0 Step: 2/32 | Loss: 0.25182241201400757 | Time:0.8921337127685547
2025-03-15 09:57:35,362 - Val_Epoch:23.0 Step: 3/32 | Loss: 0.3360626697540283 | Time:1.0319418907165527
2025-03-15 09:57:36,426 - Val_Epoch:23.0 Step: 4/32 | Loss: 0.33727237582206726 | Time:1.3469667434692383
2025-03-15 09:57:37,443 - Val_Epoch:23.0 Step: 5/32 | Loss: 0.0013742478331550956 | Time:1.0634801387786865
2025-03-15 09:57:38,398 - Val_Epoch:23.0 Step: 6/32 | Loss: 0.42817315459251404 | Time:1.0171308517456055
2025-03-15 09:57:39,431 - Val_Epoch:23.0 Step: 7/32 | Loss: 0.11112305521965027 | Time:0.9544961452484131
2025-03-15 09:57:40,919 - Val_Epoch:23.0 Step: 8/32 | Loss: 0.051594171673059464 | Time:1.0330045223236084
2025-03-15 09:57:41,995 - Val_Epoch:23.0 Step: 9/32 | Loss: 0.11065920442342758 | Time:1.4891650676727295
2025-03-15 09:57:43,058 - Val_Epoch:23.0 Step: 10/32 | Loss: 0.008078795857727528 | Time:1.075397253036499
2025-03-15 09:57:44,324 - Val_Epoch:23.0 Step: 11/32 | Loss: 0.37549081444740295 | Time:1.0633950233459473
2025-03-15 09:57:45,420 - Val_Epoch:23.0 Step: 12/32 | Loss: 0.20540866255760193 | Time:1.2655529975891113
2025-03-15 09:57:46,397 - Val_Epoch:23.0 Step: 13/32 | Loss: 0.07844620943069458 | Time:1.0962870121002197
2025-03-15 09:57:47,437 - Val_Epoch:23.0 Step: 14/32 | Loss: 0.05193135514855385 | Time:0.977776288986206
2025-03-15 09:57:48,438 - Val_Epoch:23.0 Step: 15/32 | Loss: 0.09805933386087418 | Time:1.0390608310699463
2025-03-15 09:57:49,644 - Val_Epoch:23.0 Step: 16/32 | Loss: 0.44047653675079346 | Time:1.0020899772644043
2025-03-15 09:57:50,770 - Val_Epoch:23.0 Step: 17/32 | Loss: 0.00347710563801229 | Time:1.2047162055969238
2025-03-15 09:57:51,927 - Val_Epoch:23.0 Step: 18/32 | Loss: 0.21663379669189453 | Time:1.1259346008300781
2025-03-15 09:57:53,054 - Val_Epoch:23.0 Step: 19/32 | Loss: 0.2671201825141907 | Time:1.1569619178771973
2025-03-15 09:57:53,944 - Val_Epoch:23.0 Step: 20/32 | Loss: 0.32118064165115356 | Time:1.12758207321167
2025-03-15 09:57:55,024 - Val_Epoch:23.0 Step: 21/32 | Loss: 0.011132325045764446 | Time:0.8897559642791748
2025-03-15 09:57:56,009 - Val_Epoch:23.0 Step: 22/32 | Loss: 0.4450685679912567 | Time:1.0795180797576904
2025-03-15 09:57:56,918 - Val_Epoch:23.0 Step: 23/32 | Loss: 0.14994150400161743 | Time:0.9856259822845459
2025-03-15 09:57:58,029 - Val_Epoch:23.0 Step: 24/32 | Loss: 0.5018814206123352 | Time:0.9083676338195801
2025-03-15 09:57:59,091 - Val_Epoch:23.0 Step: 25/32 | Loss: 0.0036070875357836485 | Time:1.1111788749694824
2025-03-15 09:58:00,296 - Val_Epoch:23.0 Step: 26/32 | Loss: 0.14294025301933289 | Time:1.0619163513183594
2025-03-15 09:58:01,453 - Val_Epoch:23.0 Step: 27/32 | Loss: 0.4786824584007263 | Time:1.2051496505737305
2025-03-15 09:58:02,517 - Val_Epoch:23.0 Step: 28/32 | Loss: 0.359591543674469 | Time:1.15751314163208
2025-03-15 09:58:03,377 - Val_Epoch:23.0 Step: 29/32 | Loss: 0.14176777005195618 | Time:1.063284158706665
2025-03-15 09:58:04,317 - Val_Epoch:23.0 Step: 30/32 | Loss: 0.0009758003288879991 | Time:0.8605620861053467
2025-03-15 09:58:05,428 - Val_Epoch:23.0 Step: 31/32 | Loss: 0.33494290709495544 | Time:0.9395039081573486
2025-03-15 09:58:05,631 - Val_Epoch:23.0 Step: 32/32 | Loss: 0.7221350073814392 | Time:1.110743522644043
2025-03-15 09:58:05,631 - Validation - Accuracy: 0.9519519519519519, Precision: 0.9230769230769231, Recall: 0.9103448275862069, F1-Score: 0.9166666666666667
2025-03-15 09:58:05,631 - Saved model as model_epoch_23_acc_0.9520.pt
2025-03-15 09:58:05,631 - 
*** EPOCH: 24 ***

2025-03-15 09:58:06,867 - Epoch: 24 Step: 1/79 | Loss: 5.9280599089106545e-05 | Time:1.145853042602539
2025-03-15 09:58:08,133 - Epoch: 24 Step: 2/79 | Loss: 0.0006173961446620524 | Time:1.2942147254943848
2025-03-15 09:58:09,337 - Epoch: 24 Step: 3/79 | Loss: 0.00021283763635437936 | Time:1.2056725025177002
2025-03-15 09:58:10,622 - Epoch: 24 Step: 4/79 | Loss: 0.0006943097105249763 | Time:1.285099744796753
2025-03-15 09:58:11,826 - Epoch: 24 Step: 5/79 | Loss: 0.00019441508629824966 | Time:1.2020974159240723
2025-03-15 09:58:12,968 - Epoch: 24 Step: 6/79 | Loss: 0.00027085220790468156 | Time:1.1446919441223145
2025-03-15 09:58:14,157 - Epoch: 24 Step: 7/79 | Loss: 5.7845503761200234e-05 | Time:1.186190128326416
2025-03-15 09:58:15,268 - Epoch: 24 Step: 8/79 | Loss: 2.4041788492468186e-05 | Time:1.1108262538909912
2025-03-15 09:58:16,598 - Epoch: 24 Step: 9/79 | Loss: 0.001029706560075283 | Time:1.3303062915802002
2025-03-15 09:58:17,771 - Epoch: 24 Step: 10/79 | Loss: 0.0002506998716853559 | Time:1.1731181144714355
2025-03-15 09:58:18,991 - Epoch: 24 Step: 11/79 | Loss: 0.0001314216060563922 | Time:1.2190968990325928
2025-03-15 09:58:20,273 - Epoch: 24 Step: 12/79 | Loss: 0.06459292024374008 | Time:1.2828972339630127
2025-03-15 09:58:21,463 - Epoch: 24 Step: 13/79 | Loss: 0.00015801895642653108 | Time:1.1894066333770752
2025-03-15 09:58:22,854 - Epoch: 24 Step: 14/79 | Loss: 0.0017787822289392352 | Time:1.3918609619140625
2025-03-15 09:58:24,043 - Epoch: 24 Step: 15/79 | Loss: 0.00011719408939825371 | Time:1.1889925003051758
2025-03-15 09:58:25,138 - Epoch: 24 Step: 16/79 | Loss: 6.526047218358144e-05 | Time:1.0944058895111084
2025-03-15 09:58:26,263 - Epoch: 24 Step: 17/79 | Loss: 0.00012952947872690856 | Time:1.124901533126831
2025-03-15 09:58:27,451 - Epoch: 24 Step: 18/79 | Loss: 0.00028481389745138586 | Time:1.1879749298095703
2025-03-15 09:58:28,608 - Epoch: 24 Step: 19/79 | Loss: 0.0026535724755376577 | Time:1.1569736003875732
2025-03-15 09:58:29,983 - Epoch: 24 Step: 20/79 | Loss: 0.003816062118858099 | Time:1.3756933212280273
2025-03-15 09:58:31,187 - Epoch: 24 Step: 21/79 | Loss: 7.169158197939396e-05 | Time:1.203986644744873
2025-03-15 09:58:32,188 - Epoch: 24 Step: 22/79 | Loss: 9.64338323683478e-05 | Time:1.0002446174621582
2025-03-15 09:58:33,501 - Epoch: 24 Step: 23/79 | Loss: 4.375760181574151e-05 | Time:1.3197801113128662
2025-03-15 09:58:34,955 - Epoch: 24 Step: 24/79 | Loss: 0.0012122233165428042 | Time:1.4468324184417725
2025-03-15 09:58:36,064 - Epoch: 24 Step: 25/79 | Loss: 0.0002421959361527115 | Time:1.1097221374511719
2025-03-15 09:58:37,174 - Epoch: 24 Step: 26/79 | Loss: 0.0031738816760480404 | Time:1.094120740890503
2025-03-15 09:58:38,425 - Epoch: 24 Step: 27/79 | Loss: 0.0059449682012200356 | Time:1.265930414199829
2025-03-15 09:58:39,503 - Epoch: 24 Step: 28/79 | Loss: 0.008548972196877003 | Time:1.0637006759643555
2025-03-15 09:58:40,925 - Epoch: 24 Step: 29/79 | Loss: 0.006974935531616211 | Time:1.4378142356872559
2025-03-15 09:58:42,442 - Epoch: 24 Step: 30/79 | Loss: 0.00010983410174958408 | Time:1.516472578048706
2025-03-15 09:58:43,741 - Epoch: 24 Step: 31/79 | Loss: 0.0007741901790723205 | Time:1.282982587814331
2025-03-15 09:58:44,756 - Epoch: 24 Step: 32/79 | Loss: 0.0010462290374562144 | Time:1.031538724899292
2025-03-15 09:58:46,023 - Epoch: 24 Step: 33/79 | Loss: 6.954637501621619e-05 | Time:1.2513482570648193
2025-03-15 09:58:47,243 - Epoch: 24 Step: 34/79 | Loss: 0.008391359820961952 | Time:1.2353498935699463
2025-03-15 09:58:48,510 - Epoch: 24 Step: 35/79 | Loss: 0.00016006942314561456 | Time:1.2665302753448486
2025-03-15 09:58:49,729 - Epoch: 24 Step: 36/79 | Loss: 0.011635386385023594 | Time:1.21970796585083
2025-03-15 09:58:50,997 - Epoch: 24 Step: 37/79 | Loss: 0.0005064709694124758 | Time:1.2665858268737793
2025-03-15 09:58:52,062 - Epoch: 24 Step: 38/79 | Loss: 0.019823182374238968 | Time:1.0661561489105225
2025-03-15 09:58:53,517 - Epoch: 24 Step: 39/79 | Loss: 0.014663667418062687 | Time:1.4545817375183105
2025-03-15 09:58:54,689 - Epoch: 24 Step: 40/79 | Loss: 0.00033199897734448314 | Time:1.1723456382751465
2025-03-15 09:58:55,847 - Epoch: 24 Step: 41/79 | Loss: 0.00012684109969995916 | Time:1.1649155616760254
2025-03-15 09:58:56,786 - Epoch: 24 Step: 42/79 | Loss: 0.00018799772078637034 | Time:0.932246208190918
2025-03-15 09:58:58,195 - Epoch: 24 Step: 43/79 | Loss: 0.0010690271155908704 | Time:1.4087653160095215
2025-03-15 09:58:59,227 - Epoch: 24 Step: 44/79 | Loss: 0.0012799747055396438 | Time:1.0322437286376953
2025-03-15 09:59:00,324 - Epoch: 24 Step: 45/79 | Loss: 0.04297024756669998 | Time:1.0811843872070312
2025-03-15 09:59:01,465 - Epoch: 24 Step: 46/79 | Loss: 3.2134237699210644e-05 | Time:1.156341552734375
2025-03-15 09:59:02,404 - Epoch: 24 Step: 47/79 | Loss: 6.38007913948968e-05 | Time:0.9391241073608398
2025-03-15 09:59:03,921 - Epoch: 24 Step: 48/79 | Loss: 5.868057269253768e-05 | Time:1.5171427726745605
2025-03-15 09:59:05,233 - Epoch: 24 Step: 49/79 | Loss: 0.000715511676389724 | Time:1.298600673675537
2025-03-15 09:59:06,487 - Epoch: 24 Step: 50/79 | Loss: 0.00015816227823961526 | Time:1.2518799304962158
2025-03-15 09:59:07,659 - Epoch: 24 Step: 51/79 | Loss: 0.0014204714680090547 | Time:1.1876752376556396
2025-03-15 09:59:08,551 - Epoch: 24 Step: 52/79 | Loss: 3.0065386454225518e-05 | Time:0.892197847366333
2025-03-15 09:59:09,975 - Epoch: 24 Step: 53/79 | Loss: 0.00011500691471155733 | Time:1.4234919548034668
2025-03-15 09:59:11,359 - Epoch: 24 Step: 54/79 | Loss: 4.425164297572337e-05 | Time:1.3771464824676514
2025-03-15 09:59:12,760 - Epoch: 24 Step: 55/79 | Loss: 6.865810428280383e-05 | Time:1.4076311588287354
2025-03-15 09:59:13,995 - Epoch: 24 Step: 56/79 | Loss: 0.0005723687936551869 | Time:1.2350802421569824
2025-03-15 09:59:15,309 - Epoch: 24 Step: 57/79 | Loss: 0.0005509505863301456 | Time:1.3147830963134766
2025-03-15 09:59:16,764 - Epoch: 24 Step: 58/79 | Loss: 0.0006195037858560681 | Time:1.454502820968628
2025-03-15 09:59:17,780 - Epoch: 24 Step: 59/79 | Loss: 0.009987049736082554 | Time:1.0163164138793945
2025-03-15 09:59:18,972 - Epoch: 24 Step: 60/79 | Loss: 0.0016789021901786327 | Time:1.189171552658081
2025-03-15 09:59:20,050 - Epoch: 24 Step: 61/79 | Loss: 0.0011550092604011297 | Time:1.0843377113342285
2025-03-15 09:59:21,240 - Epoch: 24 Step: 62/79 | Loss: 0.0002704115759115666 | Time:1.1861867904663086
2025-03-15 09:59:22,475 - Epoch: 24 Step: 63/79 | Loss: 0.015812892466783524 | Time:1.2344107627868652
2025-03-15 09:59:23,555 - Epoch: 24 Step: 64/79 | Loss: 2.1003779693273827e-05 | Time:1.0808773040771484
2025-03-15 09:59:24,602 - Epoch: 24 Step: 65/79 | Loss: 6.876732368255034e-05 | Time:1.032292127609253
2025-03-15 09:59:25,839 - Epoch: 24 Step: 66/79 | Loss: 4.9736674554878846e-05 | Time:1.251349925994873
2025-03-15 09:59:27,043 - Epoch: 24 Step: 67/79 | Loss: 0.0004292899975553155 | Time:1.204185962677002
2025-03-15 09:59:28,279 - Epoch: 24 Step: 68/79 | Loss: 5.6335313274757937e-05 | Time:1.2358794212341309
2025-03-15 09:59:29,610 - Epoch: 24 Step: 69/79 | Loss: 0.0015254088211804628 | Time:1.3309566974639893
2025-03-15 09:59:30,732 - Epoch: 24 Step: 70/79 | Loss: 9.690730075817555e-05 | Time:1.1085257530212402
2025-03-15 09:59:32,064 - Epoch: 24 Step: 71/79 | Loss: 7.091938459780067e-05 | Time:1.3456659317016602
2025-03-15 09:59:33,362 - Epoch: 24 Step: 72/79 | Loss: 0.0012632743455469608 | Time:1.2980930805206299
2025-03-15 09:59:34,616 - Epoch: 24 Step: 73/79 | Loss: 0.0004361097817309201 | Time:1.2529408931732178
2025-03-15 09:59:35,835 - Epoch: 24 Step: 74/79 | Loss: 0.0010789348743855953 | Time:1.2045555114746094
2025-03-15 09:59:37,070 - Epoch: 24 Step: 75/79 | Loss: 0.003995009697973728 | Time:1.2503595352172852
2025-03-15 09:59:38,321 - Epoch: 24 Step: 76/79 | Loss: 0.0077371965162456036 | Time:1.251112461090088
2025-03-15 09:59:39,405 - Epoch: 24 Step: 77/79 | Loss: 4.686717875301838e-05 | Time:1.0798273086547852
2025-03-15 09:59:40,677 - Epoch: 24 Step: 78/79 | Loss: 0.01534787006676197 | Time:1.2662134170532227
2025-03-15 09:59:40,871 - Epoch: 24 Step: 79/79 | Loss: 4.0798207919579e-05 | Time:0.26618266105651855
2025-03-15 09:59:41,764 - Val_Epoch:24.0 Step: 1/32 | Loss: 0.0785374566912651 | Time:0
2025-03-15 09:59:42,781 - Val_Epoch:24.0 Step: 2/32 | Loss: 0.26714026927948 | Time:0.8772046566009521
2025-03-15 09:59:44,141 - Val_Epoch:24.0 Step: 3/32 | Loss: 0.5610020756721497 | Time:1.0326669216156006
2025-03-15 09:59:45,189 - Val_Epoch:24.0 Step: 4/32 | Loss: 0.40113428235054016 | Time:1.3450050354003906
2025-03-15 09:59:46,192 - Val_Epoch:24.0 Step: 5/32 | Loss: 0.0019681346602737904 | Time:1.0474853515625
2025-03-15 09:59:47,145 - Val_Epoch:24.0 Step: 6/32 | Loss: 0.5297821760177612 | Time:1.0026202201843262
2025-03-15 09:59:48,177 - Val_Epoch:24.0 Step: 7/32 | Loss: 0.1846952587366104 | Time:0.9534292221069336
2025-03-15 09:59:49,632 - Val_Epoch:24.0 Step: 8/32 | Loss: 0.05419601872563362 | Time:1.032188892364502
2025-03-15 09:59:50,712 - Val_Epoch:24.0 Step: 9/32 | Loss: 0.09089402854442596 | Time:1.455237865447998
2025-03-15 09:59:51,775 - Val_Epoch:24.0 Step: 10/32 | Loss: 0.007202506065368652 | Time:1.0795092582702637
2025-03-15 09:59:53,028 - Val_Epoch:24.0 Step: 11/32 | Loss: 0.41952478885650635 | Time:1.0635149478912354
2025-03-15 09:59:54,117 - Val_Epoch:24.0 Step: 12/32 | Loss: 0.13290470838546753 | Time:1.252366065979004
2025-03-15 09:59:55,093 - Val_Epoch:24.0 Step: 13/32 | Loss: 0.22302204370498657 | Time:1.08968186378479
2025-03-15 09:59:56,124 - Val_Epoch:24.0 Step: 14/32 | Loss: 0.0114749725908041 | Time:0.9758193492889404
2025-03-15 09:59:57,110 - Val_Epoch:24.0 Step: 15/32 | Loss: 0.06714648008346558 | Time:1.031141757965088
2025-03-15 09:59:58,329 - Val_Epoch:24.0 Step: 16/32 | Loss: 0.4367719888687134 | Time:0.985504150390625
2025-03-15 09:59:59,456 - Val_Epoch:24.0 Step: 17/32 | Loss: 0.0007008311804383993 | Time:1.235046148300171
2025-03-15 10:00:00,625 - Val_Epoch:24.0 Step: 18/32 | Loss: 0.2640726864337921 | Time:1.1113252639770508
2025-03-15 10:00:01,740 - Val_Epoch:24.0 Step: 19/32 | Loss: 0.2763722240924835 | Time:1.1684763431549072
2025-03-15 10:00:02,618 - Val_Epoch:24.0 Step: 20/32 | Loss: 0.33000004291534424 | Time:1.1152613162994385
2025-03-15 10:00:03,712 - Val_Epoch:24.0 Step: 21/32 | Loss: 0.011589286848902702 | Time:0.8779869079589844
2025-03-15 10:00:04,698 - Val_Epoch:24.0 Step: 22/32 | Loss: 0.4860975742340088 | Time:1.0936131477355957
2025-03-15 10:00:05,605 - Val_Epoch:24.0 Step: 23/32 | Loss: 0.24303123354911804 | Time:0.986037015914917
2025-03-15 10:00:06,732 - Val_Epoch:24.0 Step: 24/32 | Loss: 0.5934975743293762 | Time:0.9071991443634033
2025-03-15 10:00:07,780 - Val_Epoch:24.0 Step: 25/32 | Loss: 0.004378088284283876 | Time:1.126643180847168
2025-03-15 10:00:08,969 - Val_Epoch:24.0 Step: 26/32 | Loss: 0.16024422645568848 | Time:1.0486977100372314
2025-03-15 10:00:10,158 - Val_Epoch:24.0 Step: 27/32 | Loss: 0.5595886707305908 | Time:1.1885602474212646
2025-03-15 10:00:11,207 - Val_Epoch:24.0 Step: 28/32 | Loss: 0.39380478858947754 | Time:1.188779354095459
2025-03-15 10:00:12,077 - Val_Epoch:24.0 Step: 29/32 | Loss: 0.1293979436159134 | Time:1.048962116241455
2025-03-15 10:00:13,021 - Val_Epoch:24.0 Step: 30/32 | Loss: 0.0010974284959957004 | Time:0.8705124855041504
2025-03-15 10:00:14,148 - Val_Epoch:24.0 Step: 31/32 | Loss: 0.448135644197464 | Time:0.9441616535186768
2025-03-15 10:00:14,336 - Val_Epoch:24.0 Step: 32/32 | Loss: 0.5488768219947815 | Time:1.1271960735321045
2025-03-15 10:00:14,336 - Validation - Accuracy: 0.94994994994995, Precision: 0.9379562043795621, Recall: 0.8862068965517241, F1-Score: 0.9113475177304965
2025-03-15 10:00:14,336 - Saved model as model_epoch_24_acc_0.9499.pt
2025-03-15 10:00:14,351 - 
*** EPOCH: 25 ***

2025-03-15 10:00:15,682 - Epoch: 25 Step: 1/79 | Loss: 7.37252994440496e-05 | Time:1.219700574874878
2025-03-15 10:00:16,854 - Epoch: 25 Step: 2/79 | Loss: 0.007075190078467131 | Time:1.2204995155334473
2025-03-15 10:00:18,012 - Epoch: 25 Step: 3/79 | Loss: 0.0004289805074222386 | Time:1.157747745513916
2025-03-15 10:00:19,077 - Epoch: 25 Step: 4/79 | Loss: 0.00011193827958777547 | Time:1.0655176639556885
2025-03-15 10:00:20,422 - Epoch: 25 Step: 5/79 | Loss: 0.00015328775043599308 | Time:1.3435304164886475
2025-03-15 10:00:21,674 - Epoch: 25 Step: 6/79 | Loss: 0.00017856374324765056 | Time:1.252772569656372
2025-03-15 10:00:23,082 - Epoch: 25 Step: 7/79 | Loss: 0.00026271160459145904 | Time:1.408376693725586
2025-03-15 10:00:24,459 - Epoch: 25 Step: 8/79 | Loss: 6.43787716398947e-05 | Time:1.3704447746276855
2025-03-15 10:00:25,678 - Epoch: 25 Step: 9/79 | Loss: 0.00035620536073111 | Time:1.210033655166626
2025-03-15 10:00:26,914 - Epoch: 25 Step: 10/79 | Loss: 0.00015852336946409196 | Time:1.2516043186187744
2025-03-15 10:00:28,307 - Epoch: 25 Step: 11/79 | Loss: 0.000822968315333128 | Time:1.3929197788238525
2025-03-15 10:00:29,638 - Epoch: 25 Step: 12/79 | Loss: 0.01787080615758896 | Time:1.3304386138916016
2025-03-15 10:00:30,971 - Epoch: 25 Step: 13/79 | Loss: 0.000530581921339035 | Time:1.3296728134155273
2025-03-15 10:00:32,250 - Epoch: 25 Step: 14/79 | Loss: 9.356593363918364e-05 | Time:1.267258882522583
2025-03-15 10:00:33,439 - Epoch: 25 Step: 15/79 | Loss: 0.00035594450309872627 | Time:1.2042322158813477
2025-03-15 10:00:34,533 - Epoch: 25 Step: 16/79 | Loss: 9.527530346531421e-05 | Time:1.0941996574401855
2025-03-15 10:00:35,701 - Epoch: 25 Step: 17/79 | Loss: 0.00034470055834390223 | Time:1.1574909687042236
2025-03-15 10:00:37,021 - Epoch: 25 Step: 18/79 | Loss: 0.0003244718536734581 | Time:1.330817699432373
2025-03-15 10:00:38,398 - Epoch: 25 Step: 19/79 | Loss: 0.00039493507938459516 | Time:1.360670566558838
2025-03-15 10:00:39,524 - Epoch: 25 Step: 20/79 | Loss: 0.0001785945351002738 | Time:1.1423771381378174
2025-03-15 10:00:40,902 - Epoch: 25 Step: 21/79 | Loss: 0.00019110599532723427 | Time:1.377622127532959
2025-03-15 10:00:42,154 - Epoch: 25 Step: 22/79 | Loss: 0.00042068908805958927 | Time:1.252293348312378
2025-03-15 10:00:43,375 - Epoch: 25 Step: 23/79 | Loss: 0.00038602002314291894 | Time:1.2209031581878662
2025-03-15 10:00:44,549 - Epoch: 25 Step: 24/79 | Loss: 6.933714757906273e-05 | Time:1.174070119857788
2025-03-15 10:00:45,817 - Epoch: 25 Step: 25/79 | Loss: 0.000254571350524202 | Time:1.2674682140350342
2025-03-15 10:00:47,052 - Epoch: 25 Step: 26/79 | Loss: 0.003499473910778761 | Time:1.2357194423675537
2025-03-15 10:00:48,429 - Epoch: 25 Step: 27/79 | Loss: 0.0063697961159050465 | Time:1.3764841556549072
2025-03-15 10:00:49,649 - Epoch: 25 Step: 28/79 | Loss: 0.00015029955829959363 | Time:1.2201673984527588
2025-03-15 10:00:50,792 - Epoch: 25 Step: 29/79 | Loss: 5.0694903620751575e-05 | Time:1.1448466777801514
2025-03-15 10:00:51,919 - Epoch: 25 Step: 30/79 | Loss: 3.892230961355381e-05 | Time:1.1254563331604004
2025-03-15 10:00:53,171 - Epoch: 25 Step: 31/79 | Loss: 0.010180720128118992 | Time:1.2512907981872559
2025-03-15 10:00:54,564 - Epoch: 25 Step: 32/79 | Loss: 0.0001672308862907812 | Time:1.3934001922607422
2025-03-15 10:00:55,878 - Epoch: 25 Step: 33/79 | Loss: 0.00031454843701794744 | Time:1.313561201095581
2025-03-15 10:00:56,988 - Epoch: 25 Step: 34/79 | Loss: 4.366705979919061e-05 | Time:1.1106362342834473
2025-03-15 10:00:58,225 - Epoch: 25 Step: 35/79 | Loss: 2.5546713004587218e-05 | Time:1.2371244430541992
2025-03-15 10:00:59,398 - Epoch: 25 Step: 36/79 | Loss: 0.0003365213342476636 | Time:1.1723661422729492
2025-03-15 10:01:00,461 - Epoch: 25 Step: 37/79 | Loss: 0.0009894364047795534 | Time:1.0483803749084473
2025-03-15 10:01:01,759 - Epoch: 25 Step: 38/79 | Loss: 0.0004235957167111337 | Time:1.3132226467132568
2025-03-15 10:01:02,855 - Epoch: 25 Step: 39/79 | Loss: 5.580411743721925e-05 | Time:1.0799925327301025
2025-03-15 10:01:04,225 - Epoch: 25 Step: 40/79 | Loss: 0.0010245518060401082 | Time:1.3860599994659424
2025-03-15 10:01:05,445 - Epoch: 25 Step: 41/79 | Loss: 5.199659790378064e-05 | Time:1.2033703327178955
2025-03-15 10:01:06,602 - Epoch: 25 Step: 42/79 | Loss: 2.530085839680396e-05 | Time:1.1734943389892578
2025-03-15 10:01:07,744 - Epoch: 25 Step: 43/79 | Loss: 0.00018142591579817235 | Time:1.1549720764160156
2025-03-15 10:01:08,839 - Epoch: 25 Step: 44/79 | Loss: 0.0008483746205456555 | Time:1.0814149379730225
2025-03-15 10:01:10,069 - Epoch: 25 Step: 45/79 | Loss: 0.009647984057664871 | Time:1.2331511974334717
2025-03-15 10:01:11,101 - Epoch: 25 Step: 46/79 | Loss: 3.988346361438744e-05 | Time:1.0137755870819092
2025-03-15 10:01:12,352 - Epoch: 25 Step: 47/79 | Loss: 0.00011279707541689277 | Time:1.266791582107544
2025-03-15 10:01:13,510 - Epoch: 25 Step: 48/79 | Loss: 0.00041209824848920107 | Time:1.1577661037445068
2025-03-15 10:01:15,065 - Epoch: 25 Step: 49/79 | Loss: 0.0004571514728013426 | Time:1.5484144687652588
2025-03-15 10:01:16,169 - Epoch: 25 Step: 50/79 | Loss: 0.00010786340135382488 | Time:1.1107606887817383
2025-03-15 10:01:17,359 - Epoch: 25 Step: 51/79 | Loss: 0.009836893528699875 | Time:1.189831256866455
2025-03-15 10:01:18,705 - Epoch: 25 Step: 52/79 | Loss: 0.0010987705318257213 | Time:1.3301165103912354
2025-03-15 10:01:19,972 - Epoch: 25 Step: 53/79 | Loss: 3.8072848838055506e-05 | Time:1.2667930126190186
2025-03-15 10:01:21,004 - Epoch: 25 Step: 54/79 | Loss: 0.00028708131867460907 | Time:1.0472021102905273
2025-03-15 10:01:22,271 - Epoch: 25 Step: 55/79 | Loss: 0.0002966326428577304 | Time:1.2681787014007568
2025-03-15 10:01:23,460 - Epoch: 25 Step: 56/79 | Loss: 0.0005462164408527315 | Time:1.187936782836914
2025-03-15 10:01:24,633 - Epoch: 25 Step: 57/79 | Loss: 9.73788628471084e-05 | Time:1.1733779907226562
2025-03-15 10:01:25,774 - Epoch: 25 Step: 58/79 | Loss: 0.00019860071188304573 | Time:1.1413846015930176
2025-03-15 10:01:26,854 - Epoch: 25 Step: 59/79 | Loss: 0.00025968311820179224 | Time:1.063844919204712
2025-03-15 10:01:28,042 - Epoch: 25 Step: 60/79 | Loss: 9.959251474356279e-05 | Time:1.2040657997131348
2025-03-15 10:01:29,307 - Epoch: 25 Step: 61/79 | Loss: 0.0009238010970875621 | Time:1.2654991149902344
2025-03-15 10:01:30,432 - Epoch: 25 Step: 62/79 | Loss: 0.00017562878201715648 | Time:1.1248879432678223
2025-03-15 10:01:31,808 - Epoch: 25 Step: 63/79 | Loss: 0.04137401655316353 | Time:1.3755462169647217
2025-03-15 10:01:33,043 - Epoch: 25 Step: 64/79 | Loss: 7.309801003430039e-05 | Time:1.2351679801940918
2025-03-15 10:01:34,090 - Epoch: 25 Step: 65/79 | Loss: 0.032464176416397095 | Time:1.0310847759246826
2025-03-15 10:01:35,434 - Epoch: 25 Step: 66/79 | Loss: 0.0005518821999430656 | Time:1.3440465927124023
2025-03-15 10:01:36,450 - Epoch: 25 Step: 67/79 | Loss: 4.123024336877279e-05 | Time:1.0315349102020264
2025-03-15 10:01:37,497 - Epoch: 25 Step: 68/79 | Loss: 3.261215897509828e-05 | Time:1.047081708908081
2025-03-15 10:01:38,592 - Epoch: 25 Step: 69/79 | Loss: 0.0002518630644772202 | Time:1.0781521797180176
2025-03-15 10:01:39,753 - Epoch: 25 Step: 70/79 | Loss: 4.863740105065517e-05 | Time:1.1784014701843262
2025-03-15 10:01:40,959 - Epoch: 25 Step: 71/79 | Loss: 0.003323428798466921 | Time:1.1889026165008545
2025-03-15 10:01:42,155 - Epoch: 25 Step: 72/79 | Loss: 0.0110476054251194 | Time:1.2034721374511719
2025-03-15 10:01:43,273 - Epoch: 25 Step: 73/79 | Loss: 0.00012480166333261877 | Time:1.1267943382263184
2025-03-15 10:01:44,462 - Epoch: 25 Step: 74/79 | Loss: 0.00015628529945388436 | Time:1.1891818046569824
2025-03-15 10:01:45,691 - Epoch: 25 Step: 75/79 | Loss: 0.0003956842119805515 | Time:1.219867467880249
2025-03-15 10:01:46,932 - Epoch: 25 Step: 76/79 | Loss: 5.8495847042649984e-05 | Time:1.2508645057678223
2025-03-15 10:01:48,200 - Epoch: 25 Step: 77/79 | Loss: 4.545191040961072e-05 | Time:1.2670447826385498
2025-03-15 10:01:49,283 - Epoch: 25 Step: 78/79 | Loss: 9.485677583143115e-05 | Time:1.079777479171753
2025-03-15 10:01:49,450 - Epoch: 25 Step: 79/79 | Loss: 0.00012971098476555198 | Time:0.2335059642791748
2025-03-15 10:01:50,342 - Val_Epoch:25.0 Step: 1/32 | Loss: 0.08260803669691086 | Time:0
2025-03-15 10:01:51,375 - Val_Epoch:25.0 Step: 2/32 | Loss: 0.27252519130706787 | Time:0.8759744167327881
2025-03-15 10:01:52,736 - Val_Epoch:25.0 Step: 3/32 | Loss: 0.5298959612846375 | Time:1.0328445434570312
2025-03-15 10:01:53,784 - Val_Epoch:25.0 Step: 4/32 | Loss: 0.3809448480606079 | Time:1.361588954925537
2025-03-15 10:01:54,801 - Val_Epoch:25.0 Step: 5/32 | Loss: 0.002242764923721552 | Time:1.0474200248718262
2025-03-15 10:01:55,755 - Val_Epoch:25.0 Step: 6/32 | Loss: 0.49555617570877075 | Time:1.0167515277862549
2025-03-15 10:01:56,771 - Val_Epoch:25.0 Step: 7/32 | Loss: 0.11314702779054642 | Time:0.9539947509765625
2025-03-15 10:01:58,273 - Val_Epoch:25.0 Step: 8/32 | Loss: 0.030678991228342056 | Time:1.0165205001831055
2025-03-15 10:01:59,337 - Val_Epoch:25.0 Step: 9/32 | Loss: 0.14173348248004913 | Time:1.5021679401397705
2025-03-15 10:02:00,385 - Val_Epoch:25.0 Step: 10/32 | Loss: 0.005579924210906029 | Time:1.0633440017700195
2025-03-15 10:02:01,652 - Val_Epoch:25.0 Step: 11/32 | Loss: 0.4019806683063507 | Time:1.0483183860778809
2025-03-15 10:02:02,731 - Val_Epoch:25.0 Step: 12/32 | Loss: 0.22801871597766876 | Time:1.2675855159759521
2025-03-15 10:02:03,718 - Val_Epoch:25.0 Step: 13/32 | Loss: 0.10956352204084396 | Time:1.094524621963501
2025-03-15 10:02:04,766 - Val_Epoch:25.0 Step: 14/32 | Loss: 0.08216924965381622 | Time:0.9706122875213623
2025-03-15 10:02:05,767 - Val_Epoch:25.0 Step: 15/32 | Loss: 0.10186999291181564 | Time:1.0482687950134277
2025-03-15 10:02:06,956 - Val_Epoch:25.0 Step: 16/32 | Loss: 0.35230082273483276 | Time:1.0011780261993408
2025-03-15 10:02:08,081 - Val_Epoch:25.0 Step: 17/32 | Loss: 0.0026665565092116594 | Time:1.1891555786132812
2025-03-15 10:02:09,240 - Val_Epoch:25.0 Step: 18/32 | Loss: 0.3072267472743988 | Time:1.1409237384796143
2025-03-15 10:02:10,351 - Val_Epoch:25.0 Step: 19/32 | Loss: 0.2712538540363312 | Time:1.142418384552002
2025-03-15 10:02:11,243 - Val_Epoch:25.0 Step: 20/32 | Loss: 0.3246839642524719 | Time:1.1112806797027588
2025-03-15 10:02:12,322 - Val_Epoch:25.0 Step: 21/32 | Loss: 0.01939334347844124 | Time:0.8917689323425293
2025-03-15 10:02:13,307 - Val_Epoch:25.0 Step: 22/32 | Loss: 0.4496448040008545 | Time:1.0792300701141357
2025-03-15 10:02:14,233 - Val_Epoch:25.0 Step: 23/32 | Loss: 0.14767952263355255 | Time:0.9853646755218506
2025-03-15 10:02:15,341 - Val_Epoch:25.0 Step: 24/32 | Loss: 0.49843060970306396 | Time:0.9271707534790039
2025-03-15 10:02:16,405 - Val_Epoch:25.0 Step: 25/32 | Loss: 0.004929026588797569 | Time:1.1063523292541504
2025-03-15 10:02:17,594 - Val_Epoch:25.0 Step: 26/32 | Loss: 0.13754616677761078 | Time:1.0641047954559326
2025-03-15 10:02:18,783 - Val_Epoch:25.0 Step: 27/32 | Loss: 0.46288830041885376 | Time:1.189601182937622
2025-03-15 10:02:19,819 - Val_Epoch:25.0 Step: 28/32 | Loss: 0.3991805911064148 | Time:1.1882104873657227
2025-03-15 10:02:20,660 - Val_Epoch:25.0 Step: 29/32 | Loss: 0.1735779196023941 | Time:1.0521340370178223
2025-03-15 10:02:21,613 - Val_Epoch:25.0 Step: 30/32 | Loss: 0.0010828773956745863 | Time:0.8253624439239502
2025-03-15 10:02:22,740 - Val_Epoch:25.0 Step: 31/32 | Loss: 0.3535158634185791 | Time:0.9531111717224121
2025-03-15 10:02:22,942 - Val_Epoch:25.0 Step: 32/32 | Loss: 0.7108312249183655 | Time:1.1268980503082275
2025-03-15 10:02:22,943 - Validation - Accuracy: 0.9529529529529529, Precision: 0.9233449477351916, Recall: 0.9137931034482759, F1-Score: 0.9185441941074522
2025-03-15 10:02:22,945 - Saved model as model_epoch_25_acc_0.9530.pt
2025-03-15 10:02:22,947 - 
*** EPOCH: 26 ***

2025-03-15 10:02:24,289 - Epoch: 26 Step: 1/79 | Loss: 0.0004070476279594004 | Time:1.2795054912567139
2025-03-15 10:02:25,510 - Epoch: 26 Step: 2/79 | Loss: 0.0010705163003876805 | Time:1.22084641456604
2025-03-15 10:02:26,966 - Epoch: 26 Step: 3/79 | Loss: 0.0002622838655952364 | Time:1.4554331302642822
2025-03-15 10:02:28,216 - Epoch: 26 Step: 4/79 | Loss: 0.0006210313295014203 | Time:1.2351031303405762
2025-03-15 10:02:29,358 - Epoch: 26 Step: 5/79 | Loss: 0.000227253811317496 | Time:1.1573925018310547
2025-03-15 10:02:30,750 - Epoch: 26 Step: 6/79 | Loss: 0.0007736136903986335 | Time:1.3766193389892578
2025-03-15 10:02:31,736 - Epoch: 26 Step: 7/79 | Loss: 2.9766762963845395e-05 | Time:1.0011844635009766
2025-03-15 10:02:32,862 - Epoch: 26 Step: 8/79 | Loss: 6.033571116859093e-05 | Time:1.110517978668213
2025-03-15 10:02:34,155 - Epoch: 26 Step: 9/79 | Loss: 0.0023213697131723166 | Time:1.298738956451416
2025-03-15 10:02:35,379 - Epoch: 26 Step: 10/79 | Loss: 0.0003136151935905218 | Time:1.23415207862854
2025-03-15 10:02:36,819 - Epoch: 26 Step: 11/79 | Loss: 0.00041274880641140044 | Time:1.4399359226226807
2025-03-15 10:02:37,866 - Epoch: 26 Step: 12/79 | Loss: 2.7208472602069378e-05 | Time:1.0318620204925537
2025-03-15 10:02:39,134 - Epoch: 26 Step: 13/79 | Loss: 0.00033313914900645614 | Time:1.2829093933105469
2025-03-15 10:02:40,370 - Epoch: 26 Step: 14/79 | Loss: 7.816903962520882e-05 | Time:1.2204234600067139
2025-03-15 10:02:41,511 - Epoch: 26 Step: 15/79 | Loss: 0.00019589265866670758 | Time:1.1416401863098145
2025-03-15 10:02:42,716 - Epoch: 26 Step: 16/79 | Loss: 6.818320252932608e-05 | Time:1.2200491428375244
2025-03-15 10:02:43,998 - Epoch: 26 Step: 17/79 | Loss: 0.0006257031345739961 | Time:1.2826919555664062
2025-03-15 10:02:45,376 - Epoch: 26 Step: 18/79 | Loss: 4.687602267949842e-05 | Time:1.3770391941070557
2025-03-15 10:02:46,828 - Epoch: 26 Step: 19/79 | Loss: 0.0316602922976017 | Time:1.4528517723083496
2025-03-15 10:02:47,923 - Epoch: 26 Step: 20/79 | Loss: 0.002203886630013585 | Time:1.094240665435791
2025-03-15 10:02:49,064 - Epoch: 26 Step: 21/79 | Loss: 0.0011469643795862794 | Time:1.1256020069122314
2025-03-15 10:02:50,345 - Epoch: 26 Step: 22/79 | Loss: 0.0004286773910280317 | Time:1.296743631362915
2025-03-15 10:02:51,533 - Epoch: 26 Step: 23/79 | Loss: 0.007647528313100338 | Time:1.1881868839263916
2025-03-15 10:02:52,596 - Epoch: 26 Step: 24/79 | Loss: 0.006032506935298443 | Time:1.0629770755767822
2025-03-15 10:02:53,487 - Epoch: 26 Step: 25/79 | Loss: 0.0001549563166918233 | Time:0.8915431499481201
2025-03-15 10:02:54,738 - Epoch: 26 Step: 26/79 | Loss: 0.0006120771868154407 | Time:1.2502126693725586
2025-03-15 10:02:55,941 - Epoch: 26 Step: 27/79 | Loss: 0.013900340534746647 | Time:1.203369140625
2025-03-15 10:02:57,192 - Epoch: 26 Step: 28/79 | Loss: 7.58306632633321e-05 | Time:1.2507903575897217
2025-03-15 10:02:58,271 - Epoch: 26 Step: 29/79 | Loss: 2.778140697046183e-05 | Time:1.078962802886963
2025-03-15 10:02:59,616 - Epoch: 26 Step: 30/79 | Loss: 0.00046222266973927617 | Time:1.3445289134979248
2025-03-15 10:03:00,757 - Epoch: 26 Step: 31/79 | Loss: 0.00013650502660311759 | Time:1.141071081161499
2025-03-15 10:03:02,007 - Epoch: 26 Step: 32/79 | Loss: 0.005685204174369574 | Time:1.2502217292785645
2025-03-15 10:03:03,133 - Epoch: 26 Step: 33/79 | Loss: 0.00046410984941758215 | Time:1.110288381576538
2025-03-15 10:03:04,259 - Epoch: 26 Step: 34/79 | Loss: 0.00027619831962510943 | Time:1.1418757438659668
2025-03-15 10:03:05,431 - Epoch: 26 Step: 35/79 | Loss: 0.0010406695073470473 | Time:1.172145128250122
2025-03-15 10:03:06,744 - Epoch: 26 Step: 36/79 | Loss: 0.000944578496273607 | Time:1.3124949932098389
2025-03-15 10:03:07,963 - Epoch: 26 Step: 37/79 | Loss: 0.0005988127086311579 | Time:1.219043493270874
2025-03-15 10:03:09,276 - Epoch: 26 Step: 38/79 | Loss: 3.978432505391538e-05 | Time:1.3135058879852295
2025-03-15 10:03:10,542 - Epoch: 26 Step: 39/79 | Loss: 0.007160371169447899 | Time:1.2661242485046387
2025-03-15 10:03:11,886 - Epoch: 26 Step: 40/79 | Loss: 8.494369103573263e-05 | Time:1.3440477848052979
2025-03-15 10:03:13,308 - Epoch: 26 Step: 41/79 | Loss: 0.0003666909469757229 | Time:1.4221701622009277
2025-03-15 10:03:14,325 - Epoch: 26 Step: 42/79 | Loss: 0.00011034919589292258 | Time:1.0005075931549072
2025-03-15 10:03:15,559 - Epoch: 26 Step: 43/79 | Loss: 0.0011719565372914076 | Time:1.2347331047058105
2025-03-15 10:03:16,794 - Epoch: 26 Step: 44/79 | Loss: 0.010396248660981655 | Time:1.2504894733428955
2025-03-15 10:03:18,123 - Epoch: 26 Step: 45/79 | Loss: 0.00019239229732193053 | Time:1.3292031288146973
2025-03-15 10:03:19,484 - Epoch: 26 Step: 46/79 | Loss: 0.000802010006736964 | Time:1.360987901687622
2025-03-15 10:03:20,516 - Epoch: 26 Step: 47/79 | Loss: 2.6958148737321608e-05 | Time:1.031282663345337
2025-03-15 10:03:21,751 - Epoch: 26 Step: 48/79 | Loss: 0.0002211925748270005 | Time:1.2350993156433105
2025-03-15 10:03:22,861 - Epoch: 26 Step: 49/79 | Loss: 0.003731451230123639 | Time:1.1105823516845703
2025-03-15 10:03:24,160 - Epoch: 26 Step: 50/79 | Loss: 0.012644946575164795 | Time:1.2982938289642334
2025-03-15 10:03:25,333 - Epoch: 26 Step: 51/79 | Loss: 0.0001713034580461681 | Time:1.17380952835083
2025-03-15 10:03:26,413 - Epoch: 26 Step: 52/79 | Loss: 0.00038803269853815436 | Time:1.0796926021575928
2025-03-15 10:03:27,399 - Epoch: 26 Step: 53/79 | Loss: 0.00012347668234724551 | Time:0.9854180812835693
2025-03-15 10:03:28,557 - Epoch: 26 Step: 54/79 | Loss: 0.00029220044962130487 | Time:1.1689743995666504
2025-03-15 10:03:29,793 - Epoch: 26 Step: 55/79 | Loss: 0.0001345244818367064 | Time:1.2251489162445068
2025-03-15 10:03:30,981 - Epoch: 26 Step: 56/79 | Loss: 0.00014643705799244344 | Time:1.1725819110870361
2025-03-15 10:03:32,280 - Epoch: 26 Step: 57/79 | Loss: 0.00043365079909563065 | Time:1.2993431091308594
2025-03-15 10:03:33,453 - Epoch: 26 Step: 58/79 | Loss: 3.339897739351727e-05 | Time:1.1878492832183838
2025-03-15 10:03:34,533 - Epoch: 26 Step: 59/79 | Loss: 6.641649088123813e-05 | Time:1.0805590152740479
2025-03-15 10:03:35,784 - Epoch: 26 Step: 60/79 | Loss: 3.153631405439228e-05 | Time:1.2512626647949219
2025-03-15 10:03:36,894 - Epoch: 26 Step: 61/79 | Loss: 0.000589689880143851 | Time:1.1097397804260254
2025-03-15 10:03:38,099 - Epoch: 26 Step: 62/79 | Loss: 0.0007305998587980866 | Time:1.2045278549194336
2025-03-15 10:03:39,539 - Epoch: 26 Step: 63/79 | Loss: 0.009398508816957474 | Time:1.4400813579559326
2025-03-15 10:03:40,555 - Epoch: 26 Step: 64/79 | Loss: 9.733452316140756e-05 | Time:1.0163989067077637
2025-03-15 10:03:41,604 - Epoch: 26 Step: 65/79 | Loss: 0.00017136792303062975 | Time:1.0331695079803467
2025-03-15 10:03:43,042 - Epoch: 26 Step: 66/79 | Loss: 0.00019611809693742543 | Time:1.4538178443908691
2025-03-15 10:03:44,170 - Epoch: 26 Step: 67/79 | Loss: 0.046939849853515625 | Time:1.1277925968170166
2025-03-15 10:03:45,295 - Epoch: 26 Step: 68/79 | Loss: 0.0003860387660097331 | Time:1.124927282333374
2025-03-15 10:03:46,797 - Epoch: 26 Step: 69/79 | Loss: 0.00021568924421444535 | Time:1.4867846965789795
2025-03-15 10:03:48,110 - Epoch: 26 Step: 70/79 | Loss: 0.000520993722602725 | Time:1.3127505779266357
2025-03-15 10:03:49,345 - Epoch: 26 Step: 71/79 | Loss: 0.00012648706615436822 | Time:1.2503101825714111
2025-03-15 10:03:50,392 - Epoch: 26 Step: 72/79 | Loss: 0.0005205270135775208 | Time:1.0472846031188965
2025-03-15 10:03:51,596 - Epoch: 26 Step: 73/79 | Loss: 3.0030712878215127e-05 | Time:1.2038214206695557
2025-03-15 10:03:52,815 - Epoch: 26 Step: 74/79 | Loss: 0.039781492203474045 | Time:1.2191576957702637
2025-03-15 10:03:54,161 - Epoch: 26 Step: 75/79 | Loss: 6.0458885855041444e-05 | Time:1.3456742763519287
2025-03-15 10:03:55,381 - Epoch: 26 Step: 76/79 | Loss: 4.768785584019497e-05 | Time:1.220581293106079
2025-03-15 10:03:56,461 - Epoch: 26 Step: 77/79 | Loss: 0.00038054605829529464 | Time:1.0791854858398438
2025-03-15 10:03:57,649 - Epoch: 26 Step: 78/79 | Loss: 0.00032877628109417856 | Time:1.1890695095062256
2025-03-15 10:03:57,869 - Epoch: 26 Step: 79/79 | Loss: 4.303155219531618e-05 | Time:0.2661886215209961
2025-03-15 10:03:58,745 - Val_Epoch:26.0 Step: 1/32 | Loss: 0.07984354346990585 | Time:0
2025-03-15 10:03:59,777 - Val_Epoch:26.0 Step: 2/32 | Loss: 0.2757721543312073 | Time:0.8723061084747314
2025-03-15 10:04:01,138 - Val_Epoch:26.0 Step: 3/32 | Loss: 0.5802186131477356 | Time:1.032503366470337
2025-03-15 10:04:02,170 - Val_Epoch:26.0 Step: 4/32 | Loss: 0.39676934480667114 | Time:1.3609747886657715
2025-03-15 10:04:03,188 - Val_Epoch:26.0 Step: 5/32 | Loss: 0.001392409554682672 | Time:1.047663927078247
2025-03-15 10:04:04,142 - Val_Epoch:26.0 Step: 6/32 | Loss: 0.5341881513595581 | Time:1.0018243789672852
2025-03-15 10:04:05,158 - Val_Epoch:26.0 Step: 7/32 | Loss: 0.15910427272319794 | Time:0.9540798664093018
2025-03-15 10:04:06,628 - Val_Epoch:26.0 Step: 8/32 | Loss: 0.042665306478738785 | Time:1.016679286956787
2025-03-15 10:04:07,707 - Val_Epoch:26.0 Step: 9/32 | Loss: 0.10302993655204773 | Time:1.4699604511260986
2025-03-15 10:04:08,739 - Val_Epoch:26.0 Step: 10/32 | Loss: 0.006907624192535877 | Time:1.0784409046173096
2025-03-15 10:04:10,006 - Val_Epoch:26.0 Step: 11/32 | Loss: 0.4178355932235718 | Time:1.0319170951843262
2025-03-15 10:04:11,086 - Val_Epoch:26.0 Step: 12/32 | Loss: 0.1639297753572464 | Time:1.2677433490753174
2025-03-15 10:04:12,056 - Val_Epoch:26.0 Step: 13/32 | Loss: 0.26976320147514343 | Time:1.0827960968017578
2025-03-15 10:04:13,087 - Val_Epoch:26.0 Step: 14/32 | Loss: 0.01019067782908678 | Time:0.9665968418121338
2025-03-15 10:04:14,090 - Val_Epoch:26.0 Step: 15/32 | Loss: 0.08341150730848312 | Time:1.0316662788391113
2025-03-15 10:04:15,294 - Val_Epoch:26.0 Step: 16/32 | Loss: 0.4362271726131439 | Time:1.002751111984253
2025-03-15 10:04:16,436 - Val_Epoch:26.0 Step: 17/32 | Loss: 0.0006518870359286666 | Time:1.2037770748138428
2025-03-15 10:04:17,594 - Val_Epoch:26.0 Step: 18/32 | Loss: 0.2917933464050293 | Time:1.1418020725250244
2025-03-15 10:04:18,704 - Val_Epoch:26.0 Step: 19/32 | Loss: 0.2770818769931793 | Time:1.157935619354248
2025-03-15 10:04:19,596 - Val_Epoch:26.0 Step: 20/32 | Loss: 0.3353191614151001 | Time:1.1106483936309814
2025-03-15 10:04:20,675 - Val_Epoch:26.0 Step: 21/32 | Loss: 0.012880239635705948 | Time:0.8914618492126465
2025-03-15 10:04:21,660 - Val_Epoch:26.0 Step: 22/32 | Loss: 0.5170208215713501 | Time:1.078935146331787
2025-03-15 10:04:22,583 - Val_Epoch:26.0 Step: 23/32 | Loss: 0.2419932335615158 | Time:0.9852421283721924
2025-03-15 10:04:23,693 - Val_Epoch:26.0 Step: 24/32 | Loss: 0.6021217107772827 | Time:0.9229509830474854
2025-03-15 10:04:24,726 - Val_Epoch:26.0 Step: 25/32 | Loss: 0.0036790315061807632 | Time:1.1104941368103027
2025-03-15 10:04:25,956 - Val_Epoch:26.0 Step: 26/32 | Loss: 0.15136916935443878 | Time:1.032719373703003
2025-03-15 10:04:27,143 - Val_Epoch:26.0 Step: 27/32 | Loss: 0.5858475565910339 | Time:1.2294867038726807
2025-03-15 10:04:28,191 - Val_Epoch:26.0 Step: 28/32 | Loss: 0.3990604281425476 | Time:1.187317132949829
2025-03-15 10:04:29,036 - Val_Epoch:26.0 Step: 29/32 | Loss: 0.13096371293067932 | Time:1.0480537414550781
2025-03-15 10:04:29,992 - Val_Epoch:26.0 Step: 30/32 | Loss: 0.0007960603688843548 | Time:0.8452658653259277
2025-03-15 10:04:31,133 - Val_Epoch:26.0 Step: 31/32 | Loss: 0.44413280487060547 | Time:0.955399751663208
2025-03-15 10:04:31,321 - Val_Epoch:26.0 Step: 32/32 | Loss: 0.5812376141548157 | Time:1.1409804821014404
2025-03-15 10:04:31,321 - Validation - Accuracy: 0.94994994994995, Precision: 0.9347826086956522, Recall: 0.8896551724137931, F1-Score: 0.911660777385159
2025-03-15 10:04:31,337 - Saved model as model_epoch_26_acc_0.9499.pt
2025-03-15 10:04:31,337 - 
*** EPOCH: 27 ***

2025-03-15 10:04:32,464 - Epoch: 27 Step: 1/79 | Loss: 5.300726479617879e-05 | Time:1.0480449199676514
2025-03-15 10:04:33,683 - Epoch: 27 Step: 2/79 | Loss: 5.232554758549668e-05 | Time:1.2356038093566895
2025-03-15 10:04:34,811 - Epoch: 27 Step: 3/79 | Loss: 0.00022097643523011357 | Time:1.1117491722106934
2025-03-15 10:04:35,857 - Epoch: 27 Step: 4/79 | Loss: 0.00024061631120275706 | Time:1.0622038841247559
2025-03-15 10:04:37,219 - Epoch: 27 Step: 5/79 | Loss: 0.0002371373411733657 | Time:1.3617846965789795
2025-03-15 10:04:38,392 - Epoch: 27 Step: 6/79 | Loss: 0.00010228381142951548 | Time:1.1730008125305176
2025-03-15 10:04:39,504 - Epoch: 27 Step: 7/79 | Loss: 0.00032118355738930404 | Time:1.1135871410369873
2025-03-15 10:04:40,819 - Epoch: 27 Step: 8/79 | Loss: 6.0447000578278676e-05 | Time:1.3129932880401611
2025-03-15 10:04:42,030 - Epoch: 27 Step: 9/79 | Loss: 0.00048339582281187177 | Time:1.2043383121490479
2025-03-15 10:04:43,368 - Epoch: 27 Step: 10/79 | Loss: 0.0001298965362366289 | Time:1.3455870151519775
2025-03-15 10:04:44,948 - Epoch: 27 Step: 11/79 | Loss: 0.0011649910593405366 | Time:1.579216718673706
2025-03-15 10:04:46,309 - Epoch: 27 Step: 12/79 | Loss: 0.0007721311412751675 | Time:1.3615226745605469
2025-03-15 10:04:47,545 - Epoch: 27 Step: 13/79 | Loss: 0.017042847350239754 | Time:1.2200069427490234
2025-03-15 10:04:48,734 - Epoch: 27 Step: 14/79 | Loss: 0.0003686538548208773 | Time:1.209475040435791
2025-03-15 10:04:49,846 - Epoch: 27 Step: 15/79 | Loss: 6.276286148931831e-05 | Time:1.0914504528045654
2025-03-15 10:04:51,175 - Epoch: 27 Step: 16/79 | Loss: 0.00023594101367052644 | Time:1.4074170589447021
2025-03-15 10:04:52,258 - Epoch: 27 Step: 17/79 | Loss: 4.2803043470485136e-05 | Time:1.0022573471069336
2025-03-15 10:04:53,568 - Epoch: 27 Step: 18/79 | Loss: 6.842572474852204e-05 | Time:1.3285164833068848
2025-03-15 10:04:54,773 - Epoch: 27 Step: 19/79 | Loss: 0.011794419027864933 | Time:1.1932225227355957
2025-03-15 10:04:55,994 - Epoch: 27 Step: 20/79 | Loss: 0.0004350505187176168 | Time:1.2165381908416748
2025-03-15 10:04:57,198 - Epoch: 27 Step: 21/79 | Loss: 2.1646897948812693e-05 | Time:1.2202234268188477
2025-03-15 10:04:58,401 - Epoch: 27 Step: 22/79 | Loss: 3.839258715743199e-05 | Time:1.2011666297912598
2025-03-15 10:04:59,512 - Epoch: 27 Step: 23/79 | Loss: 0.0054916394874453545 | Time:1.1125984191894531
2025-03-15 10:05:00,717 - Epoch: 27 Step: 24/79 | Loss: 2.172451240767259e-05 | Time:1.2042710781097412
2025-03-15 10:05:01,734 - Epoch: 27 Step: 25/79 | Loss: 7.37171430955641e-05 | Time:1.017667531967163
2025-03-15 10:05:02,970 - Epoch: 27 Step: 26/79 | Loss: 5.980450805509463e-05 | Time:1.2364299297332764
2025-03-15 10:05:04,050 - Epoch: 27 Step: 27/79 | Loss: 3.5745135392062366e-05 | Time:1.0792045593261719
2025-03-15 10:05:05,271 - Epoch: 27 Step: 28/79 | Loss: 0.0003926082281395793 | Time:1.220825433731079
2025-03-15 10:05:06,507 - Epoch: 27 Step: 29/79 | Loss: 0.011146784760057926 | Time:1.2364981174468994
2025-03-15 10:05:07,743 - Epoch: 27 Step: 30/79 | Loss: 0.0001047679252224043 | Time:1.2359626293182373
2025-03-15 10:05:09,042 - Epoch: 27 Step: 31/79 | Loss: 0.00033439983963035047 | Time:1.2985572814941406
2025-03-15 10:05:10,182 - Epoch: 27 Step: 32/79 | Loss: 0.0005156602128408849 | Time:1.1409151554107666
2025-03-15 10:05:11,309 - Epoch: 27 Step: 33/79 | Loss: 0.0018299646908417344 | Time:1.1108410358428955
2025-03-15 10:05:12,624 - Epoch: 27 Step: 34/79 | Loss: 0.0015274322358891368 | Time:1.3303344249725342
2025-03-15 10:05:13,679 - Epoch: 27 Step: 35/79 | Loss: 4.065306347911246e-05 | Time:1.0486400127410889
2025-03-15 10:05:14,736 - Epoch: 27 Step: 36/79 | Loss: 4.7781129978829995e-05 | Time:1.0752527713775635
2025-03-15 10:05:15,783 - Epoch: 27 Step: 37/79 | Loss: 3.5354041756363586e-05 | Time:1.046297311782837
2025-03-15 10:05:17,004 - Epoch: 27 Step: 38/79 | Loss: 0.00036457349779084325 | Time:1.20969820022583
2025-03-15 10:05:18,349 - Epoch: 27 Step: 39/79 | Loss: 7.624930003657937e-05 | Time:1.3453326225280762
2025-03-15 10:05:19,507 - Epoch: 27 Step: 40/79 | Loss: 0.0001376773143419996 | Time:1.1582770347595215
2025-03-15 10:05:20,836 - Epoch: 27 Step: 41/79 | Loss: 0.0003523124323692173 | Time:1.32993483543396
2025-03-15 10:05:21,932 - Epoch: 27 Step: 42/79 | Loss: 3.034301334992051e-05 | Time:1.0945923328399658
2025-03-15 10:05:23,160 - Epoch: 27 Step: 43/79 | Loss: 2.1567975636571646e-05 | Time:1.2206134796142578
2025-03-15 10:05:24,309 - Epoch: 27 Step: 44/79 | Loss: 0.004944444168359041 | Time:1.1571590900421143
2025-03-15 10:05:25,377 - Epoch: 27 Step: 45/79 | Loss: 0.00011405301484046504 | Time:1.0676822662353516
2025-03-15 10:05:26,686 - Epoch: 27 Step: 46/79 | Loss: 0.00015015706594567746 | Time:1.3092315196990967
2025-03-15 10:05:27,924 - Epoch: 27 Step: 47/79 | Loss: 2.6396257453598082e-05 | Time:1.2371652126312256
2025-03-15 10:05:29,300 - Epoch: 27 Step: 48/79 | Loss: 0.0005133660160936415 | Time:1.376568078994751
2025-03-15 10:05:30,552 - Epoch: 27 Step: 49/79 | Loss: 0.00017506223230157048 | Time:1.2518491744995117
2025-03-15 10:05:31,803 - Epoch: 27 Step: 50/79 | Loss: 0.004308447241783142 | Time:1.2512891292572021
2025-03-15 10:05:33,040 - Epoch: 27 Step: 51/79 | Loss: 0.00013902818318456411 | Time:1.2366113662719727
2025-03-15 10:05:34,401 - Epoch: 27 Step: 52/79 | Loss: 0.0018502187449485064 | Time:1.361539602279663
2025-03-15 10:05:35,824 - Epoch: 27 Step: 53/79 | Loss: 0.0003041973686777055 | Time:1.422471046447754
2025-03-15 10:05:36,935 - Epoch: 27 Step: 54/79 | Loss: 2.6704812626121566e-05 | Time:1.0955374240875244
2025-03-15 10:05:38,174 - Epoch: 27 Step: 55/79 | Loss: 0.00032634209492243826 | Time:1.2364435195922852
2025-03-15 10:05:39,328 - Epoch: 27 Step: 56/79 | Loss: 0.0006114413263276219 | Time:1.1561591625213623
2025-03-15 10:05:40,580 - Epoch: 27 Step: 57/79 | Loss: 0.0005840279045514762 | Time:1.268005132675171
2025-03-15 10:05:41,972 - Epoch: 27 Step: 58/79 | Loss: 5.6483735534129664e-05 | Time:1.3918511867523193
2025-03-15 10:05:43,223 - Epoch: 27 Step: 59/79 | Loss: 0.004716142546385527 | Time:1.2515249252319336
2025-03-15 10:05:44,335 - Epoch: 27 Step: 60/79 | Loss: 4.411229019751772e-05 | Time:1.118072271347046
2025-03-15 10:05:45,523 - Epoch: 27 Step: 61/79 | Loss: 0.00032656395342200994 | Time:1.182079792022705
2025-03-15 10:05:46,883 - Epoch: 27 Step: 62/79 | Loss: 0.00023098383098840714 | Time:1.371711015701294
2025-03-15 10:05:48,228 - Epoch: 27 Step: 63/79 | Loss: 5.2215360483387485e-05 | Time:1.317002773284912
2025-03-15 10:05:49,464 - Epoch: 27 Step: 64/79 | Loss: 0.00027176918229088187 | Time:1.2503163814544678
2025-03-15 10:05:50,809 - Epoch: 27 Step: 65/79 | Loss: 0.00014966021990403533 | Time:1.346315860748291
2025-03-15 10:05:51,913 - Epoch: 27 Step: 66/79 | Loss: 0.0003427041519898921 | Time:1.0951955318450928
2025-03-15 10:05:53,077 - Epoch: 27 Step: 67/79 | Loss: 6.949211092432961e-05 | Time:1.1732683181762695
2025-03-15 10:05:54,235 - Epoch: 27 Step: 68/79 | Loss: 0.0001796930591808632 | Time:1.1572296619415283
2025-03-15 10:05:55,267 - Epoch: 27 Step: 69/79 | Loss: 1.717304257908836e-05 | Time:1.03316068649292
2025-03-15 10:05:56,409 - Epoch: 27 Step: 70/79 | Loss: 0.018637951463460922 | Time:1.141491413116455
2025-03-15 10:05:57,598 - Epoch: 27 Step: 71/79 | Loss: 0.00011040319805033505 | Time:1.2008426189422607
2025-03-15 10:05:58,779 - Epoch: 27 Step: 72/79 | Loss: 0.0025944977533072233 | Time:1.1609270572662354
2025-03-15 10:06:00,226 - Epoch: 27 Step: 73/79 | Loss: 0.010839591734111309 | Time:1.4391024112701416
2025-03-15 10:06:01,606 - Epoch: 27 Step: 74/79 | Loss: 0.01451147347688675 | Time:1.3934800624847412
2025-03-15 10:06:02,792 - Epoch: 27 Step: 75/79 | Loss: 5.7240406022174284e-05 | Time:1.188241720199585
2025-03-15 10:06:03,966 - Epoch: 27 Step: 76/79 | Loss: 0.008971049450337887 | Time:1.1736645698547363
2025-03-15 10:06:05,249 - Epoch: 27 Step: 77/79 | Loss: 7.070345600368455e-05 | Time:1.2855029106140137
2025-03-15 10:06:06,438 - Epoch: 27 Step: 78/79 | Loss: 5.549918569158763e-05 | Time:1.1864233016967773
2025-03-15 10:06:06,730 - Epoch: 27 Step: 79/79 | Loss: 0.0002482707495801151 | Time:0.3416566848754883
2025-03-15 10:06:07,611 - Val_Epoch:27.0 Step: 1/32 | Loss: 0.1002337783575058 | Time:0
2025-03-15 10:06:08,643 - Val_Epoch:27.0 Step: 2/32 | Loss: 0.28937408328056335 | Time:0.8782474994659424
2025-03-15 10:06:10,005 - Val_Epoch:27.0 Step: 3/32 | Loss: 0.5668827891349792 | Time:1.0324242115020752
2025-03-15 10:06:11,069 - Val_Epoch:27.0 Step: 4/32 | Loss: 0.4158087968826294 | Time:1.3616721630096436
2025-03-15 10:06:12,086 - Val_Epoch:27.0 Step: 5/32 | Loss: 0.0027149587403982878 | Time:1.0646247863769531
2025-03-15 10:06:13,041 - Val_Epoch:27.0 Step: 6/32 | Loss: 0.5247749090194702 | Time:1.0167081356048584
2025-03-15 10:06:14,058 - Val_Epoch:27.0 Step: 7/32 | Loss: 0.11784135550260544 | Time:0.95456862449646
2025-03-15 10:06:15,545 - Val_Epoch:27.0 Step: 8/32 | Loss: 0.017536863684654236 | Time:1.0169310569763184
2025-03-15 10:06:16,625 - Val_Epoch:27.0 Step: 9/32 | Loss: 0.1406276673078537 | Time:1.4876325130462646
2025-03-15 10:06:17,673 - Val_Epoch:27.0 Step: 10/32 | Loss: 0.0035526053979992867 | Time:1.0792591571807861
2025-03-15 10:06:18,925 - Val_Epoch:27.0 Step: 11/32 | Loss: 0.4160819351673126 | Time:1.0486600399017334
2025-03-15 10:06:20,004 - Val_Epoch:27.0 Step: 12/32 | Loss: 0.1916273534297943 | Time:1.2518489360809326
2025-03-15 10:06:20,989 - Val_Epoch:27.0 Step: 13/32 | Loss: 0.25938844680786133 | Time:1.0785810947418213
2025-03-15 10:06:22,025 - Val_Epoch:27.0 Step: 14/32 | Loss: 0.019130758941173553 | Time:0.9849696159362793
2025-03-15 10:06:23,007 - Val_Epoch:27.0 Step: 15/32 | Loss: 0.07085047662258148 | Time:1.03656005859375
2025-03-15 10:06:24,211 - Val_Epoch:27.0 Step: 16/32 | Loss: 0.4282534122467041 | Time:0.9822404384613037
2025-03-15 10:06:25,352 - Val_Epoch:27.0 Step: 17/32 | Loss: 0.0009294127812609076 | Time:1.2037909030914307
2025-03-15 10:06:26,493 - Val_Epoch:27.0 Step: 18/32 | Loss: 0.2934096157550812 | Time:1.1408815383911133
2025-03-15 10:06:27,603 - Val_Epoch:27.0 Step: 19/32 | Loss: 0.2728269100189209 | Time:1.1567389965057373
2025-03-15 10:06:28,493 - Val_Epoch:27.0 Step: 20/32 | Loss: 0.330986887216568 | Time:1.0938920974731445
2025-03-15 10:06:29,571 - Val_Epoch:27.0 Step: 21/32 | Loss: 0.011792920529842377 | Time:0.8905706405639648
2025-03-15 10:06:30,540 - Val_Epoch:27.0 Step: 22/32 | Loss: 0.49452200531959534 | Time:1.0780410766601562
2025-03-15 10:06:31,463 - Val_Epoch:27.0 Step: 23/32 | Loss: 0.17816324532032013 | Time:0.9691669940948486
2025-03-15 10:06:32,557 - Val_Epoch:27.0 Step: 24/32 | Loss: 0.5790227651596069 | Time:0.9225873947143555
2025-03-15 10:06:33,604 - Val_Epoch:27.0 Step: 25/32 | Loss: 0.005143664311617613 | Time:1.109689474105835
2025-03-15 10:06:34,808 - Val_Epoch:27.0 Step: 26/32 | Loss: 0.1408277302980423 | Time:1.0317153930664062
2025-03-15 10:06:35,980 - Val_Epoch:27.0 Step: 27/32 | Loss: 0.4967218041419983 | Time:1.2035548686981201
2025-03-15 10:06:37,013 - Val_Epoch:27.0 Step: 28/32 | Loss: 0.41680780053138733 | Time:1.1722297668457031
2025-03-15 10:06:37,857 - Val_Epoch:27.0 Step: 29/32 | Loss: 0.16605432331562042 | Time:1.0322864055633545
2025-03-15 10:06:38,810 - Val_Epoch:27.0 Step: 30/32 | Loss: 0.0014425312401726842 | Time:0.8440554141998291
2025-03-15 10:06:39,920 - Val_Epoch:27.0 Step: 31/32 | Loss: 0.41392284631729126 | Time:0.9534180164337158
2025-03-15 10:06:40,124 - Val_Epoch:27.0 Step: 32/32 | Loss: 0.5889028906822205 | Time:1.1103899478912354
2025-03-15 10:06:40,124 - Validation - Accuracy: 0.950950950950951, Precision: 0.9198606271777003, Recall: 0.9103448275862069, F1-Score: 0.9150779896013864
2025-03-15 10:06:40,124 - Saved model as model_epoch_27_acc_0.9510.pt
2025-03-15 10:06:40,124 - 
*** EPOCH: 28 ***

2025-03-15 10:06:41,312 - Epoch: 28 Step: 1/79 | Loss: 0.005218980368226767 | Time:1.1096653938293457
2025-03-15 10:06:42,407 - Epoch: 28 Step: 2/79 | Loss: 5.165366383153014e-05 | Time:1.1105222702026367
2025-03-15 10:06:43,571 - Epoch: 28 Step: 3/79 | Loss: 0.000367290573194623 | Time:1.1646833419799805
2025-03-15 10:06:44,792 - Epoch: 28 Step: 4/79 | Loss: 0.006565226707607508 | Time:1.2204046249389648
2025-03-15 10:06:45,761 - Epoch: 28 Step: 5/79 | Loss: 0.0006544619100168347 | Time:0.9688799381256104
2025-03-15 10:06:46,982 - Epoch: 28 Step: 6/79 | Loss: 0.016463391482830048 | Time:1.2212448120117188
2025-03-15 10:06:48,071 - Epoch: 28 Step: 7/79 | Loss: 0.00027184654027223587 | Time:1.0801458358764648
2025-03-15 10:06:49,361 - Epoch: 28 Step: 8/79 | Loss: 0.0041648405604064465 | Time:1.2985296249389648
2025-03-15 10:06:50,721 - Epoch: 28 Step: 9/79 | Loss: 0.00022789801005274057 | Time:1.3449506759643555
2025-03-15 10:06:51,926 - Epoch: 28 Step: 10/79 | Loss: 3.3054900995921344e-05 | Time:1.220463514328003
2025-03-15 10:06:53,193 - Epoch: 28 Step: 11/79 | Loss: 0.0008219356532208622 | Time:1.2665369510650635
2025-03-15 10:06:54,396 - Epoch: 28 Step: 12/79 | Loss: 5.181735468795523e-05 | Time:1.203481912612915
2025-03-15 10:06:55,521 - Epoch: 28 Step: 13/79 | Loss: 0.00016984177636913955 | Time:1.1254582405090332
2025-03-15 10:06:56,616 - Epoch: 28 Step: 14/79 | Loss: 4.3920801545027643e-05 | Time:1.0944840908050537
2025-03-15 10:06:57,805 - Epoch: 28 Step: 15/79 | Loss: 4.52589156338945e-05 | Time:1.1886279582977295
2025-03-15 10:06:58,993 - Epoch: 28 Step: 16/79 | Loss: 9.69261527643539e-05 | Time:1.187835931777954
2025-03-15 10:07:00,118 - Epoch: 28 Step: 17/79 | Loss: 1.9769458958762698e-05 | Time:1.1259081363677979
2025-03-15 10:07:01,353 - Epoch: 28 Step: 18/79 | Loss: 0.00034609378781169653 | Time:1.2350525856018066
2025-03-15 10:07:02,838 - Epoch: 28 Step: 19/79 | Loss: 0.0002650130772963166 | Time:1.4685773849487305
2025-03-15 10:07:04,120 - Epoch: 28 Step: 20/79 | Loss: 7.906580867711455e-05 | Time:1.281975269317627
2025-03-15 10:07:05,119 - Epoch: 28 Step: 21/79 | Loss: 1.5243033885781188e-05 | Time:1.0154991149902344
2025-03-15 10:07:06,448 - Epoch: 28 Step: 22/79 | Loss: 0.00010502097575226799 | Time:1.328352451324463
2025-03-15 10:07:07,683 - Epoch: 28 Step: 23/79 | Loss: 0.00011773860751418397 | Time:1.2351677417755127
2025-03-15 10:07:08,778 - Epoch: 28 Step: 24/79 | Loss: 0.00028074116562493145 | Time:1.0980448722839355
2025-03-15 10:07:09,935 - Epoch: 28 Step: 25/79 | Loss: 3.188560367561877e-05 | Time:1.1535203456878662
2025-03-15 10:07:11,577 - Epoch: 28 Step: 26/79 | Loss: 8.322235225932673e-05 | Time:1.642529010772705
2025-03-15 10:07:12,734 - Epoch: 28 Step: 27/79 | Loss: 0.0001707427145447582 | Time:1.1570777893066406
2025-03-15 10:07:13,782 - Epoch: 28 Step: 28/79 | Loss: 0.0006769893225282431 | Time:1.0475871562957764
2025-03-15 10:07:15,188 - Epoch: 28 Step: 29/79 | Loss: 7.063943485263735e-05 | Time:1.4065320491790771
2025-03-15 10:07:16,392 - Epoch: 28 Step: 30/79 | Loss: 0.0003331189218442887 | Time:1.2035002708435059
2025-03-15 10:07:17,627 - Epoch: 28 Step: 31/79 | Loss: 0.010115556418895721 | Time:1.2199759483337402
2025-03-15 10:07:18,831 - Epoch: 28 Step: 32/79 | Loss: 7.237370300572366e-05 | Time:1.2194807529449463
2025-03-15 10:07:20,301 - Epoch: 28 Step: 33/79 | Loss: 0.00028124978416599333 | Time:1.4695367813110352
2025-03-15 10:07:21,442 - Epoch: 28 Step: 34/79 | Loss: 0.0003663328243419528 | Time:1.141312837600708
2025-03-15 10:07:22,724 - Epoch: 28 Step: 35/79 | Loss: 0.012606913223862648 | Time:1.2813267707824707
2025-03-15 10:07:23,896 - Epoch: 28 Step: 36/79 | Loss: 4.0706985600991175e-05 | Time:1.1724951267242432
2025-03-15 10:07:25,178 - Epoch: 28 Step: 37/79 | Loss: 0.0001773208932718262 | Time:1.2819387912750244
2025-03-15 10:07:26,397 - Epoch: 28 Step: 38/79 | Loss: 0.0003889487124979496 | Time:1.2196526527404785
2025-03-15 10:07:27,680 - Epoch: 28 Step: 39/79 | Loss: 0.00031417360878549516 | Time:1.2821316719055176
2025-03-15 10:07:28,822 - Epoch: 28 Step: 40/79 | Loss: 2.1448813640745357e-05 | Time:1.142003059387207
2025-03-15 10:07:29,807 - Epoch: 28 Step: 41/79 | Loss: 8.74506586114876e-05 | Time:0.9852156639099121
2025-03-15 10:07:30,933 - Epoch: 28 Step: 42/79 | Loss: 0.0001284901227336377 | Time:1.1257438659667969
2025-03-15 10:07:32,090 - Epoch: 28 Step: 43/79 | Loss: 0.00935723353177309 | Time:1.1570372581481934
2025-03-15 10:07:33,215 - Epoch: 28 Step: 44/79 | Loss: 1.2408691873133648e-05 | Time:1.1258769035339355
2025-03-15 10:07:34,247 - Epoch: 28 Step: 45/79 | Loss: 0.00013168594159651548 | Time:1.0312488079071045
2025-03-15 10:07:35,357 - Epoch: 28 Step: 46/79 | Loss: 2.9409835406113416e-05 | Time:1.1100969314575195
2025-03-15 10:07:36,467 - Epoch: 28 Step: 47/79 | Loss: 8.924125722842291e-05 | Time:1.1100807189941406
2025-03-15 10:07:37,577 - Epoch: 28 Step: 48/79 | Loss: 6.883434252813458e-05 | Time:1.1146724224090576
2025-03-15 10:07:38,814 - Epoch: 28 Step: 49/79 | Loss: 3.2392836146755144e-05 | Time:1.2163679599761963
2025-03-15 10:07:39,798 - Epoch: 28 Step: 50/79 | Loss: 0.0001309891085838899 | Time:1.000507116317749
2025-03-15 10:07:40,831 - Epoch: 28 Step: 51/79 | Loss: 2.1915033357799985e-05 | Time:1.0324039459228516
2025-03-15 10:07:42,113 - Epoch: 28 Step: 52/79 | Loss: 5.569793938775547e-05 | Time:1.2822413444519043
2025-03-15 10:07:43,379 - Epoch: 28 Step: 53/79 | Loss: 0.0004081184742972255 | Time:1.265540361404419
2025-03-15 10:07:44,551 - Epoch: 28 Step: 54/79 | Loss: 4.134403570787981e-05 | Time:1.156540870666504
2025-03-15 10:07:45,772 - Epoch: 28 Step: 55/79 | Loss: 0.00014526236918754876 | Time:1.2366197109222412
2025-03-15 10:07:46,758 - Epoch: 28 Step: 56/79 | Loss: 2.2010721295373514e-05 | Time:0.9863860607147217
2025-03-15 10:07:48,135 - Epoch: 28 Step: 57/79 | Loss: 0.00043240204104222357 | Time:1.3764007091522217
2025-03-15 10:07:49,276 - Epoch: 28 Step: 58/79 | Loss: 0.0023789380211383104 | Time:1.1254098415374756
2025-03-15 10:07:50,763 - Epoch: 28 Step: 59/79 | Loss: 6.43157254671678e-05 | Time:1.5028412342071533
2025-03-15 10:07:52,139 - Epoch: 28 Step: 60/79 | Loss: 9.788711031433195e-05 | Time:1.3757896423339844
2025-03-15 10:07:53,563 - Epoch: 28 Step: 61/79 | Loss: 0.0004034897719975561 | Time:1.4177281856536865
2025-03-15 10:07:54,799 - Epoch: 28 Step: 62/79 | Loss: 0.041110165417194366 | Time:1.2424917221069336
2025-03-15 10:07:56,034 - Epoch: 28 Step: 63/79 | Loss: 0.00016611217870377004 | Time:1.2356107234954834
2025-03-15 10:07:57,349 - Epoch: 28 Step: 64/79 | Loss: 0.03647170588374138 | Time:1.314396619796753
2025-03-15 10:07:58,654 - Epoch: 28 Step: 65/79 | Loss: 0.0002011344040511176 | Time:1.2976984977722168
2025-03-15 10:08:00,152 - Epoch: 28 Step: 66/79 | Loss: 0.0009598031756468117 | Time:1.501359462738037
2025-03-15 10:08:01,432 - Epoch: 28 Step: 67/79 | Loss: 0.00028488258249126375 | Time:1.2839131355285645
2025-03-15 10:08:02,725 - Epoch: 28 Step: 68/79 | Loss: 7.513964374084026e-05 | Time:1.282282829284668
2025-03-15 10:08:04,091 - Epoch: 28 Step: 69/79 | Loss: 0.0010799089213833213 | Time:1.3614509105682373
2025-03-15 10:08:05,202 - Epoch: 28 Step: 70/79 | Loss: 1.6059198969742283e-05 | Time:1.126004934310913
2025-03-15 10:08:06,390 - Epoch: 28 Step: 71/79 | Loss: 2.2826574422651902e-05 | Time:1.1731081008911133
2025-03-15 10:08:07,751 - Epoch: 28 Step: 72/79 | Loss: 0.0017557220999151468 | Time:1.37611722946167
2025-03-15 10:08:09,004 - Epoch: 28 Step: 73/79 | Loss: 0.008154734037816525 | Time:1.2527105808258057
2025-03-15 10:08:10,192 - Epoch: 28 Step: 74/79 | Loss: 2.5408615329070017e-05 | Time:1.172875165939331
2025-03-15 10:08:11,475 - Epoch: 28 Step: 75/79 | Loss: 0.00029043652466498315 | Time:1.2986631393432617
2025-03-15 10:08:12,897 - Epoch: 28 Step: 76/79 | Loss: 0.011258944869041443 | Time:1.4063806533813477
2025-03-15 10:08:14,182 - Epoch: 28 Step: 77/79 | Loss: 0.0002027392911259085 | Time:1.3007936477661133
2025-03-15 10:08:15,307 - Epoch: 28 Step: 78/79 | Loss: 1.3727418263442814e-05 | Time:1.1244497299194336
2025-03-15 10:08:15,495 - Epoch: 28 Step: 79/79 | Loss: 3.963698418374406e-06 | Time:0.23517513275146484
2025-03-15 10:08:16,386 - Val_Epoch:28.0 Step: 1/32 | Loss: 0.09204544126987457 | Time:0
2025-03-15 10:08:17,419 - Val_Epoch:28.0 Step: 2/32 | Loss: 0.28631696105003357 | Time:0.8912122249603271
2025-03-15 10:08:18,763 - Val_Epoch:28.0 Step: 3/32 | Loss: 0.554034948348999 | Time:1.0326597690582275
2025-03-15 10:08:19,811 - Val_Epoch:28.0 Step: 4/32 | Loss: 0.35014045238494873 | Time:1.3442621231079102
2025-03-15 10:08:20,813 - Val_Epoch:28.0 Step: 5/32 | Loss: 0.002945304848253727 | Time:1.0477094650268555
2025-03-15 10:08:21,767 - Val_Epoch:28.0 Step: 6/32 | Loss: 0.4594305157661438 | Time:1.0017070770263672
2025-03-15 10:08:22,798 - Val_Epoch:28.0 Step: 7/32 | Loss: 0.079450324177742 | Time:0.9540653228759766
2025-03-15 10:08:24,268 - Val_Epoch:28.0 Step: 8/32 | Loss: 0.0437740795314312 | Time:1.0315361022949219
2025-03-15 10:08:25,349 - Val_Epoch:28.0 Step: 9/32 | Loss: 0.1425955891609192 | Time:1.4702212810516357
2025-03-15 10:08:26,412 - Val_Epoch:28.0 Step: 10/32 | Loss: 0.016361912712454796 | Time:1.080366611480713
2025-03-15 10:08:27,664 - Val_Epoch:28.0 Step: 11/32 | Loss: 0.5349551439285278 | Time:1.0635898113250732
2025-03-15 10:08:28,743 - Val_Epoch:28.0 Step: 12/32 | Loss: 0.2773134708404541 | Time:1.2522668838500977
2025-03-15 10:08:29,729 - Val_Epoch:28.0 Step: 13/32 | Loss: 0.2590502202510834 | Time:1.078629732131958
2025-03-15 10:08:30,776 - Val_Epoch:28.0 Step: 14/32 | Loss: 0.1408083140850067 | Time:0.9856042861938477
2025-03-15 10:08:31,762 - Val_Epoch:28.0 Step: 15/32 | Loss: 0.09824869781732559 | Time:1.047567367553711
2025-03-15 10:08:32,967 - Val_Epoch:28.0 Step: 16/32 | Loss: 0.5053790807723999 | Time:0.9851536750793457
2025-03-15 10:08:34,109 - Val_Epoch:28.0 Step: 17/32 | Loss: 0.001782455132342875 | Time:1.2051925659179688
2025-03-15 10:08:35,266 - Val_Epoch:28.0 Step: 18/32 | Loss: 0.22513771057128906 | Time:1.1422309875488281
2025-03-15 10:08:36,362 - Val_Epoch:28.0 Step: 19/32 | Loss: 0.2792547345161438 | Time:1.1571028232574463
2025-03-15 10:08:37,252 - Val_Epoch:28.0 Step: 20/32 | Loss: 0.33417871594429016 | Time:1.0957283973693848
2025-03-15 10:08:38,331 - Val_Epoch:28.0 Step: 21/32 | Loss: 0.034944016486406326 | Time:0.8906424045562744
2025-03-15 10:08:39,287 - Val_Epoch:28.0 Step: 22/32 | Loss: 0.47614938020706177 | Time:1.078892707824707
2025-03-15 10:08:40,210 - Val_Epoch:28.0 Step: 23/32 | Loss: 0.0900082215666771 | Time:0.9552671909332275
2025-03-15 10:08:41,320 - Val_Epoch:28.0 Step: 24/32 | Loss: 0.4867960512638092 | Time:0.9234082698822021
2025-03-15 10:08:42,367 - Val_Epoch:28.0 Step: 25/32 | Loss: 0.004754239227622747 | Time:1.1104707717895508
2025-03-15 10:08:43,557 - Val_Epoch:28.0 Step: 26/32 | Loss: 0.13555218279361725 | Time:1.0467262268066406
2025-03-15 10:08:44,746 - Val_Epoch:28.0 Step: 27/32 | Loss: 0.42670679092407227 | Time:1.1894774436950684
2025-03-15 10:08:45,794 - Val_Epoch:28.0 Step: 28/32 | Loss: 0.41537195444107056 | Time:1.18951416015625
2025-03-15 10:08:46,654 - Val_Epoch:28.0 Step: 29/32 | Loss: 0.16389243304729462 | Time:1.0479283332824707
2025-03-15 10:08:47,608 - Val_Epoch:28.0 Step: 30/32 | Loss: 0.0010092357406392694 | Time:0.8599963188171387
2025-03-15 10:08:48,734 - Val_Epoch:28.0 Step: 31/32 | Loss: 0.3284960687160492 | Time:0.9534642696380615
2025-03-15 10:08:48,921 - Val_Epoch:28.0 Step: 32/32 | Loss: 0.728437602519989 | Time:1.1264221668243408
2025-03-15 10:08:48,921 - Validation - Accuracy: 0.9479479479479479, Precision: 0.9131944444444444, Recall: 0.906896551724138, F1-Score: 0.9100346020761245
2025-03-15 10:08:48,921 - Saved model as model_epoch_28_acc_0.9479.pt
2025-03-15 10:08:48,937 - 
*** EPOCH: 29 ***

2025-03-15 10:08:50,237 - Epoch: 29 Step: 1/79 | Loss: 0.0018134431447833776 | Time:1.1744694709777832
2025-03-15 10:08:51,378 - Epoch: 29 Step: 2/79 | Loss: 0.00044940426596440375 | Time:1.203904151916504
2025-03-15 10:08:52,551 - Epoch: 29 Step: 3/79 | Loss: 9.392503125127405e-05 | Time:1.1733152866363525
2025-03-15 10:08:53,693 - Epoch: 29 Step: 4/79 | Loss: 0.0005720959743484855 | Time:1.1474275588989258
2025-03-15 10:08:54,882 - Epoch: 29 Step: 5/79 | Loss: 4.2796677007572725e-05 | Time:1.1835017204284668
2025-03-15 10:08:56,009 - Epoch: 29 Step: 6/79 | Loss: 0.0007473015575669706 | Time:1.1264896392822266
2025-03-15 10:08:57,197 - Epoch: 29 Step: 7/79 | Loss: 0.0014103801222518086 | Time:1.1886208057403564
2025-03-15 10:08:58,483 - Epoch: 29 Step: 8/79 | Loss: 0.00028592158923856914 | Time:1.284273386001587
2025-03-15 10:08:59,498 - Epoch: 29 Step: 9/79 | Loss: 3.860118522425182e-05 | Time:1.0160586833953857
2025-03-15 10:09:00,858 - Epoch: 29 Step: 10/79 | Loss: 0.0006172130815684795 | Time:1.3629002571105957
2025-03-15 10:09:02,080 - Epoch: 29 Step: 11/79 | Loss: 0.00032236173865385354 | Time:1.217829942703247
2025-03-15 10:09:03,518 - Epoch: 29 Step: 12/79 | Loss: 5.4966392781352624e-05 | Time:1.4395055770874023
2025-03-15 10:09:04,800 - Epoch: 29 Step: 13/79 | Loss: 4.034963785670698e-05 | Time:1.2821030616760254
2025-03-15 10:09:06,084 - Epoch: 29 Step: 14/79 | Loss: 0.019032344222068787 | Time:1.2839694023132324
2025-03-15 10:09:07,272 - Epoch: 29 Step: 15/79 | Loss: 0.004192950204014778 | Time:1.1881074905395508
2025-03-15 10:09:08,586 - Epoch: 29 Step: 16/79 | Loss: 0.13794474303722382 | Time:1.3205995559692383
2025-03-15 10:09:09,791 - Epoch: 29 Step: 17/79 | Loss: 0.00014112032658886164 | Time:1.198594093322754
2025-03-15 10:09:11,042 - Epoch: 29 Step: 18/79 | Loss: 8.198263822123408e-05 | Time:1.249807596206665
2025-03-15 10:09:12,015 - Epoch: 29 Step: 19/79 | Loss: 8.124716259771958e-06 | Time:0.9688155651092529
2025-03-15 10:09:13,091 - Epoch: 29 Step: 20/79 | Loss: 3.5110719181830063e-05 | Time:1.0816185474395752
2025-03-15 10:09:14,155 - Epoch: 29 Step: 21/79 | Loss: 0.00029304419877007604 | Time:1.048182487487793
2025-03-15 10:09:15,375 - Epoch: 29 Step: 22/79 | Loss: 0.0004233470535837114 | Time:1.2357487678527832
2025-03-15 10:09:16,703 - Epoch: 29 Step: 23/79 | Loss: 0.00038630320341326296 | Time:1.3279316425323486
2025-03-15 10:09:17,829 - Epoch: 29 Step: 24/79 | Loss: 2.147113082173746e-05 | Time:1.12601637840271
2025-03-15 10:09:19,097 - Epoch: 29 Step: 25/79 | Loss: 0.0016596268396824598 | Time:1.2677428722381592
2025-03-15 10:09:20,217 - Epoch: 29 Step: 26/79 | Loss: 8.834840264171362e-05 | Time:1.1193788051605225
2025-03-15 10:09:21,382 - Epoch: 29 Step: 27/79 | Loss: 0.00034659961238503456 | Time:1.1653189659118652
2025-03-15 10:09:22,539 - Epoch: 29 Step: 28/79 | Loss: 0.0023291169200092554 | Time:1.1618940830230713
2025-03-15 10:09:23,650 - Epoch: 29 Step: 29/79 | Loss: 0.00011195569823030382 | Time:1.0905823707580566
2025-03-15 10:09:24,808 - Epoch: 29 Step: 30/79 | Loss: 0.00011770420678658411 | Time:1.1800284385681152
2025-03-15 10:09:25,887 - Epoch: 29 Step: 31/79 | Loss: 1.5638259355910122e-05 | Time:1.072256326675415
2025-03-15 10:09:27,046 - Epoch: 29 Step: 32/79 | Loss: 0.00047535059275105596 | Time:1.1592466831207275
2025-03-15 10:09:28,332 - Epoch: 29 Step: 33/79 | Loss: 0.00015432470536325127 | Time:1.2813513278961182
2025-03-15 10:09:29,643 - Epoch: 29 Step: 34/79 | Loss: 7.295363320736215e-05 | Time:1.3156061172485352
2025-03-15 10:09:31,050 - Epoch: 29 Step: 35/79 | Loss: 0.0049514565616846085 | Time:1.4070897102355957
2025-03-15 10:09:32,208 - Epoch: 29 Step: 36/79 | Loss: 0.01670958288013935 | Time:1.1577558517456055
2025-03-15 10:09:33,350 - Epoch: 29 Step: 37/79 | Loss: 0.04412603750824928 | Time:1.1420409679412842
2025-03-15 10:09:34,633 - Epoch: 29 Step: 38/79 | Loss: 0.01706741936504841 | Time:1.283632755279541
2025-03-15 10:09:35,790 - Epoch: 29 Step: 39/79 | Loss: 9.284277621190995e-05 | Time:1.1571319103240967
2025-03-15 10:09:37,127 - Epoch: 29 Step: 40/79 | Loss: 0.05222662165760994 | Time:1.320786714553833
2025-03-15 10:09:38,245 - Epoch: 29 Step: 41/79 | Loss: 3.2409323466708884e-05 | Time:1.1331706047058105
2025-03-15 10:09:39,560 - Epoch: 29 Step: 42/79 | Loss: 9.098769805859774e-05 | Time:1.3146040439605713
2025-03-15 10:09:40,685 - Epoch: 29 Step: 43/79 | Loss: 5.7007699069799855e-05 | Time:1.1259698867797852
2025-03-15 10:09:41,874 - Epoch: 29 Step: 44/79 | Loss: 0.005045391619205475 | Time:1.1888535022735596
2025-03-15 10:09:43,000 - Epoch: 29 Step: 45/79 | Loss: 0.0005945570301264524 | Time:1.1258740425109863
2025-03-15 10:09:44,174 - Epoch: 29 Step: 46/79 | Loss: 0.00012853796943090856 | Time:1.1743252277374268
2025-03-15 10:09:45,310 - Epoch: 29 Step: 47/79 | Loss: 0.0007520527578890324 | Time:1.1263105869293213
2025-03-15 10:09:46,334 - Epoch: 29 Step: 48/79 | Loss: 0.002965595107525587 | Time:1.0332708358764648
2025-03-15 10:09:47,475 - Epoch: 29 Step: 49/79 | Loss: 5.3502051741816103e-05 | Time:1.1256840229034424
2025-03-15 10:09:48,665 - Epoch: 29 Step: 50/79 | Loss: 0.016894398257136345 | Time:1.205376148223877
2025-03-15 10:09:49,823 - Epoch: 29 Step: 51/79 | Loss: 3.973824641434476e-05 | Time:1.158066749572754
2025-03-15 10:09:51,106 - Epoch: 29 Step: 52/79 | Loss: 6.50192450848408e-05 | Time:1.2831783294677734
2025-03-15 10:09:52,420 - Epoch: 29 Step: 53/79 | Loss: 0.0005382192321121693 | Time:1.3131921291351318
2025-03-15 10:09:53,687 - Epoch: 29 Step: 54/79 | Loss: 0.004930676892399788 | Time:1.268223762512207
2025-03-15 10:09:54,846 - Epoch: 29 Step: 55/79 | Loss: 8.072932541836053e-05 | Time:1.1585865020751953
2025-03-15 10:09:56,238 - Epoch: 29 Step: 56/79 | Loss: 0.005705068353563547 | Time:1.3924169540405273
2025-03-15 10:09:57,850 - Epoch: 29 Step: 57/79 | Loss: 0.0012373118661344051 | Time:1.611726999282837
2025-03-15 10:09:59,353 - Epoch: 29 Step: 58/79 | Loss: 0.0003956584259867668 | Time:1.5022146701812744
2025-03-15 10:10:00,322 - Epoch: 29 Step: 59/79 | Loss: 0.00017623518942855299 | Time:0.9697878360748291
2025-03-15 10:10:01,510 - Epoch: 29 Step: 60/79 | Loss: 0.00017895504424814135 | Time:1.1884756088256836
2025-03-15 10:10:02,574 - Epoch: 29 Step: 61/79 | Loss: 5.0380753236822784e-05 | Time:1.063366174697876
2025-03-15 10:10:03,841 - Epoch: 29 Step: 62/79 | Loss: 0.00014772944268770516 | Time:1.2668030261993408
2025-03-15 10:10:04,998 - Epoch: 29 Step: 63/79 | Loss: 0.00039562073652632535 | Time:1.1576001644134521
2025-03-15 10:10:06,125 - Epoch: 29 Step: 64/79 | Loss: 5.584075188380666e-05 | Time:1.1266770362854004
2025-03-15 10:10:07,313 - Epoch: 29 Step: 65/79 | Loss: 0.00022663726122118533 | Time:1.1884315013885498
2025-03-15 10:10:08,862 - Epoch: 29 Step: 66/79 | Loss: 0.00012041781155858189 | Time:1.532747745513916
2025-03-15 10:10:10,067 - Epoch: 29 Step: 67/79 | Loss: 0.0001372928818454966 | Time:1.2044568061828613
2025-03-15 10:10:11,428 - Epoch: 29 Step: 68/79 | Loss: 0.00012622418580576777 | Time:1.3768346309661865
2025-03-15 10:10:12,507 - Epoch: 29 Step: 69/79 | Loss: 0.00011259176972089335 | Time:1.0796594619750977
2025-03-15 10:10:13,868 - Epoch: 29 Step: 70/79 | Loss: 0.00016432380652986467 | Time:1.3449184894561768
2025-03-15 10:10:14,963 - Epoch: 29 Step: 71/79 | Loss: 0.006429780274629593 | Time:1.1113030910491943
2025-03-15 10:10:16,669 - Epoch: 29 Step: 72/79 | Loss: 0.00017400078650098294 | Time:1.6895415782928467
2025-03-15 10:10:18,217 - Epoch: 29 Step: 73/79 | Loss: 0.001800025813281536 | Time:1.5642859935760498
2025-03-15 10:10:19,379 - Epoch: 29 Step: 74/79 | Loss: 0.000144789824844338 | Time:1.15824294090271
2025-03-15 10:10:20,704 - Epoch: 29 Step: 75/79 | Loss: 0.005815431941300631 | Time:1.328601360321045
2025-03-15 10:10:21,847 - Epoch: 29 Step: 76/79 | Loss: 0.013599146157503128 | Time:1.1434025764465332
2025-03-15 10:10:23,113 - Epoch: 29 Step: 77/79 | Loss: 8.407008863287047e-05 | Time:1.2655658721923828
2025-03-15 10:10:24,178 - Epoch: 29 Step: 78/79 | Loss: 0.0015569714596495032 | Time:1.0647788047790527
2025-03-15 10:10:24,365 - Epoch: 29 Step: 79/79 | Loss: 2.5927956812665798e-06 | Time:0.23458337783813477
2025-03-15 10:10:25,243 - Val_Epoch:29.0 Step: 1/32 | Loss: 0.06641542166471481 | Time:0
2025-03-15 10:10:26,290 - Val_Epoch:29.0 Step: 2/32 | Loss: 0.2465321570634842 | Time:0.8771791458129883
2025-03-15 10:10:27,651 - Val_Epoch:29.0 Step: 3/32 | Loss: 0.38309696316719055 | Time:1.0470094680786133
2025-03-15 10:10:28,684 - Val_Epoch:29.0 Step: 4/32 | Loss: 0.4011741280555725 | Time:1.3615984916687012
2025-03-15 10:10:29,702 - Val_Epoch:29.0 Step: 5/32 | Loss: 0.001072488259524107 | Time:1.0327506065368652
2025-03-15 10:10:30,655 - Val_Epoch:29.0 Step: 6/32 | Loss: 0.3968300521373749 | Time:1.0183522701263428
2025-03-15 10:10:31,656 - Val_Epoch:29.0 Step: 7/32 | Loss: 0.10426965355873108 | Time:0.9525597095489502
2025-03-15 10:10:33,164 - Val_Epoch:29.0 Step: 8/32 | Loss: 0.06133176013827324 | Time:1.000692367553711
2025-03-15 10:10:34,237 - Val_Epoch:29.0 Step: 9/32 | Loss: 0.11323126405477524 | Time:1.5086593627929688
2025-03-15 10:10:35,301 - Val_Epoch:29.0 Step: 10/32 | Loss: 0.009399003349244595 | Time:1.072535514831543
2025-03-15 10:10:36,554 - Val_Epoch:29.0 Step: 11/32 | Loss: 0.5157795548439026 | Time:1.0645310878753662
2025-03-15 10:10:37,622 - Val_Epoch:29.0 Step: 12/32 | Loss: 0.2541581392288208 | Time:1.2528066635131836
2025-03-15 10:10:38,617 - Val_Epoch:29.0 Step: 13/32 | Loss: 0.2644427418708801 | Time:1.0680429935455322
2025-03-15 10:10:39,665 - Val_Epoch:29.0 Step: 14/32 | Loss: 0.033893510699272156 | Time:0.9951035976409912
2025-03-15 10:10:40,650 - Val_Epoch:29.0 Step: 15/32 | Loss: 0.15611669421195984 | Time:1.04819917678833
2025-03-15 10:10:41,840 - Val_Epoch:29.0 Step: 16/32 | Loss: 0.45264798402786255 | Time:0.9845211505889893
2025-03-15 10:10:42,984 - Val_Epoch:29.0 Step: 17/32 | Loss: 0.007271665148437023 | Time:1.190293550491333
2025-03-15 10:10:44,139 - Val_Epoch:29.0 Step: 18/32 | Loss: 0.12095251679420471 | Time:1.1434390544891357
2025-03-15 10:10:45,235 - Val_Epoch:29.0 Step: 19/32 | Loss: 0.2756935954093933 | Time:1.15578293800354
2025-03-15 10:10:46,143 - Val_Epoch:29.0 Step: 20/32 | Loss: 0.341533899307251 | Time:1.0955438613891602
2025-03-15 10:10:47,226 - Val_Epoch:29.0 Step: 21/32 | Loss: 0.05034928768873215 | Time:0.9083387851715088
2025-03-15 10:10:48,206 - Val_Epoch:29.0 Step: 22/32 | Loss: 0.561665415763855 | Time:1.0824811458587646
2025-03-15 10:10:49,114 - Val_Epoch:29.0 Step: 23/32 | Loss: 0.22996093332767487 | Time:0.980309009552002
2025-03-15 10:10:50,210 - Val_Epoch:29.0 Step: 24/32 | Loss: 0.5513822436332703 | Time:0.9075684547424316
2025-03-15 10:10:51,274 - Val_Epoch:29.0 Step: 25/32 | Loss: 0.001997531857341528 | Time:1.0958857536315918
2025-03-15 10:10:52,463 - Val_Epoch:29.0 Step: 26/32 | Loss: 0.15662552416324615 | Time:1.0640218257904053
2025-03-15 10:10:53,652 - Val_Epoch:29.0 Step: 27/32 | Loss: 0.40848082304000854 | Time:1.1891589164733887
2025-03-15 10:10:54,716 - Val_Epoch:29.0 Step: 28/32 | Loss: 0.36596328020095825 | Time:1.1888935565948486
2025-03-15 10:10:55,561 - Val_Epoch:29.0 Step: 29/32 | Loss: 0.13078494369983673 | Time:1.063828706741333
2025-03-15 10:10:56,515 - Val_Epoch:29.0 Step: 30/32 | Loss: 0.000632459472399205 | Time:0.8608841896057129
2025-03-15 10:10:57,642 - Val_Epoch:29.0 Step: 31/32 | Loss: 0.35537633299827576 | Time:0.9390249252319336
2025-03-15 10:10:57,832 - Val_Epoch:29.0 Step: 32/32 | Loss: 0.6885997653007507 | Time:1.1286568641662598
2025-03-15 10:10:57,832 - Validation - Accuracy: 0.9519519519519519, Precision: 0.935251798561151, Recall: 0.896551724137931, F1-Score: 0.9154929577464789
2025-03-15 10:10:57,847 - Saved model as model_epoch_29_acc_0.9520.pt
2025-03-15 10:10:57,847 - 
*** EPOCH: 30 ***

2025-03-15 10:10:59,316 - Epoch: 30 Step: 1/79 | Loss: 0.0011198826832696795 | Time:1.358830451965332
2025-03-15 10:11:00,521 - Epoch: 30 Step: 2/79 | Loss: 4.680604615714401e-05 | Time:1.252044677734375
2025-03-15 10:11:01,744 - Epoch: 30 Step: 3/79 | Loss: 8.888814772944897e-05 | Time:1.219519853591919
2025-03-15 10:11:02,976 - Epoch: 30 Step: 4/79 | Loss: 0.0022579580545425415 | Time:1.2360820770263672
2025-03-15 10:11:04,118 - Epoch: 30 Step: 5/79 | Loss: 2.1452695364132524e-05 | Time:1.142209768295288
2025-03-15 10:11:05,318 - Epoch: 30 Step: 6/79 | Loss: 0.0010731103830039501 | Time:1.1895725727081299
2025-03-15 10:11:06,637 - Epoch: 30 Step: 7/79 | Loss: 0.0011238392908126116 | Time:1.3292036056518555
2025-03-15 10:11:07,848 - Epoch: 30 Step: 8/79 | Loss: 2.0849580323556438e-05 | Time:1.20389723777771
2025-03-15 10:11:09,032 - Epoch: 30 Step: 9/79 | Loss: 0.010429201647639275 | Time:1.1907966136932373
2025-03-15 10:11:10,251 - Epoch: 30 Step: 10/79 | Loss: 0.00020998576655983925 | Time:1.218942403793335
2025-03-15 10:11:11,565 - Epoch: 30 Step: 11/79 | Loss: 2.5975581593229435e-05 | Time:1.314032793045044
2025-03-15 10:11:12,739 - Epoch: 30 Step: 12/79 | Loss: 3.850409484584816e-05 | Time:1.174269676208496
2025-03-15 10:11:14,052 - Epoch: 30 Step: 13/79 | Loss: 0.0008707046508789062 | Time:1.3123114109039307
2025-03-15 10:11:15,116 - Epoch: 30 Step: 14/79 | Loss: 0.0010379747254773974 | Time:1.064244031906128
2025-03-15 10:11:16,211 - Epoch: 30 Step: 15/79 | Loss: 0.00010953607852570713 | Time:1.0955228805541992
2025-03-15 10:11:17,478 - Epoch: 30 Step: 16/79 | Loss: 0.0010729581117630005 | Time:1.2677433490753174
2025-03-15 10:11:18,621 - Epoch: 30 Step: 17/79 | Loss: 0.011308806017041206 | Time:1.1505787372589111
2025-03-15 10:11:19,872 - Epoch: 30 Step: 18/79 | Loss: 0.01699761487543583 | Time:1.2422308921813965
2025-03-15 10:11:20,952 - Epoch: 30 Step: 19/79 | Loss: 0.014544487930834293 | Time:1.0799837112426758
2025-03-15 10:11:22,438 - Epoch: 30 Step: 20/79 | Loss: 0.003132421988993883 | Time:1.4860873222351074
2025-03-15 10:11:23,454 - Epoch: 30 Step: 21/79 | Loss: 4.300193177186884e-05 | Time:1.0161926746368408
2025-03-15 10:11:24,847 - Epoch: 30 Step: 22/79 | Loss: 4.7469278797507286e-05 | Time:1.3927185535430908
2025-03-15 10:11:26,020 - Epoch: 30 Step: 23/79 | Loss: 1.718705243547447e-05 | Time:1.1734657287597656
2025-03-15 10:11:27,223 - Epoch: 30 Step: 24/79 | Loss: 8.079041435848922e-05 | Time:1.1881484985351562
2025-03-15 10:11:28,413 - Epoch: 30 Step: 25/79 | Loss: 0.00011836070189019665 | Time:1.2042570114135742
2025-03-15 10:11:29,663 - Epoch: 30 Step: 26/79 | Loss: 0.0017822973895817995 | Time:1.250542402267456
2025-03-15 10:11:30,785 - Epoch: 30 Step: 27/79 | Loss: 9.52137925196439e-05 | Time:1.1107046604156494
2025-03-15 10:11:31,932 - Epoch: 30 Step: 28/79 | Loss: 0.0002695007424335927 | Time:1.1583693027496338
2025-03-15 10:11:33,277 - Epoch: 30 Step: 29/79 | Loss: 0.00037459208397194743 | Time:1.329496145248413
2025-03-15 10:11:34,716 - Epoch: 30 Step: 30/79 | Loss: 0.001602109638042748 | Time:1.4539382457733154
2025-03-15 10:11:35,778 - Epoch: 30 Step: 31/79 | Loss: 9.473266982240602e-05 | Time:1.0627467632293701
2025-03-15 10:11:36,796 - Epoch: 30 Step: 32/79 | Loss: 0.0001840715267462656 | Time:1.0178093910217285
2025-03-15 10:11:38,032 - Epoch: 30 Step: 33/79 | Loss: 0.1293776035308838 | Time:1.2353577613830566
2025-03-15 10:11:39,266 - Epoch: 30 Step: 34/79 | Loss: 5.43039059266448e-05 | Time:1.2347784042358398
2025-03-15 10:11:40,691 - Epoch: 30 Step: 35/79 | Loss: 0.0024039135314524174 | Time:1.4088764190673828
2025-03-15 10:11:41,912 - Epoch: 30 Step: 36/79 | Loss: 2.9779326723655686e-05 | Time:1.2364468574523926
2025-03-15 10:11:43,033 - Epoch: 30 Step: 37/79 | Loss: 1.7221353118657134e-05 | Time:1.1124231815338135
2025-03-15 10:11:44,242 - Epoch: 30 Step: 38/79 | Loss: 0.035838790237903595 | Time:1.2175891399383545
2025-03-15 10:11:45,430 - Epoch: 30 Step: 39/79 | Loss: 0.01951703242957592 | Time:1.188098669052124
2025-03-15 10:11:46,900 - Epoch: 30 Step: 40/79 | Loss: 0.009830432012677193 | Time:1.454918384552002
2025-03-15 10:11:48,214 - Epoch: 30 Step: 41/79 | Loss: 0.0001304908364545554 | Time:1.3296120166778564
2025-03-15 10:11:49,669 - Epoch: 30 Step: 42/79 | Loss: 2.8564863896463066e-05 | Time:1.4627678394317627
2025-03-15 10:11:50,999 - Epoch: 30 Step: 43/79 | Loss: 3.94399139622692e-05 | Time:1.3212909698486328
2025-03-15 10:11:52,109 - Epoch: 30 Step: 44/79 | Loss: 6.540309550473467e-05 | Time:1.1038482189178467
2025-03-15 10:11:53,376 - Epoch: 30 Step: 45/79 | Loss: 8.513427746947855e-05 | Time:1.2579047679901123
2025-03-15 10:11:54,486 - Epoch: 30 Step: 46/79 | Loss: 6.411799404304475e-05 | Time:1.12632155418396
2025-03-15 10:11:55,629 - Epoch: 30 Step: 47/79 | Loss: 0.00037525896914303303 | Time:1.1425983905792236
2025-03-15 10:11:56,770 - Epoch: 30 Step: 48/79 | Loss: 1.043051088345237e-05 | Time:1.1418323516845703
2025-03-15 10:11:57,927 - Epoch: 30 Step: 49/79 | Loss: 3.84527156711556e-05 | Time:1.1565732955932617
2025-03-15 10:11:59,100 - Epoch: 30 Step: 50/79 | Loss: 0.00516241230070591 | Time:1.1729812622070312
2025-03-15 10:12:00,211 - Epoch: 30 Step: 51/79 | Loss: 0.00018091050151269883 | Time:1.1103591918945312
2025-03-15 10:12:01,324 - Epoch: 30 Step: 52/79 | Loss: 2.846436109393835e-05 | Time:1.0955893993377686
2025-03-15 10:12:02,542 - Epoch: 30 Step: 53/79 | Loss: 0.006361036561429501 | Time:1.2355027198791504
2025-03-15 10:12:03,762 - Epoch: 30 Step: 54/79 | Loss: 0.00017859767831396312 | Time:1.2200515270233154
2025-03-15 10:12:04,936 - Epoch: 30 Step: 55/79 | Loss: 3.507666406221688e-05 | Time:1.1835556030273438
2025-03-15 10:12:06,092 - Epoch: 30 Step: 56/79 | Loss: 0.00014799389464315027 | Time:1.1469078063964844
2025-03-15 10:12:07,469 - Epoch: 30 Step: 57/79 | Loss: 0.004160270094871521 | Time:1.3811228275299072
2025-03-15 10:12:08,656 - Epoch: 30 Step: 58/79 | Loss: 2.238017987110652e-05 | Time:1.1830370426177979
2025-03-15 10:12:09,875 - Epoch: 30 Step: 59/79 | Loss: 0.0004796883440576494 | Time:1.218998908996582
2025-03-15 10:12:10,994 - Epoch: 30 Step: 60/79 | Loss: 1.743765278661158e-05 | Time:1.1104705333709717
2025-03-15 10:12:12,161 - Epoch: 30 Step: 61/79 | Loss: 0.006072156131267548 | Time:1.1746737957000732
2025-03-15 10:12:13,286 - Epoch: 30 Step: 62/79 | Loss: 0.0008665846544317901 | Time:1.1255276203155518
2025-03-15 10:12:14,428 - Epoch: 30 Step: 63/79 | Loss: 2.0159637642791495e-05 | Time:1.1414341926574707
2025-03-15 10:12:15,445 - Epoch: 30 Step: 64/79 | Loss: 7.738424028502777e-05 | Time:1.0008461475372314
2025-03-15 10:12:16,763 - Epoch: 30 Step: 65/79 | Loss: 0.0002271468983963132 | Time:1.33424711227417
2025-03-15 10:12:17,932 - Epoch: 30 Step: 66/79 | Loss: 0.00014511799963656813 | Time:1.1686697006225586
2025-03-15 10:12:19,247 - Epoch: 30 Step: 67/79 | Loss: 0.0036131779197603464 | Time:1.3155381679534912
2025-03-15 10:12:20,326 - Epoch: 30 Step: 68/79 | Loss: 3.792042116401717e-05 | Time:1.0788037776947021
2025-03-15 10:12:21,482 - Epoch: 30 Step: 69/79 | Loss: 2.6995188818546012e-05 | Time:1.157236099243164
2025-03-15 10:12:23,032 - Epoch: 30 Step: 70/79 | Loss: 0.011794018559157848 | Time:1.549098253250122
2025-03-15 10:12:24,408 - Epoch: 30 Step: 71/79 | Loss: 0.018741048872470856 | Time:1.3761916160583496
2025-03-15 10:12:25,707 - Epoch: 30 Step: 72/79 | Loss: 0.0003072456456720829 | Time:1.2986924648284912
2025-03-15 10:12:27,006 - Epoch: 30 Step: 73/79 | Loss: 9.414771193405613e-05 | Time:1.2988958358764648
2025-03-15 10:12:28,179 - Epoch: 30 Step: 74/79 | Loss: 1.7463027688791044e-05 | Time:1.1730031967163086
2025-03-15 10:12:29,650 - Epoch: 30 Step: 75/79 | Loss: 0.0005945545854046941 | Time:1.4707982540130615
2025-03-15 10:12:30,729 - Epoch: 30 Step: 76/79 | Loss: 0.00016649835743010044 | Time:1.0794122219085693
2025-03-15 10:12:31,824 - Epoch: 30 Step: 77/79 | Loss: 3.885047044605017e-05 | Time:1.0950651168823242
2025-03-15 10:12:32,935 - Epoch: 30 Step: 78/79 | Loss: 9.905375918606296e-06 | Time:1.1095104217529297
2025-03-15 10:12:33,154 - Epoch: 30 Step: 79/79 | Loss: 2.2142494344734587e-05 | Time:0.2672722339630127
2025-03-15 10:12:34,046 - Val_Epoch:30.0 Step: 1/32 | Loss: 0.08967157453298569 | Time:0
2025-03-15 10:12:35,061 - Val_Epoch:30.0 Step: 2/32 | Loss: 0.26679667830467224 | Time:0.891944169998169
2025-03-15 10:12:36,422 - Val_Epoch:30.0 Step: 3/32 | Loss: 0.7974852919578552 | Time:1.015474796295166
2025-03-15 10:12:37,471 - Val_Epoch:30.0 Step: 4/32 | Loss: 0.44315269589424133 | Time:1.3609654903411865
2025-03-15 10:12:38,478 - Val_Epoch:30.0 Step: 5/32 | Loss: 0.001417037332430482 | Time:1.0497946739196777
2025-03-15 10:12:39,414 - Val_Epoch:30.0 Step: 6/32 | Loss: 0.5288856029510498 | Time:1.0053839683532715
2025-03-15 10:12:40,431 - Val_Epoch:30.0 Step: 7/32 | Loss: 0.11025833338499069 | Time:0.9361646175384521
2025-03-15 10:12:41,901 - Val_Epoch:30.0 Step: 8/32 | Loss: 0.032469384372234344 | Time:1.0172674655914307
2025-03-15 10:12:42,980 - Val_Epoch:30.0 Step: 9/32 | Loss: 0.001021039206534624 | Time:1.4698185920715332
2025-03-15 10:12:44,027 - Val_Epoch:30.0 Step: 10/32 | Loss: 0.0062836818397045135 | Time:1.0793490409851074
2025-03-15 10:12:45,262 - Val_Epoch:30.0 Step: 11/32 | Loss: 0.5234396457672119 | Time:1.0467195510864258
2025-03-15 10:12:46,340 - Val_Epoch:30.0 Step: 12/32 | Loss: 0.2378636598587036 | Time:1.2347867488861084
2025-03-15 10:12:47,326 - Val_Epoch:30.0 Step: 13/32 | Loss: 0.3386378288269043 | Time:1.0787529945373535
2025-03-15 10:12:48,342 - Val_Epoch:30.0 Step: 14/32 | Loss: 0.027663948014378548 | Time:0.9856114387512207
2025-03-15 10:12:49,327 - Val_Epoch:30.0 Step: 15/32 | Loss: 0.11529360711574554 | Time:1.0159852504730225
2025-03-15 10:12:50,531 - Val_Epoch:30.0 Step: 16/32 | Loss: 0.45364001393318176 | Time:0.9851315021514893
2025-03-15 10:12:51,657 - Val_Epoch:30.0 Step: 17/32 | Loss: 0.0016656609950587153 | Time:1.2039563655853271
2025-03-15 10:12:52,814 - Val_Epoch:30.0 Step: 18/32 | Loss: 0.25506725907325745 | Time:1.125537633895874
2025-03-15 10:12:53,909 - Val_Epoch:30.0 Step: 19/32 | Loss: 0.29495498538017273 | Time:1.1570460796356201
2025-03-15 10:12:54,800 - Val_Epoch:30.0 Step: 20/32 | Loss: 0.35357725620269775 | Time:1.0953950881958008
2025-03-15 10:12:55,878 - Val_Epoch:30.0 Step: 21/32 | Loss: 0.041674621403217316 | Time:0.8904833793640137
2025-03-15 10:12:56,863 - Val_Epoch:30.0 Step: 22/32 | Loss: 0.5858116149902344 | Time:1.078474998474121
2025-03-15 10:12:57,769 - Val_Epoch:30.0 Step: 23/32 | Loss: 0.24279648065567017 | Time:0.984816312789917
2025-03-15 10:12:58,879 - Val_Epoch:30.0 Step: 24/32 | Loss: 0.5618236660957336 | Time:0.9065639972686768
2025-03-15 10:12:59,926 - Val_Epoch:30.0 Step: 25/32 | Loss: 0.0021277638152241707 | Time:1.1099207401275635
2025-03-15 10:13:01,129 - Val_Epoch:30.0 Step: 26/32 | Loss: 0.17068855464458466 | Time:1.0624110698699951
2025-03-15 10:13:02,302 - Val_Epoch:30.0 Step: 27/32 | Loss: 0.38619789481163025 | Time:1.1877272129058838
2025-03-15 10:13:03,333 - Val_Epoch:30.0 Step: 28/32 | Loss: 0.42212575674057007 | Time:1.1720786094665527
2025-03-15 10:13:04,193 - Val_Epoch:30.0 Step: 29/32 | Loss: 0.1467633843421936 | Time:1.03153395652771
2025-03-15 10:13:05,146 - Val_Epoch:30.0 Step: 30/32 | Loss: 0.0005934551008976996 | Time:0.8598484992980957
2025-03-15 10:13:06,240 - Val_Epoch:30.0 Step: 31/32 | Loss: 0.3793005645275116 | Time:0.9535346031188965
2025-03-15 10:13:06,444 - Val_Epoch:30.0 Step: 32/32 | Loss: 0.5956891775131226 | Time:1.1091651916503906
2025-03-15 10:13:06,444 - Validation - Accuracy: 0.94994994994995, Precision: 0.9347826086956522, Recall: 0.8896551724137931, F1-Score: 0.911660777385159
2025-03-15 10:13:06,444 - Saved model as model_epoch_30_acc_0.9499.pt
2025-03-15 10:13:06,444 - 
*** EPOCH: 31 ***

2025-03-15 10:13:07,600 - Epoch: 31 Step: 1/79 | Loss: 0.0013819450978189707 | Time:1.0623095035552979
2025-03-15 10:13:08,694 - Epoch: 31 Step: 2/79 | Loss: 0.0011621714802458882 | Time:1.1248409748077393
2025-03-15 10:13:10,108 - Epoch: 31 Step: 3/79 | Loss: 0.0029968174640089273 | Time:1.4140949249267578
2025-03-15 10:13:11,391 - Epoch: 31 Step: 4/79 | Loss: 0.0001107690914068371 | Time:1.2836990356445312
2025-03-15 10:13:12,627 - Epoch: 31 Step: 5/79 | Loss: 0.00035157115780748427 | Time:1.2361257076263428
2025-03-15 10:13:13,847 - Epoch: 31 Step: 6/79 | Loss: 0.00022360672301147133 | Time:1.2040297985076904
2025-03-15 10:13:14,942 - Epoch: 31 Step: 7/79 | Loss: 8.532122592441738e-05 | Time:1.1108648777008057
2025-03-15 10:13:16,398 - Epoch: 31 Step: 8/79 | Loss: 0.000350919202901423 | Time:1.4554531574249268
2025-03-15 10:13:17,605 - Epoch: 31 Step: 9/79 | Loss: 7.25446006981656e-05 | Time:1.2050037384033203
2025-03-15 10:13:18,730 - Epoch: 31 Step: 10/79 | Loss: 2.991747169289738e-05 | Time:1.1268508434295654
2025-03-15 10:13:20,138 - Epoch: 31 Step: 11/79 | Loss: 0.0009799972176551819 | Time:1.4080979824066162
2025-03-15 10:13:21,469 - Epoch: 31 Step: 12/79 | Loss: 6.011432924424298e-05 | Time:1.3304598331451416
2025-03-15 10:13:22,578 - Epoch: 31 Step: 13/79 | Loss: 9.533009142614901e-05 | Time:1.1100153923034668
2025-03-15 10:13:23,747 - Epoch: 31 Step: 14/79 | Loss: 0.00011943214485654607 | Time:1.157275676727295
2025-03-15 10:13:24,924 - Epoch: 31 Step: 15/79 | Loss: 0.006620917469263077 | Time:1.189007043838501
2025-03-15 10:13:26,129 - Epoch: 31 Step: 16/79 | Loss: 3.52971583197359e-05 | Time:1.2048697471618652
2025-03-15 10:13:27,444 - Epoch: 31 Step: 17/79 | Loss: 0.00017275355639867485 | Time:1.3142924308776855
2025-03-15 10:13:28,648 - Epoch: 31 Step: 18/79 | Loss: 0.0004234880907461047 | Time:1.2047264575958252
2025-03-15 10:13:29,806 - Epoch: 31 Step: 19/79 | Loss: 0.00022030163381714374 | Time:1.158071517944336
2025-03-15 10:13:30,822 - Epoch: 31 Step: 20/79 | Loss: 3.2209238270297647e-05 | Time:1.0152668952941895
2025-03-15 10:13:32,194 - Epoch: 31 Step: 21/79 | Loss: 0.0002802809467539191 | Time:1.3717749118804932
2025-03-15 10:13:33,616 - Epoch: 31 Step: 22/79 | Loss: 0.02224779687821865 | Time:1.4222068786621094
2025-03-15 10:13:34,804 - Epoch: 31 Step: 23/79 | Loss: 2.901788138842676e-05 | Time:1.172760248184204
2025-03-15 10:13:36,056 - Epoch: 31 Step: 24/79 | Loss: 2.2964344680076465e-05 | Time:1.267038106918335
2025-03-15 10:13:37,150 - Epoch: 31 Step: 25/79 | Loss: 0.005302306730300188 | Time:1.094160556793213
2025-03-15 10:13:38,558 - Epoch: 31 Step: 26/79 | Loss: 0.0010638338280841708 | Time:1.3923699855804443
2025-03-15 10:13:39,563 - Epoch: 31 Step: 27/79 | Loss: 5.779901403002441e-05 | Time:1.0269012451171875
2025-03-15 10:13:40,611 - Epoch: 31 Step: 28/79 | Loss: 7.823076884960756e-05 | Time:1.041905164718628
2025-03-15 10:13:42,113 - Epoch: 31 Step: 29/79 | Loss: 0.0002806867705658078 | Time:1.501495361328125
2025-03-15 10:13:43,254 - Epoch: 31 Step: 30/79 | Loss: 0.00020840899378526956 | Time:1.1418166160583496
2025-03-15 10:13:44,757 - Epoch: 31 Step: 31/79 | Loss: 0.0003531192778609693 | Time:1.5026462078094482
2025-03-15 10:13:46,039 - Epoch: 31 Step: 32/79 | Loss: 0.00010737984121078625 | Time:1.2822859287261963
2025-03-15 10:13:47,306 - Epoch: 31 Step: 33/79 | Loss: 0.03331983834505081 | Time:1.2673397064208984
2025-03-15 10:13:48,579 - Epoch: 31 Step: 34/79 | Loss: 0.0002974820672534406 | Time:1.272578239440918
2025-03-15 10:13:49,809 - Epoch: 31 Step: 35/79 | Loss: 0.00017987082537729293 | Time:1.2295293807983398
2025-03-15 10:13:50,951 - Epoch: 31 Step: 36/79 | Loss: 2.18512759602163e-05 | Time:1.141810655593872
2025-03-15 10:13:51,952 - Epoch: 31 Step: 37/79 | Loss: 8.061390690272674e-05 | Time:1.0016615390777588
2025-03-15 10:13:53,328 - Epoch: 31 Step: 38/79 | Loss: 0.0002619115693960339 | Time:1.3758249282836914
2025-03-15 10:13:54,659 - Epoch: 31 Step: 39/79 | Loss: 0.00016735994722694159 | Time:1.3303043842315674
2025-03-15 10:13:55,863 - Epoch: 31 Step: 40/79 | Loss: 6.016170118527953e-06 | Time:1.2139923572540283
2025-03-15 10:13:57,098 - Epoch: 31 Step: 41/79 | Loss: 9.59906101343222e-05 | Time:1.2258014678955078
2025-03-15 10:13:58,208 - Epoch: 31 Step: 42/79 | Loss: 0.056550491601228714 | Time:1.1104891300201416
2025-03-15 10:13:59,476 - Epoch: 31 Step: 43/79 | Loss: 0.0001271012588404119 | Time:1.2675631046295166
2025-03-15 10:14:00,696 - Epoch: 31 Step: 44/79 | Loss: 9.0152992925141e-05 | Time:1.2204856872558594
2025-03-15 10:14:01,838 - Epoch: 31 Step: 45/79 | Loss: 0.00011552936484804377 | Time:1.1414945125579834
2025-03-15 10:14:03,152 - Epoch: 31 Step: 46/79 | Loss: 5.939792390563525e-05 | Time:1.3142096996307373
2025-03-15 10:14:04,246 - Epoch: 31 Step: 47/79 | Loss: 0.0007888242835178971 | Time:1.0781278610229492
2025-03-15 10:14:05,452 - Epoch: 31 Step: 48/79 | Loss: 0.00013143010437488556 | Time:1.2055332660675049
2025-03-15 10:14:06,655 - Epoch: 31 Step: 49/79 | Loss: 5.9879155742237344e-05 | Time:1.2189278602600098
2025-03-15 10:14:07,880 - Epoch: 31 Step: 50/79 | Loss: 0.0008447893778793514 | Time:1.2090122699737549
2025-03-15 10:14:08,921 - Epoch: 31 Step: 51/79 | Loss: 0.00042617745930328965 | Time:1.0573301315307617
2025-03-15 10:14:10,284 - Epoch: 31 Step: 52/79 | Loss: 0.020556125789880753 | Time:1.3472685813903809
2025-03-15 10:14:11,379 - Epoch: 31 Step: 53/79 | Loss: 0.0007205134024843574 | Time:1.1108431816101074
2025-03-15 10:14:12,412 - Epoch: 31 Step: 54/79 | Loss: 0.0019348799251019955 | Time:1.0326001644134521
2025-03-15 10:14:13,554 - Epoch: 31 Step: 55/79 | Loss: 0.001240975339896977 | Time:1.1423437595367432
2025-03-15 10:14:14,853 - Epoch: 31 Step: 56/79 | Loss: 4.990001616533846e-05 | Time:1.2988920211791992
2025-03-15 10:14:16,229 - Epoch: 31 Step: 57/79 | Loss: 0.0003995229781139642 | Time:1.3861746788024902
2025-03-15 10:14:17,371 - Epoch: 31 Step: 58/79 | Loss: 0.00026240863371640444 | Time:1.131786584854126
2025-03-15 10:14:18,404 - Epoch: 31 Step: 59/79 | Loss: 0.0007162429392337799 | Time:1.0331177711486816
2025-03-15 10:14:19,843 - Epoch: 31 Step: 60/79 | Loss: 0.012414329685270786 | Time:1.438971996307373
2025-03-15 10:14:21,001 - Epoch: 31 Step: 61/79 | Loss: 9.88449392025359e-05 | Time:1.1419062614440918
2025-03-15 10:14:22,143 - Epoch: 31 Step: 62/79 | Loss: 4.347851427155547e-05 | Time:1.1580042839050293
2025-03-15 10:14:23,613 - Epoch: 31 Step: 63/79 | Loss: 0.003496898338198662 | Time:1.4700684547424316
2025-03-15 10:14:24,912 - Epoch: 31 Step: 64/79 | Loss: 0.04792376607656479 | Time:1.3041236400604248
2025-03-15 10:14:25,961 - Epoch: 31 Step: 65/79 | Loss: 0.00020523348939605057 | Time:1.0433380603790283
2025-03-15 10:14:27,211 - Epoch: 31 Step: 66/79 | Loss: 0.00011564185115275905 | Time:1.2505030632019043
2025-03-15 10:14:28,402 - Epoch: 31 Step: 67/79 | Loss: 4.5681015762966126e-05 | Time:1.1890616416931152
2025-03-15 10:14:29,810 - Epoch: 31 Step: 68/79 | Loss: 0.0009718983201310039 | Time:1.3943572044372559
2025-03-15 10:14:31,280 - Epoch: 31 Step: 69/79 | Loss: 0.01165399793535471 | Time:1.4854543209075928
2025-03-15 10:14:32,609 - Epoch: 31 Step: 70/79 | Loss: 0.0004573295300360769 | Time:1.3136301040649414
2025-03-15 10:14:33,737 - Epoch: 31 Step: 71/79 | Loss: 0.00011649654334178194 | Time:1.149569034576416
2025-03-15 10:14:34,893 - Epoch: 31 Step: 72/79 | Loss: 8.940102998167276e-05 | Time:1.1501550674438477
2025-03-15 10:14:36,070 - Epoch: 31 Step: 73/79 | Loss: 0.0026887687854468822 | Time:1.172455072402954
2025-03-15 10:14:37,287 - Epoch: 31 Step: 74/79 | Loss: 1.5798525055288337e-05 | Time:1.221217155456543
2025-03-15 10:14:38,538 - Epoch: 31 Step: 75/79 | Loss: 0.014726731926202774 | Time:1.250981092453003
2025-03-15 10:14:39,629 - Epoch: 31 Step: 76/79 | Loss: 3.040674164367374e-05 | Time:1.0844652652740479
2025-03-15 10:14:40,680 - Epoch: 31 Step: 77/79 | Loss: 1.8457869373378344e-05 | Time:1.0594151020050049
2025-03-15 10:14:41,979 - Epoch: 31 Step: 78/79 | Loss: 0.000387125852284953 | Time:1.296797513961792
2025-03-15 10:14:42,214 - Epoch: 31 Step: 79/79 | Loss: 9.004648745758459e-05 | Time:0.2935001850128174
2025-03-15 10:14:43,105 - Val_Epoch:31.0 Step: 1/32 | Loss: 0.0635562539100647 | Time:0
2025-03-15 10:14:44,152 - Val_Epoch:31.0 Step: 2/32 | Loss: 0.2609565854072571 | Time:0.8910775184631348
2025-03-15 10:14:45,514 - Val_Epoch:31.0 Step: 3/32 | Loss: 0.581719160079956 | Time:1.0476174354553223
2025-03-15 10:14:46,563 - Val_Epoch:31.0 Step: 4/32 | Loss: 0.4081781506538391 | Time:1.3612942695617676
2025-03-15 10:14:47,563 - Val_Epoch:31.0 Step: 5/32 | Loss: 0.0005162136512808502 | Time:1.0489888191223145
2025-03-15 10:14:48,533 - Val_Epoch:31.0 Step: 6/32 | Loss: 0.5038377046585083 | Time:1.000473976135254
2025-03-15 10:14:49,563 - Val_Epoch:31.0 Step: 7/32 | Loss: 0.122310109436512 | Time:0.9695591926574707
2025-03-15 10:14:51,035 - Val_Epoch:31.0 Step: 8/32 | Loss: 0.05490242689847946 | Time:1.0308239459991455
2025-03-15 10:14:52,131 - Val_Epoch:31.0 Step: 9/32 | Loss: 0.056372687220573425 | Time:1.4719460010528564
2025-03-15 10:14:53,194 - Val_Epoch:31.0 Step: 10/32 | Loss: 0.01346136536449194 | Time:1.0954582691192627
2025-03-15 10:14:54,476 - Val_Epoch:31.0 Step: 11/32 | Loss: 0.5222075581550598 | Time:1.0627610683441162
2025-03-15 10:14:55,556 - Val_Epoch:31.0 Step: 12/32 | Loss: 0.27258002758026123 | Time:1.282505750656128
2025-03-15 10:14:56,558 - Val_Epoch:31.0 Step: 13/32 | Loss: 0.33479803800582886 | Time:1.079695701599121
2025-03-15 10:14:57,591 - Val_Epoch:31.0 Step: 14/32 | Loss: 0.012011142447590828 | Time:1.0017766952514648
2025-03-15 10:14:58,592 - Val_Epoch:31.0 Step: 15/32 | Loss: 0.10046405345201492 | Time:1.0329482555389404
2025-03-15 10:14:59,796 - Val_Epoch:31.0 Step: 16/32 | Loss: 0.48302194476127625 | Time:1.001244068145752
2025-03-15 10:15:00,955 - Val_Epoch:31.0 Step: 17/32 | Loss: 0.0020075468346476555 | Time:1.2040059566497803
2025-03-15 10:15:02,112 - Val_Epoch:31.0 Step: 18/32 | Loss: 0.19321666657924652 | Time:1.1587212085723877
2025-03-15 10:15:03,316 - Val_Epoch:31.0 Step: 19/32 | Loss: 0.31471240520477295 | Time:1.1571366786956787
2025-03-15 10:15:04,223 - Val_Epoch:31.0 Step: 20/32 | Loss: 0.36486029624938965 | Time:1.2045507431030273
2025-03-15 10:15:05,287 - Val_Epoch:31.0 Step: 21/32 | Loss: 0.04471536725759506 | Time:0.9071288108825684
2025-03-15 10:15:06,272 - Val_Epoch:31.0 Step: 22/32 | Loss: 0.6574958562850952 | Time:1.0631883144378662
2025-03-15 10:15:07,196 - Val_Epoch:31.0 Step: 23/32 | Loss: 0.3110197186470032 | Time:0.9858415126800537
2025-03-15 10:15:08,307 - Val_Epoch:31.0 Step: 24/32 | Loss: 0.6818361282348633 | Time:0.9233710765838623
2025-03-15 10:15:09,371 - Val_Epoch:31.0 Step: 25/32 | Loss: 0.001039715949445963 | Time:1.1265051364898682
2025-03-15 10:15:10,559 - Val_Epoch:31.0 Step: 26/32 | Loss: 0.20017926394939423 | Time:1.0487112998962402
2025-03-15 10:15:11,717 - Val_Epoch:31.0 Step: 27/32 | Loss: 0.47057926654815674 | Time:1.188286542892456
2025-03-15 10:15:12,777 - Val_Epoch:31.0 Step: 28/32 | Loss: 0.41324540972709656 | Time:1.1578614711761475
2025-03-15 10:15:13,611 - Val_Epoch:31.0 Step: 29/32 | Loss: 0.1138070821762085 | Time:1.0602574348449707
2025-03-15 10:15:14,565 - Val_Epoch:31.0 Step: 30/32 | Loss: 0.0003372870560269803 | Time:0.8490114212036133
2025-03-15 10:15:15,675 - Val_Epoch:31.0 Step: 31/32 | Loss: 0.42298999428749084 | Time:0.9381022453308105
2025-03-15 10:15:15,878 - Val_Epoch:31.0 Step: 32/32 | Loss: 0.56219881772995 | Time:1.110447645187378
2025-03-15 10:15:15,878 - Validation - Accuracy: 0.9459459459459459, Precision: 0.943609022556391, Recall: 0.8655172413793103, F1-Score: 0.9028776978417267
2025-03-15 10:15:15,878 - Saved model as model_epoch_31_acc_0.9459.pt
2025-03-15 10:15:15,878 - 
*** EPOCH: 32 ***

2025-03-15 10:15:17,130 - Epoch: 32 Step: 1/79 | Loss: 7.35538051230833e-05 | Time:1.1586625576019287
2025-03-15 10:15:18,259 - Epoch: 32 Step: 2/79 | Loss: 9.296112693846226e-05 | Time:1.1577520370483398
2025-03-15 10:15:19,374 - Epoch: 32 Step: 3/79 | Loss: 0.00026400270871818066 | Time:1.110625982284546
2025-03-15 10:15:20,665 - Epoch: 32 Step: 4/79 | Loss: 0.0005892424960620701 | Time:1.2971596717834473
2025-03-15 10:15:21,901 - Epoch: 32 Step: 5/79 | Loss: 4.8677000449970365e-05 | Time:1.2358505725860596
2025-03-15 10:15:23,107 - Epoch: 32 Step: 6/79 | Loss: 0.0006737650255672634 | Time:1.2054994106292725
2025-03-15 10:15:24,199 - Epoch: 32 Step: 7/79 | Loss: 2.892801603593398e-05 | Time:1.0933637619018555
2025-03-15 10:15:25,435 - Epoch: 32 Step: 8/79 | Loss: 6.41751175862737e-05 | Time:1.2360281944274902
2025-03-15 10:15:26,578 - Epoch: 32 Step: 9/79 | Loss: 7.271674803632777e-06 | Time:1.1413397789001465
2025-03-15 10:15:27,799 - Epoch: 32 Step: 10/79 | Loss: 0.0007028785184957087 | Time:1.215874195098877
2025-03-15 10:15:29,160 - Epoch: 32 Step: 11/79 | Loss: 0.0007762655732221901 | Time:1.3772575855255127
2025-03-15 10:15:30,270 - Epoch: 32 Step: 12/79 | Loss: 7.647891834494658e-06 | Time:1.1000819206237793
2025-03-15 10:15:31,448 - Epoch: 32 Step: 13/79 | Loss: 0.0037061814218759537 | Time:1.1879656314849854
2025-03-15 10:15:32,693 - Epoch: 32 Step: 14/79 | Loss: 0.00012198546028230339 | Time:1.2211494445800781
2025-03-15 10:15:33,964 - Epoch: 32 Step: 15/79 | Loss: 0.0006323865382000804 | Time:1.2834417819976807
2025-03-15 10:15:35,379 - Epoch: 32 Step: 16/79 | Loss: 0.010145985521376133 | Time:1.4072847366333008
2025-03-15 10:15:36,777 - Epoch: 32 Step: 17/79 | Loss: 0.0006343707791529596 | Time:1.4169461727142334
2025-03-15 10:15:37,934 - Epoch: 32 Step: 18/79 | Loss: 7.441674097208306e-05 | Time:1.1471283435821533
2025-03-15 10:15:39,124 - Epoch: 32 Step: 19/79 | Loss: 9.38495941227302e-05 | Time:1.1899328231811523
2025-03-15 10:15:40,439 - Epoch: 32 Step: 20/79 | Loss: 0.05351775884628296 | Time:1.3148694038391113
2025-03-15 10:15:41,549 - Epoch: 32 Step: 21/79 | Loss: 0.001808635424822569 | Time:1.110612154006958
2025-03-15 10:15:43,020 - Epoch: 32 Step: 22/79 | Loss: 0.009661821648478508 | Time:1.470820426940918
2025-03-15 10:15:44,177 - Epoch: 32 Step: 23/79 | Loss: 9.552820847602561e-05 | Time:1.156355381011963
2025-03-15 10:15:45,288 - Epoch: 32 Step: 24/79 | Loss: 2.65364669758128e-05 | Time:1.1110970973968506
2025-03-15 10:15:46,446 - Epoch: 32 Step: 25/79 | Loss: 0.005271792411804199 | Time:1.157404899597168
2025-03-15 10:15:47,619 - Epoch: 32 Step: 26/79 | Loss: 0.00018811623158399016 | Time:1.1743695735931396
2025-03-15 10:15:48,824 - Epoch: 32 Step: 27/79 | Loss: 0.0004415617440827191 | Time:1.2050678730010986
2025-03-15 10:15:50,280 - Epoch: 32 Step: 28/79 | Loss: 0.01102481223642826 | Time:1.4551541805267334
2025-03-15 10:15:51,378 - Epoch: 32 Step: 29/79 | Loss: 6.0550890339072794e-05 | Time:1.0951521396636963
2025-03-15 10:15:52,792 - Epoch: 32 Step: 30/79 | Loss: 0.00014236519928090274 | Time:1.4071018695831299
2025-03-15 10:15:54,096 - Epoch: 32 Step: 31/79 | Loss: 0.00012789935863111168 | Time:1.3141148090362549
2025-03-15 10:15:55,410 - Epoch: 32 Step: 32/79 | Loss: 0.0014450998278334737 | Time:1.3142871856689453
2025-03-15 10:15:56,599 - Epoch: 32 Step: 33/79 | Loss: 6.718573422404006e-05 | Time:1.1727359294891357
2025-03-15 10:15:57,572 - Epoch: 32 Step: 34/79 | Loss: 3.140726039418951e-05 | Time:0.9888710975646973
2025-03-15 10:15:59,000 - Epoch: 32 Step: 35/79 | Loss: 0.00011166048352606595 | Time:1.4229812622070312
2025-03-15 10:16:00,169 - Epoch: 32 Step: 36/79 | Loss: 6.743583799107e-05 | Time:1.1736650466918945
2025-03-15 10:16:01,312 - Epoch: 32 Step: 37/79 | Loss: 0.00011472684127511457 | Time:1.1431434154510498
2025-03-15 10:16:02,476 - Epoch: 32 Step: 38/79 | Loss: 0.0002187076461268589 | Time:1.1560909748077393
2025-03-15 10:16:03,601 - Epoch: 32 Step: 39/79 | Loss: 0.030424974858760834 | Time:1.1275544166564941
2025-03-15 10:16:05,135 - Epoch: 32 Step: 40/79 | Loss: 0.0031152840238064528 | Time:1.5372066497802734
2025-03-15 10:16:06,506 - Epoch: 32 Step: 41/79 | Loss: 0.001494829310104251 | Time:1.388749122619629
2025-03-15 10:16:07,834 - Epoch: 32 Step: 42/79 | Loss: 5.126806354383007e-05 | Time:1.2970490455627441
2025-03-15 10:16:09,022 - Epoch: 32 Step: 43/79 | Loss: 0.0001178838501800783 | Time:1.2040669918060303
2025-03-15 10:16:10,321 - Epoch: 32 Step: 44/79 | Loss: 0.002112072892487049 | Time:1.2988581657409668
2025-03-15 10:16:11,979 - Epoch: 32 Step: 45/79 | Loss: 0.0011245021596550941 | Time:1.6569833755493164
2025-03-15 10:16:13,121 - Epoch: 32 Step: 46/79 | Loss: 0.00034453198895789683 | Time:1.1583850383758545
2025-03-15 10:16:14,435 - Epoch: 32 Step: 47/79 | Loss: 0.0002634257252793759 | Time:1.2984998226165771
2025-03-15 10:16:15,733 - Epoch: 32 Step: 48/79 | Loss: 0.0018296915804967284 | Time:1.297762155532837
2025-03-15 10:16:16,874 - Epoch: 32 Step: 49/79 | Loss: 0.00010492829460417852 | Time:1.1413896083831787
2025-03-15 10:16:18,157 - Epoch: 32 Step: 50/79 | Loss: 0.0005985010066069663 | Time:1.2831268310546875
2025-03-15 10:16:19,472 - Epoch: 32 Step: 51/79 | Loss: 0.0004891126300208271 | Time:1.314258337020874
2025-03-15 10:16:20,724 - Epoch: 32 Step: 52/79 | Loss: 5.954588777967729e-05 | Time:1.2677245140075684
2025-03-15 10:16:21,741 - Epoch: 32 Step: 53/79 | Loss: 0.0002060076512861997 | Time:1.0018064975738525
2025-03-15 10:16:23,056 - Epoch: 32 Step: 54/79 | Loss: 0.005277577321976423 | Time:1.3143327236175537
2025-03-15 10:16:24,103 - Epoch: 32 Step: 55/79 | Loss: 0.0007835748256184161 | Time:1.0472376346588135
2025-03-15 10:16:25,447 - Epoch: 32 Step: 56/79 | Loss: 0.003185332752764225 | Time:1.3444414138793945
2025-03-15 10:16:26,807 - Epoch: 32 Step: 57/79 | Loss: 5.682757182512432e-05 | Time:1.3600389957427979
2025-03-15 10:16:27,792 - Epoch: 32 Step: 58/79 | Loss: 0.0001802892511477694 | Time:0.9851231575012207
2025-03-15 10:16:28,981 - Epoch: 32 Step: 59/79 | Loss: 3.099869718425907e-05 | Time:1.187929391860962
2025-03-15 10:16:30,060 - Epoch: 32 Step: 60/79 | Loss: 1.7943895727512427e-05 | Time:1.079911708831787
2025-03-15 10:16:31,218 - Epoch: 32 Step: 61/79 | Loss: 0.0003935644926968962 | Time:1.1574597358703613
2025-03-15 10:16:32,422 - Epoch: 32 Step: 62/79 | Loss: 0.0151947857812047 | Time:1.2038702964782715
2025-03-15 10:16:33,703 - Epoch: 32 Step: 63/79 | Loss: 0.0007060595671646297 | Time:1.281916856765747
2025-03-15 10:16:34,907 - Epoch: 32 Step: 64/79 | Loss: 0.00028357203700579703 | Time:1.2032716274261475
2025-03-15 10:16:36,079 - Epoch: 32 Step: 65/79 | Loss: 0.00035211595240980387 | Time:1.1724350452423096
2025-03-15 10:16:37,330 - Epoch: 32 Step: 66/79 | Loss: 6.182019569678232e-05 | Time:1.2664179801940918
2025-03-15 10:16:38,425 - Epoch: 32 Step: 67/79 | Loss: 5.472329576150514e-05 | Time:1.0789341926574707
2025-03-15 10:16:39,832 - Epoch: 32 Step: 68/79 | Loss: 0.00024473320809192955 | Time:1.4071171283721924
2025-03-15 10:16:40,988 - Epoch: 32 Step: 69/79 | Loss: 5.089261321700178e-05 | Time:1.156658411026001
2025-03-15 10:16:42,325 - Epoch: 32 Step: 70/79 | Loss: 7.221673877211288e-05 | Time:1.3372013568878174
2025-03-15 10:16:43,371 - Epoch: 32 Step: 71/79 | Loss: 5.5251235608011484e-05 | Time:1.04038405418396
2025-03-15 10:16:44,484 - Epoch: 32 Step: 72/79 | Loss: 1.602575503056869e-05 | Time:1.118342638015747
2025-03-15 10:16:45,618 - Epoch: 32 Step: 73/79 | Loss: 0.00011563714360818267 | Time:1.1249778270721436
2025-03-15 10:16:46,909 - Epoch: 32 Step: 74/79 | Loss: 4.7976820496842265e-05 | Time:1.3153443336486816
2025-03-15 10:16:48,207 - Epoch: 32 Step: 75/79 | Loss: 0.02464771457016468 | Time:1.2938354015350342
2025-03-15 10:16:49,286 - Epoch: 32 Step: 76/79 | Loss: 0.0002717885945457965 | Time:1.0680773258209229
2025-03-15 10:16:50,413 - Epoch: 32 Step: 77/79 | Loss: 4.7726342017995194e-05 | Time:1.1261115074157715
2025-03-15 10:16:51,603 - Epoch: 32 Step: 78/79 | Loss: 0.03515394404530525 | Time:1.20587158203125
2025-03-15 10:16:51,915 - Epoch: 32 Step: 79/79 | Loss: 2.971142930618953e-05 | Time:0.3430490493774414
2025-03-15 10:16:52,806 - Val_Epoch:32.0 Step: 1/32 | Loss: 0.08588508516550064 | Time:0
2025-03-15 10:16:53,823 - Val_Epoch:32.0 Step: 2/32 | Loss: 0.28128936886787415 | Time:0.8918530941009521
2025-03-15 10:16:55,171 - Val_Epoch:32.0 Step: 3/32 | Loss: 0.8406087756156921 | Time:1.0161798000335693
2025-03-15 10:16:56,216 - Val_Epoch:32.0 Step: 4/32 | Loss: 0.466349720954895 | Time:1.3490242958068848
2025-03-15 10:16:57,233 - Val_Epoch:32.0 Step: 5/32 | Loss: 0.0020360250491648912 | Time:1.0438487529754639
2025-03-15 10:16:58,186 - Val_Epoch:32.0 Step: 6/32 | Loss: 0.58315110206604 | Time:1.0170207023620605
2025-03-15 10:16:59,236 - Val_Epoch:32.0 Step: 7/32 | Loss: 0.1652921885251999 | Time:0.953965425491333
2025-03-15 10:17:00,706 - Val_Epoch:32.0 Step: 8/32 | Loss: 0.05883445590734482 | Time:1.049156665802002
2025-03-15 10:17:01,785 - Val_Epoch:32.0 Step: 9/32 | Loss: 0.11781204491853714 | Time:1.4701354503631592
2025-03-15 10:17:02,833 - Val_Epoch:32.0 Step: 10/32 | Loss: 0.010712999850511551 | Time:1.0796003341674805
2025-03-15 10:17:04,101 - Val_Epoch:32.0 Step: 11/32 | Loss: 0.5835703015327454 | Time:1.047560453414917
2025-03-15 10:17:05,196 - Val_Epoch:32.0 Step: 12/32 | Loss: 0.17811354994773865 | Time:1.2679588794708252
2025-03-15 10:17:06,182 - Val_Epoch:32.0 Step: 13/32 | Loss: 0.5095015168190002 | Time:1.0950806140899658
2025-03-15 10:17:07,215 - Val_Epoch:32.0 Step: 14/32 | Loss: 0.04480768367648125 | Time:0.9862275123596191
2025-03-15 10:17:08,216 - Val_Epoch:32.0 Step: 15/32 | Loss: 0.12683655321598053 | Time:1.032623529434204
2025-03-15 10:17:09,436 - Val_Epoch:32.0 Step: 16/32 | Loss: 0.5978937149047852 | Time:1.001347303390503
2025-03-15 10:17:10,578 - Val_Epoch:32.0 Step: 17/32 | Loss: 0.0003836723044514656 | Time:1.2193899154663086
2025-03-15 10:17:11,737 - Val_Epoch:32.0 Step: 18/32 | Loss: 0.3051382005214691 | Time:1.1427767276763916
2025-03-15 10:17:12,863 - Val_Epoch:32.0 Step: 19/32 | Loss: 0.3065779507160187 | Time:1.158449411392212
2025-03-15 10:17:13,739 - Val_Epoch:32.0 Step: 20/32 | Loss: 0.3667411804199219 | Time:1.1263043880462646
2025-03-15 10:17:14,833 - Val_Epoch:32.0 Step: 21/32 | Loss: 0.04678547382354736 | Time:0.8761498928070068
2025-03-15 10:17:15,821 - Val_Epoch:32.0 Step: 22/32 | Loss: 0.7219743728637695 | Time:1.0938270092010498
2025-03-15 10:17:16,739 - Val_Epoch:32.0 Step: 23/32 | Loss: 0.34297770261764526 | Time:0.9882423877716064
2025-03-15 10:17:17,852 - Val_Epoch:32.0 Step: 24/32 | Loss: 0.7299854755401611 | Time:0.9188327789306641
2025-03-15 10:17:18,900 - Val_Epoch:32.0 Step: 25/32 | Loss: 0.001688813790678978 | Time:1.1118888854980469
2025-03-15 10:17:20,089 - Val_Epoch:32.0 Step: 26/32 | Loss: 0.180951327085495 | Time:1.0481626987457275
2025-03-15 10:17:21,278 - Val_Epoch:32.0 Step: 27/32 | Loss: 0.5252211689949036 | Time:1.1891067028045654
2025-03-15 10:17:22,333 - Val_Epoch:32.0 Step: 28/32 | Loss: 0.4376004636287689 | Time:1.1886200904846191
2025-03-15 10:17:23,171 - Val_Epoch:32.0 Step: 29/32 | Loss: 0.11751303821802139 | Time:1.0552842617034912
2025-03-15 10:17:24,126 - Val_Epoch:32.0 Step: 30/32 | Loss: 0.0006318687810562551 | Time:0.837547779083252
2025-03-15 10:17:25,252 - Val_Epoch:32.0 Step: 31/32 | Loss: 0.49346724152565 | Time:0.9552583694458008
2025-03-15 10:17:25,456 - Val_Epoch:32.0 Step: 32/32 | Loss: 0.6114614605903625 | Time:1.1260685920715332
2025-03-15 10:17:25,456 - Validation - Accuracy: 0.9459459459459459, Precision: 0.9338235294117647, Recall: 0.8758620689655172, F1-Score: 0.9039145907473309
2025-03-15 10:17:25,456 - Saved model as model_epoch_32_acc_0.9459.pt
2025-03-15 10:17:25,456 - 
*** EPOCH: 33 ***

2025-03-15 10:17:26,708 - Epoch: 33 Step: 1/79 | Loss: 8.465195423923433e-05 | Time:1.1894655227661133
2025-03-15 10:17:27,881 - Epoch: 33 Step: 2/79 | Loss: 0.0013203774578869343 | Time:1.1731741428375244
2025-03-15 10:17:29,039 - Epoch: 33 Step: 3/79 | Loss: 0.0018831324996426702 | Time:1.1718242168426514
2025-03-15 10:17:30,181 - Epoch: 33 Step: 4/79 | Loss: 0.0015575903235003352 | Time:1.112433910369873
2025-03-15 10:17:31,385 - Epoch: 33 Step: 5/79 | Loss: 6.453849346144125e-05 | Time:1.2355601787567139
2025-03-15 10:17:32,590 - Epoch: 33 Step: 6/79 | Loss: 3.756358637474477e-05 | Time:1.2076056003570557
2025-03-15 10:17:33,588 - Epoch: 33 Step: 7/79 | Loss: 0.00010105472756549716 | Time:0.9815359115600586
2025-03-15 10:17:34,811 - Epoch: 33 Step: 8/79 | Loss: 0.0003233665775042027 | Time:1.2207376956939697
2025-03-15 10:17:36,204 - Epoch: 33 Step: 9/79 | Loss: 0.0001142997934948653 | Time:1.395817756652832
2025-03-15 10:17:37,204 - Epoch: 33 Step: 10/79 | Loss: 1.5083019206940662e-05 | Time:1.0027809143066406
2025-03-15 10:17:38,670 - Epoch: 33 Step: 11/79 | Loss: 0.0002125440223608166 | Time:1.4498178958892822
2025-03-15 10:17:40,099 - Epoch: 33 Step: 12/79 | Loss: 0.015389613807201385 | Time:1.4554336071014404
2025-03-15 10:17:41,132 - Epoch: 33 Step: 13/79 | Loss: 2.7690821298165247e-05 | Time:1.0174658298492432
2025-03-15 10:17:42,492 - Epoch: 33 Step: 14/79 | Loss: 0.002569664968177676 | Time:1.3605773448944092
2025-03-15 10:17:43,801 - Epoch: 33 Step: 15/79 | Loss: 0.000171098014106974 | Time:1.2971205711364746
2025-03-15 10:17:44,964 - Epoch: 33 Step: 16/79 | Loss: 3.8201229472178966e-05 | Time:1.1740057468414307
2025-03-15 10:17:46,027 - Epoch: 33 Step: 17/79 | Loss: 0.0010688952170312405 | Time:1.0634207725524902
2025-03-15 10:17:47,262 - Epoch: 33 Step: 18/79 | Loss: 0.0003999198670499027 | Time:1.235250473022461
2025-03-15 10:17:48,374 - Epoch: 33 Step: 19/79 | Loss: 3.789456604863517e-05 | Time:1.1101651191711426
2025-03-15 10:17:49,875 - Epoch: 33 Step: 20/79 | Loss: 0.0001641501730773598 | Time:1.5175633430480957
2025-03-15 10:17:51,047 - Epoch: 33 Step: 21/79 | Loss: 1.8967868527397513e-05 | Time:1.1566050052642822
2025-03-15 10:17:52,142 - Epoch: 33 Step: 22/79 | Loss: 3.068186197197065e-05 | Time:1.07944655418396
2025-03-15 10:17:53,287 - Epoch: 33 Step: 23/79 | Loss: 0.00018107276991941035 | Time:1.16029691696167
2025-03-15 10:17:54,349 - Epoch: 33 Step: 24/79 | Loss: 6.0550511989276856e-05 | Time:1.0626447200775146
2025-03-15 10:17:55,429 - Epoch: 33 Step: 25/79 | Loss: 0.001405529328621924 | Time:1.0793216228485107
2025-03-15 10:17:56,697 - Epoch: 33 Step: 26/79 | Loss: 0.0006549768731929362 | Time:1.2683143615722656
2025-03-15 10:17:57,885 - Epoch: 33 Step: 27/79 | Loss: 0.00020052227773703635 | Time:1.1884183883666992
2025-03-15 10:17:59,063 - Epoch: 33 Step: 28/79 | Loss: 0.0002060883562080562 | Time:1.1732637882232666
2025-03-15 10:18:00,371 - Epoch: 33 Step: 29/79 | Loss: 3.5999008105136454e-05 | Time:1.3125100135803223
2025-03-15 10:18:01,779 - Epoch: 33 Step: 30/79 | Loss: 5.5245669500436634e-05 | Time:1.4083225727081299
2025-03-15 10:18:03,046 - Epoch: 33 Step: 31/79 | Loss: 0.01775187812745571 | Time:1.2671186923980713
2025-03-15 10:18:04,048 - Epoch: 33 Step: 32/79 | Loss: 1.8674130842555314e-05 | Time:1.0016329288482666
2025-03-15 10:18:05,298 - Epoch: 33 Step: 33/79 | Loss: 0.002804841147735715 | Time:1.2499089241027832
2025-03-15 10:18:06,612 - Epoch: 33 Step: 34/79 | Loss: 3.86459578294307e-05 | Time:1.3141732215881348
2025-03-15 10:18:07,787 - Epoch: 33 Step: 35/79 | Loss: 4.13311536249239e-05 | Time:1.1828832626342773
2025-03-15 10:18:08,929 - Epoch: 33 Step: 36/79 | Loss: 0.00014263099001254886 | Time:1.133481740951538
2025-03-15 10:18:10,286 - Epoch: 33 Step: 37/79 | Loss: 0.00028389727231115103 | Time:1.3446142673492432
2025-03-15 10:18:11,541 - Epoch: 33 Step: 38/79 | Loss: 5.0373069825582206e-05 | Time:1.2676811218261719
2025-03-15 10:18:12,792 - Epoch: 33 Step: 39/79 | Loss: 6.709311855956912e-05 | Time:1.2509350776672363
2025-03-15 10:18:13,966 - Epoch: 33 Step: 40/79 | Loss: 0.0003109516983386129 | Time:1.1737556457519531
2025-03-15 10:18:15,061 - Epoch: 33 Step: 41/79 | Loss: 1.859218355093617e-05 | Time:1.0952215194702148
2025-03-15 10:18:16,547 - Epoch: 33 Step: 42/79 | Loss: 0.009739655070006847 | Time:1.4858500957489014
2025-03-15 10:18:17,814 - Epoch: 33 Step: 43/79 | Loss: 0.0005501941777765751 | Time:1.2669939994812012
2025-03-15 10:18:19,018 - Epoch: 33 Step: 44/79 | Loss: 4.64291479147505e-05 | Time:1.219491720199585
2025-03-15 10:18:20,441 - Epoch: 33 Step: 45/79 | Loss: 0.00029893056489527225 | Time:1.407811164855957
2025-03-15 10:18:21,551 - Epoch: 33 Step: 46/79 | Loss: 2.6160267225350253e-05 | Time:1.0949926376342773
2025-03-15 10:18:22,630 - Epoch: 33 Step: 47/79 | Loss: 3.219060454284772e-05 | Time:1.0943024158477783
2025-03-15 10:18:23,818 - Epoch: 33 Step: 48/79 | Loss: 0.0007051750435493886 | Time:1.18807053565979
2025-03-15 10:18:25,022 - Epoch: 33 Step: 49/79 | Loss: 6.855998799437657e-05 | Time:1.2041046619415283
2025-03-15 10:18:26,194 - Epoch: 33 Step: 50/79 | Loss: 0.00027611636323854327 | Time:1.1720929145812988
2025-03-15 10:18:27,680 - Epoch: 33 Step: 51/79 | Loss: 0.00034525178489275277 | Time:1.4853792190551758
2025-03-15 10:18:28,868 - Epoch: 33 Step: 52/79 | Loss: 6.228029815247282e-05 | Time:1.187877893447876
2025-03-15 10:18:30,087 - Epoch: 33 Step: 53/79 | Loss: 2.9044129405519925e-05 | Time:1.2191529273986816
2025-03-15 10:18:31,431 - Epoch: 33 Step: 54/79 | Loss: 0.00024029285123106092 | Time:1.344085693359375
2025-03-15 10:18:32,557 - Epoch: 33 Step: 55/79 | Loss: 0.00020884365949314088 | Time:1.1257617473602295
2025-03-15 10:18:33,995 - Epoch: 33 Step: 56/79 | Loss: 0.00021020727581344545 | Time:1.4378938674926758
2025-03-15 10:18:35,090 - Epoch: 33 Step: 57/79 | Loss: 0.010784447193145752 | Time:1.0951595306396484
2025-03-15 10:18:36,309 - Epoch: 33 Step: 58/79 | Loss: 8.918028470361605e-06 | Time:1.2033169269561768
2025-03-15 10:18:37,371 - Epoch: 33 Step: 59/79 | Loss: 2.007466900977306e-05 | Time:1.0782597064971924
2025-03-15 10:18:38,512 - Epoch: 33 Step: 60/79 | Loss: 0.013599657453596592 | Time:1.1410150527954102
2025-03-15 10:18:39,746 - Epoch: 33 Step: 61/79 | Loss: 0.00017855568148661405 | Time:1.2341511249542236
2025-03-15 10:18:41,076 - Epoch: 33 Step: 62/79 | Loss: 0.00047658791299909353 | Time:1.3290181159973145
2025-03-15 10:18:42,076 - Epoch: 33 Step: 63/79 | Loss: 4.536328560789116e-05 | Time:1.0004992485046387
2025-03-15 10:18:43,389 - Epoch: 33 Step: 64/79 | Loss: 0.00014993868535384536 | Time:1.3134856224060059
2025-03-15 10:18:44,453 - Epoch: 33 Step: 65/79 | Loss: 1.992816942220088e-05 | Time:1.0626697540283203
2025-03-15 10:18:45,860 - Epoch: 33 Step: 66/79 | Loss: 0.04812827706336975 | Time:1.408017873764038
2025-03-15 10:18:47,221 - Epoch: 33 Step: 67/79 | Loss: 0.00028676772490143776 | Time:1.3609025478363037
2025-03-15 10:18:48,441 - Epoch: 33 Step: 68/79 | Loss: 9.085726196644828e-05 | Time:1.2194874286651611
2025-03-15 10:18:49,645 - Epoch: 33 Step: 69/79 | Loss: 0.00018712173914536834 | Time:1.2041161060333252
2025-03-15 10:18:50,864 - Epoch: 33 Step: 70/79 | Loss: 8.388161950279027e-05 | Time:1.2197051048278809
2025-03-15 10:18:52,210 - Epoch: 33 Step: 71/79 | Loss: 4.643808279070072e-05 | Time:1.3452892303466797
2025-03-15 10:18:53,257 - Epoch: 33 Step: 72/79 | Loss: 0.00010421739716548473 | Time:1.0317606925964355
2025-03-15 10:18:54,571 - Epoch: 33 Step: 73/79 | Loss: 0.00029488952714018524 | Time:1.3297638893127441
2025-03-15 10:18:55,651 - Epoch: 33 Step: 74/79 | Loss: 1.3983697499497794e-05 | Time:1.079960584640503
2025-03-15 10:18:57,044 - Epoch: 33 Step: 75/79 | Loss: 0.00015890575014054775 | Time:1.3923540115356445
2025-03-15 10:18:58,343 - Epoch: 33 Step: 76/79 | Loss: 0.009293441660702229 | Time:1.2998805046081543
2025-03-15 10:18:59,455 - Epoch: 33 Step: 77/79 | Loss: 1.9471339328447357e-05 | Time:1.1113011837005615
2025-03-15 10:19:00,503 - Epoch: 33 Step: 78/79 | Loss: 7.596858631586656e-05 | Time:1.0330376625061035
2025-03-15 10:19:00,691 - Epoch: 33 Step: 79/79 | Loss: 2.360299004067201e-05 | Time:0.26560187339782715
2025-03-15 10:19:01,583 - Val_Epoch:33.0 Step: 1/32 | Loss: 0.09366877377033234 | Time:0
2025-03-15 10:19:02,615 - Val_Epoch:33.0 Step: 2/32 | Loss: 0.28279292583465576 | Time:0.8918166160583496
2025-03-15 10:19:03,992 - Val_Epoch:33.0 Step: 3/32 | Loss: 0.8565613627433777 | Time:1.0326423645019531
2025-03-15 10:19:05,039 - Val_Epoch:33.0 Step: 4/32 | Loss: 0.4745457172393799 | Time:1.3762602806091309
2025-03-15 10:19:06,055 - Val_Epoch:33.0 Step: 5/32 | Loss: 0.0019039009930565953 | Time:1.04728364944458
2025-03-15 10:19:07,010 - Val_Epoch:33.0 Step: 6/32 | Loss: 0.602715015411377 | Time:1.0165956020355225
2025-03-15 10:19:08,033 - Val_Epoch:33.0 Step: 7/32 | Loss: 0.18439429998397827 | Time:0.9543666839599609
2025-03-15 10:19:09,534 - Val_Epoch:33.0 Step: 8/32 | Loss: 0.05076069384813309 | Time:1.0233662128448486
2025-03-15 10:19:10,598 - Val_Epoch:33.0 Step: 9/32 | Loss: 0.11579150706529617 | Time:1.5004966259002686
2025-03-15 10:19:11,646 - Val_Epoch:33.0 Step: 10/32 | Loss: 0.01066798996180296 | Time:1.063922643661499
2025-03-15 10:19:12,912 - Val_Epoch:33.0 Step: 11/32 | Loss: 0.5887926816940308 | Time:1.048215627670288
2025-03-15 10:19:14,009 - Val_Epoch:33.0 Step: 12/32 | Loss: 0.196564182639122 | Time:1.2659087181091309
2025-03-15 10:19:14,982 - Val_Epoch:33.0 Step: 13/32 | Loss: 0.5312667489051819 | Time:1.0968570709228516
2025-03-15 10:19:16,042 - Val_Epoch:33.0 Step: 14/32 | Loss: 0.04780440032482147 | Time:0.9738354682922363
2025-03-15 10:19:17,028 - Val_Epoch:33.0 Step: 15/32 | Loss: 0.10165610909461975 | Time:1.0596837997436523
2025-03-15 10:19:18,248 - Val_Epoch:33.0 Step: 16/32 | Loss: 0.5612104535102844 | Time:1.0016565322875977
2025-03-15 10:19:19,389 - Val_Epoch:33.0 Step: 17/32 | Loss: 0.0003384013834875077 | Time:1.204423189163208
2025-03-15 10:19:20,531 - Val_Epoch:33.0 Step: 18/32 | Loss: 0.3098442256450653 | Time:1.1406071186065674
2025-03-15 10:19:21,673 - Val_Epoch:33.0 Step: 19/32 | Loss: 0.3102763295173645 | Time:1.1426429748535156
2025-03-15 10:19:22,565 - Val_Epoch:33.0 Step: 20/32 | Loss: 0.3710748255252838 | Time:1.1417863368988037
2025-03-15 10:19:23,629 - Val_Epoch:33.0 Step: 21/32 | Loss: 0.05822402611374855 | Time:0.8915584087371826
2025-03-15 10:19:24,614 - Val_Epoch:33.0 Step: 22/32 | Loss: 0.7271052002906799 | Time:1.0645251274108887
2025-03-15 10:19:25,539 - Val_Epoch:33.0 Step: 23/32 | Loss: 0.3374880254268646 | Time:0.9843220710754395
2025-03-15 10:19:26,633 - Val_Epoch:33.0 Step: 24/32 | Loss: 0.7146266102790833 | Time:0.9250948429107666
2025-03-15 10:19:27,697 - Val_Epoch:33.0 Step: 25/32 | Loss: 0.001536129624582827 | Time:1.0940747261047363
2025-03-15 10:19:28,901 - Val_Epoch:33.0 Step: 26/32 | Loss: 0.19013109803199768 | Time:1.0637671947479248
2025-03-15 10:19:30,089 - Val_Epoch:33.0 Step: 27/32 | Loss: 0.5226083993911743 | Time:1.2047479152679443
2025-03-15 10:19:31,123 - Val_Epoch:33.0 Step: 28/32 | Loss: 0.44853898882865906 | Time:1.1877641677856445
2025-03-15 10:19:31,999 - Val_Epoch:33.0 Step: 29/32 | Loss: 0.1349618285894394 | Time:1.0340056419372559
2025-03-15 10:19:32,963 - Val_Epoch:33.0 Step: 30/32 | Loss: 0.0004696801770478487 | Time:0.8763642311096191
2025-03-15 10:19:34,095 - Val_Epoch:33.0 Step: 31/32 | Loss: 0.4844018518924713 | Time:0.9648895263671875
2025-03-15 10:19:34,282 - Val_Epoch:33.0 Step: 32/32 | Loss: 0.6773777604103088 | Time:1.1302428245544434
2025-03-15 10:19:34,282 - Validation - Accuracy: 0.9469469469469469, Precision: 0.9405204460966543, Recall: 0.8724137931034482, F1-Score: 0.9051878354203935
2025-03-15 10:19:34,298 - Saved model as model_epoch_33_acc_0.9469.pt
2025-03-15 10:19:34,298 - 
*** EPOCH: 34 ***

2025-03-15 10:19:35,459 - Epoch: 34 Step: 1/79 | Loss: 3.3597469155211e-05 | Time:1.0635738372802734
2025-03-15 10:19:36,643 - Epoch: 34 Step: 2/79 | Loss: 0.00027889537159353495 | Time:1.2194550037384033
2025-03-15 10:19:37,785 - Epoch: 34 Step: 3/79 | Loss: 4.478669507079758e-05 | Time:1.126331090927124
2025-03-15 10:19:38,880 - Epoch: 34 Step: 4/79 | Loss: 0.00038839475018903613 | Time:1.1104540824890137
2025-03-15 10:19:40,101 - Epoch: 34 Step: 5/79 | Loss: 0.00018350902246311307 | Time:1.2208740711212158
2025-03-15 10:19:41,493 - Epoch: 34 Step: 6/79 | Loss: 2.7337313440511934e-05 | Time:1.3920862674713135
2025-03-15 10:19:42,933 - Epoch: 34 Step: 7/79 | Loss: 0.00020350347040221095 | Time:1.4403367042541504
2025-03-15 10:19:43,872 - Epoch: 34 Step: 8/79 | Loss: 1.4348629520100076e-05 | Time:0.9401183128356934
2025-03-15 10:19:45,248 - Epoch: 34 Step: 9/79 | Loss: 0.004254143685102463 | Time:1.3854939937591553
2025-03-15 10:19:46,468 - Epoch: 34 Step: 10/79 | Loss: 3.7444147892529145e-05 | Time:1.2086098194122314
2025-03-15 10:19:47,610 - Epoch: 34 Step: 11/79 | Loss: 2.2546057152794674e-05 | Time:1.1267292499542236
2025-03-15 10:19:48,925 - Epoch: 34 Step: 12/79 | Loss: 6.109401510911994e-06 | Time:1.3300681114196777
2025-03-15 10:19:50,052 - Epoch: 34 Step: 13/79 | Loss: 3.277800351497717e-05 | Time:1.1119613647460938
2025-03-15 10:19:51,146 - Epoch: 34 Step: 14/79 | Loss: 4.3041378376074135e-05 | Time:1.1098942756652832
2025-03-15 10:19:52,350 - Epoch: 34 Step: 15/79 | Loss: 0.00036110926885157824 | Time:1.210801362991333
2025-03-15 10:19:53,470 - Epoch: 34 Step: 16/79 | Loss: 1.2970910574949812e-05 | Time:1.1182973384857178
2025-03-15 10:19:54,650 - Epoch: 34 Step: 17/79 | Loss: 3.172918513882905e-05 | Time:1.1586055755615234
2025-03-15 10:19:55,902 - Epoch: 34 Step: 18/79 | Loss: 0.012249733321368694 | Time:1.2682209014892578
2025-03-15 10:19:57,169 - Epoch: 34 Step: 19/79 | Loss: 0.013107918202877045 | Time:1.2670588493347168
2025-03-15 10:19:58,233 - Epoch: 34 Step: 20/79 | Loss: 0.00012095223792130128 | Time:1.0638608932495117
2025-03-15 10:19:59,469 - Epoch: 34 Step: 21/79 | Loss: 0.0031210677698254585 | Time:1.2353663444519043
2025-03-15 10:20:00,628 - Epoch: 34 Step: 22/79 | Loss: 5.741389759350568e-05 | Time:1.1592466831207275
2025-03-15 10:20:01,832 - Epoch: 34 Step: 23/79 | Loss: 5.274956947687315e-06 | Time:1.209197998046875
2025-03-15 10:20:03,147 - Epoch: 34 Step: 24/79 | Loss: 0.010488895699381828 | Time:1.2938296794891357
2025-03-15 10:20:04,273 - Epoch: 34 Step: 25/79 | Loss: 0.00012500279990490526 | Time:1.141772747039795
2025-03-15 10:20:05,462 - Epoch: 34 Step: 26/79 | Loss: 0.03195618465542793 | Time:1.1886365413665771
2025-03-15 10:20:06,556 - Epoch: 34 Step: 27/79 | Loss: 1.3774612853012513e-05 | Time:1.0795719623565674
2025-03-15 10:20:07,824 - Epoch: 34 Step: 28/79 | Loss: 0.004407522734254599 | Time:1.2826828956604004
2025-03-15 10:20:09,028 - Epoch: 34 Step: 29/79 | Loss: 1.6178199075511657e-05 | Time:1.2074410915374756
2025-03-15 10:20:10,294 - Epoch: 34 Step: 30/79 | Loss: 0.0003544134087860584 | Time:1.2634773254394531
2025-03-15 10:20:11,578 - Epoch: 34 Step: 31/79 | Loss: 7.950684084789827e-05 | Time:1.283991813659668
2025-03-15 10:20:12,721 - Epoch: 34 Step: 32/79 | Loss: 1.5411089407280087e-05 | Time:1.1421420574188232
2025-03-15 10:20:14,113 - Epoch: 34 Step: 33/79 | Loss: 0.00030392006738111377 | Time:1.392221450805664
2025-03-15 10:20:15,254 - Epoch: 34 Step: 34/79 | Loss: 0.00013447696983348578 | Time:1.1417291164398193
2025-03-15 10:20:16,396 - Epoch: 34 Step: 35/79 | Loss: 3.3101456210715696e-05 | Time:1.1415183544158936
2025-03-15 10:20:17,758 - Epoch: 34 Step: 36/79 | Loss: 0.00014658915461041033 | Time:1.3620240688323975
2025-03-15 10:20:18,821 - Epoch: 34 Step: 37/79 | Loss: 0.0077645438723266125 | Time:1.0634551048278809
2025-03-15 10:20:19,979 - Epoch: 34 Step: 38/79 | Loss: 0.00020034484623465687 | Time:1.157527208328247
2025-03-15 10:20:21,183 - Epoch: 34 Step: 39/79 | Loss: 0.010875310748815536 | Time:1.2053701877593994
2025-03-15 10:20:22,311 - Epoch: 34 Step: 40/79 | Loss: 1.950453588506207e-05 | Time:1.126326560974121
2025-03-15 10:20:23,454 - Epoch: 34 Step: 41/79 | Loss: 0.00018670310964807868 | Time:1.1424837112426758
2025-03-15 10:20:24,675 - Epoch: 34 Step: 42/79 | Loss: 0.000260239583440125 | Time:1.21966552734375
2025-03-15 10:20:26,082 - Epoch: 34 Step: 43/79 | Loss: 0.00042276171734556556 | Time:1.4089386463165283
2025-03-15 10:20:27,192 - Epoch: 34 Step: 44/79 | Loss: 0.0001194690412376076 | Time:1.1101818084716797
2025-03-15 10:20:28,459 - Epoch: 34 Step: 45/79 | Loss: 0.0003598466864787042 | Time:1.2665314674377441
2025-03-15 10:20:29,649 - Epoch: 34 Step: 46/79 | Loss: 6.615939582843566e-06 | Time:1.189748764038086
2025-03-15 10:20:31,087 - Epoch: 34 Step: 47/79 | Loss: 0.008568327873945236 | Time:1.438854455947876
2025-03-15 10:20:32,339 - Epoch: 34 Step: 48/79 | Loss: 3.581668352126144e-05 | Time:1.2505149841308594
2025-03-15 10:20:33,606 - Epoch: 34 Step: 49/79 | Loss: 0.0009314548224210739 | Time:1.268559217453003
2025-03-15 10:20:34,881 - Epoch: 34 Step: 50/79 | Loss: 3.6667290260083973e-05 | Time:1.2858235836029053
2025-03-15 10:20:36,101 - Epoch: 34 Step: 51/79 | Loss: 4.1827941458905116e-05 | Time:1.2093415260314941
2025-03-15 10:20:37,337 - Epoch: 34 Step: 52/79 | Loss: 1.558200347062666e-05 | Time:1.2351877689361572
2025-03-15 10:20:38,480 - Epoch: 34 Step: 53/79 | Loss: 2.6264251573593356e-05 | Time:1.1479485034942627
2025-03-15 10:20:39,808 - Epoch: 34 Step: 54/79 | Loss: 6.355105142574757e-05 | Time:1.3239216804504395
2025-03-15 10:20:41,107 - Epoch: 34 Step: 55/79 | Loss: 0.0007478886982426047 | Time:1.2977731227874756
2025-03-15 10:20:42,295 - Epoch: 34 Step: 56/79 | Loss: 0.00023435034381691366 | Time:1.1885366439819336
2025-03-15 10:20:43,719 - Epoch: 34 Step: 57/79 | Loss: 5.091914863442071e-05 | Time:1.42435884475708
2025-03-15 10:20:44,862 - Epoch: 34 Step: 58/79 | Loss: 9.417321962246206e-06 | Time:1.1424612998962402
2025-03-15 10:20:46,042 - Epoch: 34 Step: 59/79 | Loss: 7.349054067162797e-05 | Time:1.1736559867858887
2025-03-15 10:20:47,208 - Epoch: 34 Step: 60/79 | Loss: 5.883179255761206e-05 | Time:1.1725597381591797
2025-03-15 10:20:48,349 - Epoch: 34 Step: 61/79 | Loss: 9.362488344777375e-05 | Time:1.1408352851867676
2025-03-15 10:20:49,460 - Epoch: 34 Step: 62/79 | Loss: 1.4755374650121666e-05 | Time:1.1109399795532227
2025-03-15 10:20:51,010 - Epoch: 34 Step: 63/79 | Loss: 0.0019311642972752452 | Time:1.550049066543579
2025-03-15 10:20:52,588 - Epoch: 34 Step: 64/79 | Loss: 0.0004687827022280544 | Time:1.578272819519043
2025-03-15 10:20:53,762 - Epoch: 34 Step: 65/79 | Loss: 0.000149244224303402 | Time:1.180243968963623
2025-03-15 10:20:54,950 - Epoch: 34 Step: 66/79 | Loss: 1.8249264030600898e-05 | Time:1.1667423248291016
2025-03-15 10:20:56,123 - Epoch: 34 Step: 67/79 | Loss: 8.682985207997262e-05 | Time:1.1880810260772705
2025-03-15 10:20:57,281 - Epoch: 34 Step: 68/79 | Loss: 0.0001864165678853169 | Time:1.1681098937988281
2025-03-15 10:20:58,517 - Epoch: 34 Step: 69/79 | Loss: 0.00012064150359947234 | Time:1.2258925437927246
2025-03-15 10:20:59,689 - Epoch: 34 Step: 70/79 | Loss: 0.0001349656522506848 | Time:1.1564602851867676
2025-03-15 10:21:00,910 - Epoch: 34 Step: 71/79 | Loss: 1.2438234989531338e-05 | Time:1.236750602722168
2025-03-15 10:21:02,224 - Epoch: 34 Step: 72/79 | Loss: 9.384511213283986e-05 | Time:1.308107614517212
2025-03-15 10:21:03,537 - Epoch: 34 Step: 73/79 | Loss: 0.00021416890376713127 | Time:1.3191807270050049
2025-03-15 10:21:04,804 - Epoch: 34 Step: 74/79 | Loss: 4.97068976983428e-05 | Time:1.2667171955108643
2025-03-15 10:21:05,994 - Epoch: 34 Step: 75/79 | Loss: 5.8537149016046897e-05 | Time:1.1894512176513672
2025-03-15 10:21:07,074 - Epoch: 34 Step: 76/79 | Loss: 0.0003116929729003459 | Time:1.0803158283233643
2025-03-15 10:21:08,355 - Epoch: 34 Step: 77/79 | Loss: 0.00010672460484784096 | Time:1.2810924053192139
2025-03-15 10:21:09,702 - Epoch: 34 Step: 78/79 | Loss: 6.77356292726472e-05 | Time:1.3466131687164307
2025-03-15 10:21:09,858 - Epoch: 34 Step: 79/79 | Loss: 9.894283721223474e-06 | Time:0.2034440040588379
2025-03-15 10:21:10,734 - Val_Epoch:34.0 Step: 1/32 | Loss: 0.1280076801776886 | Time:0
2025-03-15 10:21:11,781 - Val_Epoch:34.0 Step: 2/32 | Loss: 0.3140436112880707 | Time:0.8910777568817139
2025-03-15 10:21:13,157 - Val_Epoch:34.0 Step: 3/32 | Loss: 0.7785423398017883 | Time:1.0319721698760986
2025-03-15 10:21:14,206 - Val_Epoch:34.0 Step: 4/32 | Loss: 0.4727482795715332 | Time:1.3762073516845703
2025-03-15 10:21:15,223 - Val_Epoch:34.0 Step: 5/32 | Loss: 0.0071876379661262035 | Time:1.0488417148590088
2025-03-15 10:21:16,177 - Val_Epoch:34.0 Step: 6/32 | Loss: 0.5625531673431396 | Time:1.0169684886932373
2025-03-15 10:21:17,193 - Val_Epoch:34.0 Step: 7/32 | Loss: 0.04636421799659729 | Time:0.953728437423706
2025-03-15 10:21:18,679 - Val_Epoch:34.0 Step: 8/32 | Loss: 0.010707652196288109 | Time:1.0155282020568848
2025-03-15 10:21:19,759 - Val_Epoch:34.0 Step: 9/32 | Loss: 0.17294089496135712 | Time:1.486870288848877
2025-03-15 10:21:20,807 - Val_Epoch:34.0 Step: 10/32 | Loss: 0.002622853498905897 | Time:1.0799508094787598
2025-03-15 10:21:22,090 - Val_Epoch:34.0 Step: 11/32 | Loss: 0.6715288162231445 | Time:1.0477752685546875
2025-03-15 10:21:23,179 - Val_Epoch:34.0 Step: 12/32 | Loss: 0.23351694643497467 | Time:1.2830653190612793
2025-03-15 10:21:24,155 - Val_Epoch:34.0 Step: 13/32 | Loss: 0.4747329354286194 | Time:1.0888638496398926
2025-03-15 10:21:25,203 - Val_Epoch:34.0 Step: 14/32 | Loss: 0.1145096942782402 | Time:0.9759318828582764
2025-03-15 10:21:26,188 - Val_Epoch:34.0 Step: 15/32 | Loss: 0.13248790800571442 | Time:1.0476887226104736
2025-03-15 10:21:27,393 - Val_Epoch:34.0 Step: 16/32 | Loss: 0.5067540407180786 | Time:0.9851951599121094
2025-03-15 10:21:28,520 - Val_Epoch:34.0 Step: 17/32 | Loss: 0.0007642778218723834 | Time:1.205310344696045
2025-03-15 10:21:29,661 - Val_Epoch:34.0 Step: 18/32 | Loss: 0.269490122795105 | Time:1.1265010833740234
2025-03-15 10:21:30,772 - Val_Epoch:34.0 Step: 19/32 | Loss: 0.29613927006721497 | Time:1.141209363937378
2025-03-15 10:21:31,683 - Val_Epoch:34.0 Step: 20/32 | Loss: 0.35620173811912537 | Time:1.111607551574707
2025-03-15 10:21:32,743 - Val_Epoch:34.0 Step: 21/32 | Loss: 0.09776574373245239 | Time:0.9116575717926025
2025-03-15 10:21:33,728 - Val_Epoch:34.0 Step: 22/32 | Loss: 0.5618712306022644 | Time:1.0586938858032227
2025-03-15 10:21:34,651 - Val_Epoch:34.0 Step: 23/32 | Loss: 0.25897878408432007 | Time:0.9850680828094482
2025-03-15 10:21:35,778 - Val_Epoch:34.0 Step: 24/32 | Loss: 0.5361058115959167 | Time:0.9233663082122803
2025-03-15 10:21:36,825 - Val_Epoch:34.0 Step: 25/32 | Loss: 0.0027401584666222334 | Time:1.1263527870178223
2025-03-15 10:21:38,014 - Val_Epoch:34.0 Step: 26/32 | Loss: 0.15863464772701263 | Time:1.0472097396850586
2025-03-15 10:21:39,219 - Val_Epoch:34.0 Step: 27/32 | Loss: 0.3528009355068207 | Time:1.1890525817871094
2025-03-15 10:21:40,297 - Val_Epoch:34.0 Step: 28/32 | Loss: 0.4624115228652954 | Time:1.2049388885498047
2025-03-15 10:21:41,143 - Val_Epoch:34.0 Step: 29/32 | Loss: 0.17340750992298126 | Time:1.0786092281341553
2025-03-15 10:21:42,114 - Val_Epoch:34.0 Step: 30/32 | Loss: 0.00135028304066509 | Time:0.8612792491912842
2025-03-15 10:21:43,240 - Val_Epoch:34.0 Step: 31/32 | Loss: 0.34080156683921814 | Time:0.9548845291137695
2025-03-15 10:21:43,443 - Val_Epoch:34.0 Step: 32/32 | Loss: 0.7700268030166626 | Time:1.126295804977417
2025-03-15 10:21:43,443 - Validation - Accuracy: 0.9479479479479479, Precision: 0.916083916083916, Recall: 0.903448275862069, F1-Score: 0.9097222222222222
2025-03-15 10:21:43,443 - Saved model as model_epoch_34_acc_0.9479.pt
2025-03-15 10:21:43,443 - 
*** EPOCH: 35 ***

2025-03-15 10:21:44,725 - Epoch: 35 Step: 1/79 | Loss: 1.929572863446083e-05 | Time:1.174605131149292
2025-03-15 10:21:46,086 - Epoch: 35 Step: 2/79 | Loss: 0.0020030117593705654 | Time:1.4054207801818848
2025-03-15 10:21:47,258 - Epoch: 35 Step: 3/79 | Loss: 0.00012558414891827852 | Time:1.1718080043792725
2025-03-15 10:21:48,509 - Epoch: 35 Step: 4/79 | Loss: 0.0003457735583651811 | Time:1.2513370513916016
2025-03-15 10:21:49,729 - Epoch: 35 Step: 5/79 | Loss: 6.91552268108353e-05 | Time:1.2199468612670898
2025-03-15 10:21:50,918 - Epoch: 35 Step: 6/79 | Loss: 2.5983152227126993e-05 | Time:1.1888294219970703
2025-03-15 10:21:52,108 - Epoch: 35 Step: 7/79 | Loss: 0.00011485710274428129 | Time:1.1901705265045166
2025-03-15 10:21:53,468 - Epoch: 35 Step: 8/79 | Loss: 5.818899080622941e-05 | Time:1.3598341941833496
2025-03-15 10:21:54,563 - Epoch: 35 Step: 9/79 | Loss: 0.0002567452611401677 | Time:1.0953712463378906
2025-03-15 10:21:55,847 - Epoch: 35 Step: 10/79 | Loss: 7.293040835065767e-05 | Time:1.2831635475158691
2025-03-15 10:21:57,083 - Epoch: 35 Step: 11/79 | Loss: 0.008938929997384548 | Time:1.2364165782928467
2025-03-15 10:21:58,223 - Epoch: 35 Step: 12/79 | Loss: 0.00022897310554981232 | Time:1.1247453689575195
2025-03-15 10:21:59,476 - Epoch: 35 Step: 13/79 | Loss: 0.0005330809508450329 | Time:1.268094539642334
2025-03-15 10:22:00,882 - Epoch: 35 Step: 14/79 | Loss: 0.010438499972224236 | Time:1.4058105945587158
2025-03-15 10:22:02,196 - Epoch: 35 Step: 15/79 | Loss: 0.00010679655679268762 | Time:1.3142716884613037
2025-03-15 10:22:03,556 - Epoch: 35 Step: 16/79 | Loss: 0.005504050757735968 | Time:1.3441388607025146
2025-03-15 10:22:04,540 - Epoch: 35 Step: 17/79 | Loss: 3.901630770997144e-05 | Time:1.000300645828247
2025-03-15 10:22:05,744 - Epoch: 35 Step: 18/79 | Loss: 1.4923108210496139e-05 | Time:1.2037694454193115
2025-03-15 10:22:06,931 - Epoch: 35 Step: 19/79 | Loss: 0.00021763742552138865 | Time:1.1872811317443848
2025-03-15 10:22:08,416 - Epoch: 35 Step: 20/79 | Loss: 0.0002323389780940488 | Time:1.4689531326293945
2025-03-15 10:22:09,760 - Epoch: 35 Step: 21/79 | Loss: 9.58438467932865e-05 | Time:1.3594624996185303
2025-03-15 10:22:10,916 - Epoch: 35 Step: 22/79 | Loss: 4.968101711710915e-05 | Time:1.1566615104675293
2025-03-15 10:22:12,026 - Epoch: 35 Step: 23/79 | Loss: 7.897835166659206e-05 | Time:1.109997272491455
2025-03-15 10:22:13,308 - Epoch: 35 Step: 24/79 | Loss: 0.007801006082445383 | Time:1.2818498611450195
2025-03-15 10:22:14,450 - Epoch: 35 Step: 25/79 | Loss: 0.00017241027671843767 | Time:1.1408777236938477
2025-03-15 10:22:15,653 - Epoch: 35 Step: 26/79 | Loss: 0.00019742357835639268 | Time:1.2039484977722168
2025-03-15 10:22:16,794 - Epoch: 35 Step: 27/79 | Loss: 0.00038347995723597705 | Time:1.1408836841583252
2025-03-15 10:22:17,997 - Epoch: 35 Step: 28/79 | Loss: 5.999970017001033e-05 | Time:1.203383207321167
2025-03-15 10:22:19,139 - Epoch: 35 Step: 29/79 | Loss: 6.69133587507531e-05 | Time:1.1413931846618652
2025-03-15 10:22:20,312 - Epoch: 35 Step: 30/79 | Loss: 8.828727914078627e-06 | Time:1.1570911407470703
2025-03-15 10:22:21,531 - Epoch: 35 Step: 31/79 | Loss: 5.158731073606759e-05 | Time:1.2356204986572266
2025-03-15 10:22:22,860 - Epoch: 35 Step: 32/79 | Loss: 9.35763273446355e-06 | Time:1.3289926052093506
2025-03-15 10:22:24,159 - Epoch: 35 Step: 33/79 | Loss: 4.513385283644311e-05 | Time:1.2825682163238525
2025-03-15 10:22:25,325 - Epoch: 35 Step: 34/79 | Loss: 8.135881216730922e-06 | Time:1.1723248958587646
2025-03-15 10:22:26,520 - Epoch: 35 Step: 35/79 | Loss: 0.030848350375890732 | Time:1.2047324180603027
2025-03-15 10:22:27,693 - Epoch: 35 Step: 36/79 | Loss: 3.716952778631821e-05 | Time:1.17244291305542
2025-03-15 10:22:28,774 - Epoch: 35 Step: 37/79 | Loss: 0.00018329572048969567 | Time:1.0790233612060547
2025-03-15 10:22:30,111 - Epoch: 35 Step: 38/79 | Loss: 0.0004702509322669357 | Time:1.3391268253326416
2025-03-15 10:22:31,284 - Epoch: 35 Step: 39/79 | Loss: 3.365705197211355e-05 | Time:1.173645257949829
2025-03-15 10:22:32,395 - Epoch: 35 Step: 40/79 | Loss: 9.510409654467367e-06 | Time:1.1109633445739746
2025-03-15 10:22:33,662 - Epoch: 35 Step: 41/79 | Loss: 0.00030419841641560197 | Time:1.2662837505340576
2025-03-15 10:22:34,969 - Epoch: 35 Step: 42/79 | Loss: 0.00018162604828830808 | Time:1.3064141273498535
2025-03-15 10:22:36,054 - Epoch: 35 Step: 43/79 | Loss: 4.372701368993148e-05 | Time:1.0865283012390137
2025-03-15 10:22:37,338 - Epoch: 35 Step: 44/79 | Loss: 0.013330992311239243 | Time:1.267577886581421
2025-03-15 10:22:38,761 - Epoch: 35 Step: 45/79 | Loss: 7.628531602676958e-05 | Time:1.4232664108276367
2025-03-15 10:22:39,920 - Epoch: 35 Step: 46/79 | Loss: 1.026290647132555e-05 | Time:1.1743860244750977
2025-03-15 10:22:40,937 - Epoch: 35 Step: 47/79 | Loss: 0.00510875741019845 | Time:1.0021977424621582
2025-03-15 10:22:41,985 - Epoch: 35 Step: 48/79 | Loss: 7.359825394814834e-05 | Time:1.063091516494751
2025-03-15 10:22:43,204 - Epoch: 35 Step: 49/79 | Loss: 0.0016115233302116394 | Time:1.2195243835449219
2025-03-15 10:22:44,237 - Epoch: 35 Step: 50/79 | Loss: 0.0001213699288200587 | Time:1.0322670936584473
2025-03-15 10:22:45,597 - Epoch: 35 Step: 51/79 | Loss: 4.600430838763714e-05 | Time:1.3442699909210205
2025-03-15 10:22:46,785 - Epoch: 35 Step: 52/79 | Loss: 0.04190715402364731 | Time:1.2036793231964111
2025-03-15 10:22:48,020 - Epoch: 35 Step: 53/79 | Loss: 6.297200889093801e-05 | Time:1.23579740524292
2025-03-15 10:22:49,396 - Epoch: 35 Step: 54/79 | Loss: 0.0051130023784935474 | Time:1.3756818771362305
2025-03-15 10:22:50,585 - Epoch: 35 Step: 55/79 | Loss: 8.519408766005654e-06 | Time:1.18839430809021
2025-03-15 10:22:51,678 - Epoch: 35 Step: 56/79 | Loss: 7.388009544229135e-05 | Time:1.0938928127288818
2025-03-15 10:22:52,851 - Epoch: 35 Step: 57/79 | Loss: 1.316860561928479e-05 | Time:1.172706127166748
2025-03-15 10:22:54,337 - Epoch: 35 Step: 58/79 | Loss: 0.0006614543963223696 | Time:1.4948227405548096
2025-03-15 10:22:55,433 - Epoch: 35 Step: 59/79 | Loss: 1.5824549336684868e-05 | Time:1.0861289501190186
2025-03-15 10:22:56,589 - Epoch: 35 Step: 60/79 | Loss: 4.9167778342962265e-05 | Time:1.1416447162628174
2025-03-15 10:22:57,706 - Epoch: 35 Step: 61/79 | Loss: 0.00018719412037171423 | Time:1.1253962516784668
2025-03-15 10:22:58,966 - Epoch: 35 Step: 62/79 | Loss: 5.319624051480787e-06 | Time:1.2662153244018555
2025-03-15 10:23:00,294 - Epoch: 35 Step: 63/79 | Loss: 8.999605779536068e-05 | Time:1.312915563583374
2025-03-15 10:23:01,639 - Epoch: 35 Step: 64/79 | Loss: 0.0004116029595024884 | Time:1.3452794551849365
2025-03-15 10:23:02,733 - Epoch: 35 Step: 65/79 | Loss: 1.3913469047110993e-05 | Time:1.1091539859771729
2025-03-15 10:23:03,826 - Epoch: 35 Step: 66/79 | Loss: 3.708251460921019e-05 | Time:1.0935871601104736
2025-03-15 10:23:05,078 - Epoch: 35 Step: 67/79 | Loss: 7.351026579272002e-05 | Time:1.2513360977172852
2025-03-15 10:23:06,187 - Epoch: 35 Step: 68/79 | Loss: 5.900464748265222e-05 | Time:1.109654426574707
2025-03-15 10:23:07,563 - Epoch: 35 Step: 69/79 | Loss: 1.2150690963608213e-05 | Time:1.3760061264038086
2025-03-15 10:23:08,627 - Epoch: 35 Step: 70/79 | Loss: 4.240350244799629e-05 | Time:1.063258171081543
2025-03-15 10:23:09,746 - Epoch: 35 Step: 71/79 | Loss: 0.006368003319948912 | Time:1.109806776046753
2025-03-15 10:23:10,972 - Epoch: 35 Step: 72/79 | Loss: 4.422587517183274e-05 | Time:1.234710693359375
2025-03-15 10:23:12,176 - Epoch: 35 Step: 73/79 | Loss: 0.00024520212900824845 | Time:1.20503830909729
2025-03-15 10:23:13,459 - Epoch: 35 Step: 74/79 | Loss: 7.725855539320037e-06 | Time:1.282472848892212
2025-03-15 10:23:14,631 - Epoch: 35 Step: 75/79 | Loss: 0.00010047946852864698 | Time:1.1567580699920654
2025-03-15 10:23:15,866 - Epoch: 35 Step: 76/79 | Loss: 3.753856071853079e-05 | Time:1.2504775524139404
2025-03-15 10:23:16,992 - Epoch: 35 Step: 77/79 | Loss: 0.0003030129009857774 | Time:1.125314474105835
2025-03-15 10:23:18,305 - Epoch: 35 Step: 78/79 | Loss: 0.0008563456940464675 | Time:1.2978296279907227
2025-03-15 10:23:18,508 - Epoch: 35 Step: 79/79 | Loss: 7.417247979901731e-05 | Time:0.26606082916259766
2025-03-15 10:23:19,399 - Val_Epoch:35.0 Step: 1/32 | Loss: 0.12124887108802795 | Time:0
2025-03-15 10:23:20,416 - Val_Epoch:35.0 Step: 2/32 | Loss: 0.3112974762916565 | Time:0.8911094665527344
2025-03-15 10:23:21,775 - Val_Epoch:35.0 Step: 3/32 | Loss: 0.6731371879577637 | Time:1.0164737701416016
2025-03-15 10:23:22,807 - Val_Epoch:35.0 Step: 4/32 | Loss: 0.47400468587875366 | Time:1.3596272468566895
2025-03-15 10:23:23,822 - Val_Epoch:35.0 Step: 5/32 | Loss: 0.006644555367529392 | Time:1.0316166877746582
2025-03-15 10:23:24,776 - Val_Epoch:35.0 Step: 6/32 | Loss: 0.579282820224762 | Time:1.015486478805542
2025-03-15 10:23:25,776 - Val_Epoch:35.0 Step: 7/32 | Loss: 0.03717819228768349 | Time:0.9534447193145752
2025-03-15 10:23:27,246 - Val_Epoch:35.0 Step: 8/32 | Loss: 0.01867787539958954 | Time:1.0003011226654053
2025-03-15 10:23:28,310 - Val_Epoch:35.0 Step: 9/32 | Loss: 0.16318777203559875 | Time:1.4696483612060547
2025-03-15 10:23:29,356 - Val_Epoch:35.0 Step: 10/32 | Loss: 0.004644326400011778 | Time:1.0636842250823975
2025-03-15 10:23:30,623 - Val_Epoch:35.0 Step: 11/32 | Loss: 0.6818239092826843 | Time:1.0468189716339111
2025-03-15 10:23:31,702 - Val_Epoch:35.0 Step: 12/32 | Loss: 0.21797795593738556 | Time:1.2663452625274658
2025-03-15 10:23:32,671 - Val_Epoch:35.0 Step: 13/32 | Loss: 0.40756216645240784 | Time:1.0792744159698486
2025-03-15 10:23:33,719 - Val_Epoch:35.0 Step: 14/32 | Loss: 0.12741762399673462 | Time:0.969102144241333
2025-03-15 10:23:34,703 - Val_Epoch:35.0 Step: 15/32 | Loss: 0.2216401994228363 | Time:1.0476672649383545
2025-03-15 10:23:35,907 - Val_Epoch:35.0 Step: 16/32 | Loss: 0.5728620290756226 | Time:0.9846932888031006
2025-03-15 10:23:37,034 - Val_Epoch:35.0 Step: 17/32 | Loss: 0.0003661794471554458 | Time:1.2039241790771484
2025-03-15 10:23:38,191 - Val_Epoch:35.0 Step: 18/32 | Loss: 0.30966460704803467 | Time:1.12640380859375
2025-03-15 10:23:39,286 - Val_Epoch:35.0 Step: 19/32 | Loss: 0.3032225966453552 | Time:1.1571340560913086
2025-03-15 10:23:40,186 - Val_Epoch:35.0 Step: 20/32 | Loss: 0.3640884459018707 | Time:1.0947279930114746
2025-03-15 10:23:41,274 - Val_Epoch:35.0 Step: 21/32 | Loss: 0.10577661544084549 | Time:0.9002654552459717
2025-03-15 10:23:42,258 - Val_Epoch:35.0 Step: 22/32 | Loss: 0.5581358671188354 | Time:1.0876891613006592
2025-03-15 10:23:43,166 - Val_Epoch:35.0 Step: 23/32 | Loss: 0.2777489125728607 | Time:0.9847338199615479
2025-03-15 10:23:44,268 - Val_Epoch:35.0 Step: 24/32 | Loss: 0.5464537143707275 | Time:0.9072351455688477
2025-03-15 10:23:45,324 - Val_Epoch:35.0 Step: 25/32 | Loss: 0.0020834265742450953 | Time:1.1024246215820312
2025-03-15 10:23:46,529 - Val_Epoch:35.0 Step: 26/32 | Loss: 0.17125357687473297 | Time:1.0557870864868164
2025-03-15 10:23:47,702 - Val_Epoch:35.0 Step: 27/32 | Loss: 0.41449570655822754 | Time:1.2047324180603027
2025-03-15 10:23:48,751 - Val_Epoch:35.0 Step: 28/32 | Loss: 0.46870169043540955 | Time:1.1739680767059326
2025-03-15 10:23:49,610 - Val_Epoch:35.0 Step: 29/32 | Loss: 0.17260493338108063 | Time:1.0485620498657227
2025-03-15 10:23:50,565 - Val_Epoch:35.0 Step: 30/32 | Loss: 0.0007339921430684626 | Time:0.859426736831665
2025-03-15 10:23:51,675 - Val_Epoch:35.0 Step: 31/32 | Loss: 0.31504878401756287 | Time:0.9543092250823975
2025-03-15 10:23:51,862 - Val_Epoch:35.0 Step: 32/32 | Loss: 0.8594189286231995 | Time:1.1100883483886719
2025-03-15 10:23:51,862 - Validation - Accuracy: 0.9469469469469469, Precision: 0.9157894736842105, Recall: 0.9, F1-Score: 0.9078260869565217
2025-03-15 10:23:51,862 - Saved model as model_epoch_35_acc_0.9469.pt
2025-03-15 10:23:51,862 - 
*** EPOCH: 36 ***

2025-03-15 10:23:53,114 - Epoch: 36 Step: 1/79 | Loss: 1.892751424747985e-05 | Time:1.1270406246185303
2025-03-15 10:23:54,398 - Epoch: 36 Step: 2/79 | Loss: 8.18269036244601e-05 | Time:1.3458023071289062
2025-03-15 10:23:55,711 - Epoch: 36 Step: 3/79 | Loss: 0.0009236180922016501 | Time:1.3131654262542725
2025-03-15 10:23:56,664 - Epoch: 36 Step: 4/79 | Loss: 3.96353098039981e-05 | Time:0.9530482292175293
2025-03-15 10:23:57,776 - Epoch: 36 Step: 5/79 | Loss: 2.5272405764553696e-05 | Time:1.1117222309112549
2025-03-15 10:23:58,838 - Epoch: 36 Step: 6/79 | Loss: 0.00041946794954128563 | Time:1.062272310256958
2025-03-15 10:24:00,050 - Epoch: 36 Step: 7/79 | Loss: 0.003971735946834087 | Time:1.2041504383087158
2025-03-15 10:24:01,388 - Epoch: 36 Step: 8/79 | Loss: 2.573308847786393e-05 | Time:1.3457674980163574
2025-03-15 10:24:02,600 - Epoch: 36 Step: 9/79 | Loss: 7.243806612677872e-05 | Time:1.2037193775177002
2025-03-15 10:24:03,671 - Epoch: 36 Step: 10/79 | Loss: 2.7832547857542522e-05 | Time:1.085193395614624
2025-03-15 10:24:04,774 - Epoch: 36 Step: 11/79 | Loss: 0.0008674946730025113 | Time:1.0890743732452393
2025-03-15 10:24:05,924 - Epoch: 36 Step: 12/79 | Loss: 2.6797970349434763e-05 | Time:1.1579127311706543
2025-03-15 10:24:06,939 - Epoch: 36 Step: 13/79 | Loss: 7.74477666709572e-06 | Time:1.0154383182525635
2025-03-15 10:24:08,067 - Epoch: 36 Step: 14/79 | Loss: 0.0006185296224430203 | Time:1.1279881000518799
2025-03-15 10:24:09,256 - Epoch: 36 Step: 15/79 | Loss: 0.0001615100773051381 | Time:1.1997697353363037
2025-03-15 10:24:10,491 - Epoch: 36 Step: 16/79 | Loss: 0.00017235038103535771 | Time:1.2244172096252441
2025-03-15 10:24:11,729 - Epoch: 36 Step: 17/79 | Loss: 0.007072692271322012 | Time:1.2354881763458252
2025-03-15 10:24:12,916 - Epoch: 36 Step: 18/79 | Loss: 0.0004420671612024307 | Time:1.1891064643859863
2025-03-15 10:24:14,433 - Epoch: 36 Step: 19/79 | Loss: 0.0001465107488911599 | Time:1.5171349048614502
2025-03-15 10:24:15,685 - Epoch: 36 Step: 20/79 | Loss: 0.00010447557724546641 | Time:1.252000093460083
2025-03-15 10:24:16,836 - Epoch: 36 Step: 21/79 | Loss: 9.565160144120455e-05 | Time:1.143683910369873
2025-03-15 10:24:18,234 - Epoch: 36 Step: 22/79 | Loss: 0.00019871728727594018 | Time:1.4057724475860596
2025-03-15 10:24:19,252 - Epoch: 36 Step: 23/79 | Loss: 0.0003685814735945314 | Time:1.017139196395874
2025-03-15 10:24:20,705 - Epoch: 36 Step: 24/79 | Loss: 5.0632083002710715e-05 | Time:1.4372525215148926
2025-03-15 10:24:21,934 - Epoch: 36 Step: 25/79 | Loss: 0.00027309893630445004 | Time:1.235565423965454
2025-03-15 10:24:23,067 - Epoch: 36 Step: 26/79 | Loss: 3.1247898732544854e-05 | Time:1.1273472309112549
2025-03-15 10:24:24,240 - Epoch: 36 Step: 27/79 | Loss: 0.0001757214922690764 | Time:1.172804594039917
2025-03-15 10:24:25,460 - Epoch: 36 Step: 28/79 | Loss: 7.203518180176616e-05 | Time:1.2346293926239014
2025-03-15 10:24:26,650 - Epoch: 36 Step: 29/79 | Loss: 0.00016493300790898502 | Time:1.1902086734771729
2025-03-15 10:24:27,917 - Epoch: 36 Step: 30/79 | Loss: 1.671466998232063e-05 | Time:1.2674269676208496
2025-03-15 10:24:29,293 - Epoch: 36 Step: 31/79 | Loss: 0.0005846429266966879 | Time:1.3762452602386475
2025-03-15 10:24:30,594 - Epoch: 36 Step: 32/79 | Loss: 0.004290676675736904 | Time:1.2983379364013672
2025-03-15 10:24:31,560 - Epoch: 36 Step: 33/79 | Loss: 8.83222310221754e-06 | Time:0.9533600807189941
2025-03-15 10:24:32,640 - Epoch: 36 Step: 34/79 | Loss: 6.154221773613244e-05 | Time:1.0804648399353027
2025-03-15 10:24:33,768 - Epoch: 36 Step: 35/79 | Loss: 1.3052947906544432e-05 | Time:1.1424851417541504
2025-03-15 10:24:35,128 - Epoch: 36 Step: 36/79 | Loss: 0.00016280132695101202 | Time:1.3606603145599365
2025-03-15 10:24:36,350 - Epoch: 36 Step: 37/79 | Loss: 7.361019015661441e-06 | Time:1.2211692333221436
2025-03-15 10:24:37,850 - Epoch: 36 Step: 38/79 | Loss: 0.009457647800445557 | Time:1.5003621578216553
2025-03-15 10:24:39,149 - Epoch: 36 Step: 39/79 | Loss: 2.935900010925252e-05 | Time:1.298574686050415
2025-03-15 10:24:40,416 - Epoch: 36 Step: 40/79 | Loss: 0.0004313445824664086 | Time:1.267275333404541
2025-03-15 10:24:41,434 - Epoch: 36 Step: 41/79 | Loss: 2.4420591216767207e-05 | Time:1.0176420211791992
2025-03-15 10:24:42,592 - Epoch: 36 Step: 42/79 | Loss: 0.00014978297986090183 | Time:1.1579961776733398
2025-03-15 10:24:43,795 - Epoch: 36 Step: 43/79 | Loss: 0.0017831340664997697 | Time:1.2041010856628418
2025-03-15 10:24:45,000 - Epoch: 36 Step: 44/79 | Loss: 8.109796908684075e-06 | Time:1.2041583061218262
2025-03-15 10:24:46,065 - Epoch: 36 Step: 45/79 | Loss: 0.0074755349196493626 | Time:1.0714919567108154
2025-03-15 10:24:47,551 - Epoch: 36 Step: 46/79 | Loss: 0.0003881892189383507 | Time:1.4637079238891602
2025-03-15 10:24:48,905 - Epoch: 36 Step: 47/79 | Loss: 2.904356733779423e-05 | Time:1.354304313659668
2025-03-15 10:24:50,234 - Epoch: 36 Step: 48/79 | Loss: 4.8568985221209005e-05 | Time:1.344855785369873
2025-03-15 10:24:51,314 - Epoch: 36 Step: 49/79 | Loss: 2.1294406906235963e-05 | Time:1.079852819442749
2025-03-15 10:24:52,487 - Epoch: 36 Step: 50/79 | Loss: 0.00011295947479084134 | Time:1.1575298309326172
2025-03-15 10:24:53,849 - Epoch: 36 Step: 51/79 | Loss: 0.040517620742321014 | Time:1.3805131912231445
2025-03-15 10:24:55,287 - Epoch: 36 Step: 52/79 | Loss: 0.00010826234210981056 | Time:1.4195680618286133
2025-03-15 10:24:56,430 - Epoch: 36 Step: 53/79 | Loss: 0.00011242760956520215 | Time:1.1424057483673096
2025-03-15 10:24:57,761 - Epoch: 36 Step: 54/79 | Loss: 3.672433376777917e-05 | Time:1.3538613319396973
2025-03-15 10:24:58,904 - Epoch: 36 Step: 55/79 | Loss: 2.241406218672637e-05 | Time:1.1358246803283691
2025-03-15 10:25:00,163 - Epoch: 36 Step: 56/79 | Loss: 0.005025462247431278 | Time:1.2595839500427246
2025-03-15 10:25:01,519 - Epoch: 36 Step: 57/79 | Loss: 0.00016651730402372777 | Time:1.3456923961639404
2025-03-15 10:25:02,696 - Epoch: 36 Step: 58/79 | Loss: 0.00017453223699703813 | Time:1.1716172695159912
2025-03-15 10:25:03,964 - Epoch: 36 Step: 59/79 | Loss: 0.0002233008563052863 | Time:1.2828373908996582
2025-03-15 10:25:05,028 - Epoch: 36 Step: 60/79 | Loss: 6.079455488361418e-05 | Time:1.048231601715088
2025-03-15 10:25:06,483 - Epoch: 36 Step: 61/79 | Loss: 0.0001585764402989298 | Time:1.4716284275054932
2025-03-15 10:25:07,797 - Epoch: 36 Step: 62/79 | Loss: 8.568735211156309e-05 | Time:1.3137013912200928
2025-03-15 10:25:08,985 - Epoch: 36 Step: 63/79 | Loss: 3.0663402867503464e-05 | Time:1.188147783279419
2025-03-15 10:25:10,064 - Epoch: 36 Step: 64/79 | Loss: 2.0059516828041524e-05 | Time:1.079153060913086
2025-03-15 10:25:11,504 - Epoch: 36 Step: 65/79 | Loss: 0.00037743253051303327 | Time:1.4248254299163818
2025-03-15 10:25:12,630 - Epoch: 36 Step: 66/79 | Loss: 0.0001805802749004215 | Time:1.1877696514129639
2025-03-15 10:25:13,709 - Epoch: 36 Step: 67/79 | Loss: 4.7077210183488205e-05 | Time:1.047591209411621
2025-03-15 10:25:14,961 - Epoch: 36 Step: 68/79 | Loss: 9.234840035787784e-06 | Time:1.23618745803833
2025-03-15 10:25:16,198 - Epoch: 36 Step: 69/79 | Loss: 1.101164616557071e-05 | Time:1.221031904220581
2025-03-15 10:25:17,355 - Epoch: 36 Step: 70/79 | Loss: 0.00012535597488749772 | Time:1.1566765308380127
2025-03-15 10:25:18,591 - Epoch: 36 Step: 71/79 | Loss: 0.00017647720233071595 | Time:1.2524166107177734
2025-03-15 10:25:19,779 - Epoch: 36 Step: 72/79 | Loss: 5.8578130847308785e-05 | Time:1.1882848739624023
2025-03-15 10:25:21,029 - Epoch: 36 Step: 73/79 | Loss: 0.0001891214051283896 | Time:1.2507553100585938
2025-03-15 10:25:22,413 - Epoch: 36 Step: 74/79 | Loss: 0.0002760200877673924 | Time:1.376784324645996
2025-03-15 10:25:23,860 - Epoch: 36 Step: 75/79 | Loss: 7.375210407190025e-05 | Time:1.453533411026001
2025-03-15 10:25:25,081 - Epoch: 36 Step: 76/79 | Loss: 0.0005284467479214072 | Time:1.2207274436950684
2025-03-15 10:25:26,175 - Epoch: 36 Step: 77/79 | Loss: 2.988732921949122e-05 | Time:1.0940840244293213
2025-03-15 10:25:27,239 - Epoch: 36 Step: 78/79 | Loss: 1.0430531801830512e-05 | Time:1.0644264221191406
2025-03-15 10:25:27,411 - Epoch: 36 Step: 79/79 | Loss: 7.569749868707731e-06 | Time:0.21869826316833496
2025-03-15 10:25:28,303 - Val_Epoch:36.0 Step: 1/32 | Loss: 0.12261202931404114 | Time:0
2025-03-15 10:25:29,320 - Val_Epoch:36.0 Step: 2/32 | Loss: 0.3129613995552063 | Time:0.8913798332214355
2025-03-15 10:25:30,680 - Val_Epoch:36.0 Step: 3/32 | Loss: 0.680432140827179 | Time:1.0179615020751953
2025-03-15 10:25:31,714 - Val_Epoch:36.0 Step: 4/32 | Loss: 0.47891801595687866 | Time:1.3594071865081787
2025-03-15 10:25:32,730 - Val_Epoch:36.0 Step: 5/32 | Loss: 0.004896565340459347 | Time:1.034421443939209
2025-03-15 10:25:33,692 - Val_Epoch:36.0 Step: 6/32 | Loss: 0.5876571536064148 | Time:1.0154037475585938
2025-03-15 10:25:34,701 - Val_Epoch:36.0 Step: 7/32 | Loss: 0.039422910660505295 | Time:0.9620037078857422
2025-03-15 10:25:36,184 - Val_Epoch:36.0 Step: 8/32 | Loss: 0.017532002180814743 | Time:1.009159803390503
2025-03-15 10:25:37,236 - Val_Epoch:36.0 Step: 9/32 | Loss: 0.16902874410152435 | Time:1.4843640327453613
2025-03-15 10:25:38,284 - Val_Epoch:36.0 Step: 10/32 | Loss: 0.004428209736943245 | Time:1.05084228515625
2025-03-15 10:25:39,551 - Val_Epoch:36.0 Step: 11/32 | Loss: 0.6693524122238159 | Time:1.0480761528015137
2025-03-15 10:25:40,646 - Val_Epoch:36.0 Step: 12/32 | Loss: 0.21725018322467804 | Time:1.2669577598571777
2025-03-15 10:25:41,617 - Val_Epoch:36.0 Step: 13/32 | Loss: 0.41757315397262573 | Time:1.0953328609466553
2025-03-15 10:25:42,665 - Val_Epoch:36.0 Step: 14/32 | Loss: 0.10959388315677643 | Time:0.9705479145050049
2025-03-15 10:25:43,650 - Val_Epoch:36.0 Step: 15/32 | Loss: 0.21968312561511993 | Time:1.0484230518341064
2025-03-15 10:25:44,854 - Val_Epoch:36.0 Step: 16/32 | Loss: 0.5617809295654297 | Time:0.984835147857666
2025-03-15 10:25:45,997 - Val_Epoch:36.0 Step: 17/32 | Loss: 0.00025672573246993124 | Time:1.2037103176116943
2025-03-15 10:25:47,153 - Val_Epoch:36.0 Step: 18/32 | Loss: 0.30672043561935425 | Time:1.1428132057189941
2025-03-15 10:25:48,248 - Val_Epoch:36.0 Step: 19/32 | Loss: 0.3075656294822693 | Time:1.1563544273376465
2025-03-15 10:25:49,146 - Val_Epoch:36.0 Step: 20/32 | Loss: 0.3684347867965698 | Time:1.0951383113861084
2025-03-15 10:25:50,235 - Val_Epoch:36.0 Step: 21/32 | Loss: 0.10453833639621735 | Time:0.8977241516113281
2025-03-15 10:25:51,221 - Val_Epoch:36.0 Step: 22/32 | Loss: 0.5725389719009399 | Time:1.0891566276550293
2025-03-15 10:25:52,113 - Val_Epoch:36.0 Step: 23/32 | Loss: 0.286167711019516 | Time:0.9862542152404785
2025-03-15 10:25:53,223 - Val_Epoch:36.0 Step: 24/32 | Loss: 0.5686193704605103 | Time:0.907473087310791
2025-03-15 10:25:54,271 - Val_Epoch:36.0 Step: 25/32 | Loss: 0.001761527732014656 | Time:1.094099998474121
2025-03-15 10:25:55,459 - Val_Epoch:36.0 Step: 26/32 | Loss: 0.17476706206798553 | Time:1.0482323169708252
2025-03-15 10:25:56,649 - Val_Epoch:36.0 Step: 27/32 | Loss: 0.4619581997394562 | Time:1.1882760524749756
2025-03-15 10:25:57,701 - Val_Epoch:36.0 Step: 28/32 | Loss: 0.4742497503757477 | Time:1.1895232200622559
2025-03-15 10:25:58,556 - Val_Epoch:36.0 Step: 29/32 | Loss: 0.1700243204832077 | Time:1.053210973739624
2025-03-15 10:25:59,512 - Val_Epoch:36.0 Step: 30/32 | Loss: 0.0006733369082212448 | Time:0.8541560173034668
2025-03-15 10:26:00,632 - Val_Epoch:36.0 Step: 31/32 | Loss: 0.3332175612449646 | Time:0.9556963443756104
2025-03-15 10:26:00,826 - Val_Epoch:36.0 Step: 32/32 | Loss: 0.8345708250999451 | Time:1.1211965084075928
2025-03-15 10:26:00,826 - Validation - Accuracy: 0.9479479479479479, Precision: 0.9190140845070423, Recall: 0.9, F1-Score: 0.9094076655052264
2025-03-15 10:26:00,842 - Saved model as model_epoch_36_acc_0.9479.pt
2025-03-15 10:26:00,842 - 
*** EPOCH: 37 ***

2025-03-15 10:26:02,109 - Epoch: 37 Step: 1/79 | Loss: 8.527021236659493e-06 | Time:1.1577143669128418
2025-03-15 10:26:03,362 - Epoch: 37 Step: 2/79 | Loss: 0.00012259141658432782 | Time:1.2994673252105713
2025-03-15 10:26:04,598 - Epoch: 37 Step: 3/79 | Loss: 3.099266177741811e-05 | Time:1.2202301025390625
2025-03-15 10:26:05,645 - Epoch: 37 Step: 4/79 | Loss: 5.949198566668201e-06 | Time:1.0626957416534424
2025-03-15 10:26:06,866 - Epoch: 37 Step: 5/79 | Loss: 1.9034465367440134e-05 | Time:1.2205376625061035
2025-03-15 10:26:07,961 - Epoch: 37 Step: 6/79 | Loss: 0.007204574998468161 | Time:1.0953667163848877
2025-03-15 10:26:09,103 - Epoch: 37 Step: 7/79 | Loss: 7.3536061790946405e-06 | Time:1.1420674324035645
2025-03-15 10:26:10,418 - Epoch: 37 Step: 8/79 | Loss: 8.612580131739378e-06 | Time:1.3245849609375
2025-03-15 10:26:11,684 - Epoch: 37 Step: 9/79 | Loss: 1.9555393009795807e-05 | Time:1.2568652629852295
2025-03-15 10:26:12,872 - Epoch: 37 Step: 10/79 | Loss: 4.280294433556264e-06 | Time:1.1882505416870117
2025-03-15 10:26:14,092 - Epoch: 37 Step: 11/79 | Loss: 0.00019335247634444386 | Time:1.2200791835784912
2025-03-15 10:26:15,313 - Epoch: 37 Step: 12/79 | Loss: 8.838641224429011e-05 | Time:1.2204315662384033
2025-03-15 10:26:16,627 - Epoch: 37 Step: 13/79 | Loss: 7.640425792487804e-06 | Time:1.3139941692352295
2025-03-15 10:26:18,065 - Epoch: 37 Step: 14/79 | Loss: 0.021440546959638596 | Time:1.438392162322998
2025-03-15 10:26:19,269 - Epoch: 37 Step: 15/79 | Loss: 0.006758160423487425 | Time:1.2040960788726807
2025-03-15 10:26:20,458 - Epoch: 37 Step: 16/79 | Loss: 9.841791325015947e-05 | Time:1.1887226104736328
2025-03-15 10:26:21,549 - Epoch: 37 Step: 17/79 | Loss: 9.325690916739404e-05 | Time:1.0880944728851318
2025-03-15 10:26:22,759 - Epoch: 37 Step: 18/79 | Loss: 1.2974860510439612e-05 | Time:1.2134113311767578
2025-03-15 10:26:23,886 - Epoch: 37 Step: 19/79 | Loss: 5.870976110600168e-06 | Time:1.1257822513580322
2025-03-15 10:26:25,090 - Epoch: 37 Step: 20/79 | Loss: 0.00027102534659206867 | Time:1.20442795753479
2025-03-15 10:26:26,309 - Epoch: 37 Step: 21/79 | Loss: 5.824514300911687e-05 | Time:1.2193894386291504
2025-03-15 10:26:27,592 - Epoch: 37 Step: 22/79 | Loss: 0.006973817944526672 | Time:1.2829360961914062
2025-03-15 10:26:28,719 - Epoch: 37 Step: 23/79 | Loss: 0.0019375210395082831 | Time:1.1271705627441406
2025-03-15 10:26:30,003 - Epoch: 37 Step: 24/79 | Loss: 0.00019163179968018085 | Time:1.2829914093017578
2025-03-15 10:26:31,348 - Epoch: 37 Step: 25/79 | Loss: 8.139526471495628e-05 | Time:1.3454902172088623
2025-03-15 10:26:32,498 - Epoch: 37 Step: 26/79 | Loss: 4.5417353248922154e-05 | Time:1.1419150829315186
2025-03-15 10:26:33,631 - Epoch: 37 Step: 27/79 | Loss: 2.5903824280248955e-05 | Time:1.1411657333374023
2025-03-15 10:26:34,789 - Epoch: 37 Step: 28/79 | Loss: 3.290917811682448e-05 | Time:1.157766580581665
2025-03-15 10:26:35,775 - Epoch: 37 Step: 29/79 | Loss: 2.0979145119781606e-05 | Time:0.9864380359649658
2025-03-15 10:26:36,948 - Epoch: 37 Step: 30/79 | Loss: 0.00022135413018986583 | Time:1.1714117527008057
2025-03-15 10:26:38,075 - Epoch: 37 Step: 31/79 | Loss: 0.00019581321976147592 | Time:1.1283009052276611
2025-03-15 10:26:39,186 - Epoch: 37 Step: 32/79 | Loss: 3.014666617673356e-05 | Time:1.110804557800293
2025-03-15 10:26:40,485 - Epoch: 37 Step: 33/79 | Loss: 0.00023055629571899772 | Time:1.298356533050537
2025-03-15 10:26:41,767 - Epoch: 37 Step: 34/79 | Loss: 0.0003605640376918018 | Time:1.282757043838501
2025-03-15 10:26:43,129 - Epoch: 37 Step: 35/79 | Loss: 0.001668240176513791 | Time:1.3621058464050293
2025-03-15 10:26:44,270 - Epoch: 37 Step: 36/79 | Loss: 5.211608367972076e-06 | Time:1.141573429107666
2025-03-15 10:26:45,271 - Epoch: 37 Step: 37/79 | Loss: 2.554774982854724e-05 | Time:1.0004048347473145
2025-03-15 10:26:46,492 - Epoch: 37 Step: 38/79 | Loss: 1.3004698303120676e-05 | Time:1.2216830253601074
2025-03-15 10:26:47,602 - Epoch: 37 Step: 39/79 | Loss: 3.08862145175226e-05 | Time:1.0987248420715332
2025-03-15 10:26:48,759 - Epoch: 37 Step: 40/79 | Loss: 5.826256165164523e-05 | Time:1.1678686141967773
2025-03-15 10:26:50,151 - Epoch: 37 Step: 41/79 | Loss: 0.0004052289586979896 | Time:1.393045425415039
2025-03-15 10:26:51,278 - Epoch: 37 Step: 42/79 | Loss: 0.0002249126264359802 | Time:1.1262860298156738
2025-03-15 10:26:52,498 - Epoch: 37 Step: 43/79 | Loss: 0.00010056779137812555 | Time:1.2196202278137207
2025-03-15 10:26:53,764 - Epoch: 37 Step: 44/79 | Loss: 0.00012366872397251427 | Time:1.2730631828308105
2025-03-15 10:26:54,986 - Epoch: 37 Step: 45/79 | Loss: 1.859915573731996e-05 | Time:1.2144181728363037
2025-03-15 10:26:56,080 - Epoch: 37 Step: 46/79 | Loss: 2.778312955342699e-05 | Time:1.0941410064697266
2025-03-15 10:26:57,315 - Epoch: 37 Step: 47/79 | Loss: 1.643508039705921e-05 | Time:1.247091293334961
2025-03-15 10:26:58,473 - Epoch: 37 Step: 48/79 | Loss: 0.00014248013030737638 | Time:1.1460330486297607
2025-03-15 10:26:59,631 - Epoch: 37 Step: 49/79 | Loss: 5.2676954510388896e-05 | Time:1.1579136848449707
2025-03-15 10:27:00,741 - Epoch: 37 Step: 50/79 | Loss: 8.759726188145578e-05 | Time:1.094557285308838
2025-03-15 10:27:01,991 - Epoch: 37 Step: 51/79 | Loss: 0.01047294121235609 | Time:1.2659070491790771
2025-03-15 10:27:03,398 - Epoch: 37 Step: 52/79 | Loss: 5.81126514589414e-05 | Time:1.4066338539123535
2025-03-15 10:27:04,741 - Epoch: 37 Step: 53/79 | Loss: 0.0001494716852903366 | Time:1.3435466289520264
2025-03-15 10:27:06,132 - Epoch: 37 Step: 54/79 | Loss: 0.00020135716476943344 | Time:1.39093017578125
2025-03-15 10:27:07,414 - Epoch: 37 Step: 55/79 | Loss: 0.00025970974820666015 | Time:1.2816669940948486
2025-03-15 10:27:08,806 - Epoch: 37 Step: 56/79 | Loss: 2.299377774761524e-05 | Time:1.3917388916015625
2025-03-15 10:27:10,103 - Epoch: 37 Step: 57/79 | Loss: 0.010237622074782848 | Time:1.297234058380127
2025-03-15 10:27:11,197 - Epoch: 37 Step: 58/79 | Loss: 3.498276782920584e-05 | Time:1.094308614730835
2025-03-15 10:27:12,417 - Epoch: 37 Step: 59/79 | Loss: 2.684238825167995e-05 | Time:1.219489574432373
2025-03-15 10:27:13,667 - Epoch: 37 Step: 60/79 | Loss: 0.03912470489740372 | Time:1.2503490447998047
2025-03-15 10:27:14,777 - Epoch: 37 Step: 61/79 | Loss: 4.962044386047637e-06 | Time:1.093841552734375
2025-03-15 10:27:16,356 - Epoch: 37 Step: 62/79 | Loss: 2.292979661433492e-05 | Time:1.5874667167663574
2025-03-15 10:27:17,575 - Epoch: 37 Step: 63/79 | Loss: 0.00019050265836995095 | Time:1.2270169258117676
2025-03-15 10:27:18,669 - Epoch: 37 Step: 64/79 | Loss: 0.0002354146126890555 | Time:1.0783896446228027
2025-03-15 10:27:19,811 - Epoch: 37 Step: 65/79 | Loss: 0.0002655874995980412 | Time:1.1573193073272705
2025-03-15 10:27:20,859 - Epoch: 37 Step: 66/79 | Loss: 0.00010357535211369395 | Time:1.0475921630859375
2025-03-15 10:27:21,781 - Epoch: 37 Step: 67/79 | Loss: 3.7659676308976486e-05 | Time:0.9222602844238281
2025-03-15 10:27:23,031 - Epoch: 37 Step: 68/79 | Loss: 6.329190910037141e-06 | Time:1.250227451324463
2025-03-15 10:27:24,438 - Epoch: 37 Step: 69/79 | Loss: 0.0005476668011397123 | Time:1.406446933746338
2025-03-15 10:27:25,742 - Epoch: 37 Step: 70/79 | Loss: 0.0002844537957571447 | Time:1.2984974384307861
2025-03-15 10:27:27,232 - Epoch: 37 Step: 71/79 | Loss: 0.00010494096932234243 | Time:1.50362229347229
2025-03-15 10:27:28,389 - Epoch: 37 Step: 72/79 | Loss: 0.00032602844294160604 | Time:1.14923095703125
2025-03-15 10:27:29,626 - Epoch: 37 Step: 73/79 | Loss: 2.0840590877924114e-05 | Time:1.236628532409668
2025-03-15 10:27:30,760 - Epoch: 37 Step: 74/79 | Loss: 1.3972829037811607e-05 | Time:1.1246247291564941
2025-03-15 10:27:32,065 - Epoch: 37 Step: 75/79 | Loss: 8.670565148349851e-05 | Time:1.2989726066589355
2025-03-15 10:27:33,269 - Epoch: 37 Step: 76/79 | Loss: 0.00010116279008798301 | Time:1.220325231552124
2025-03-15 10:27:34,474 - Epoch: 37 Step: 77/79 | Loss: 0.00015633089060429484 | Time:1.204977035522461
2025-03-15 10:27:35,788 - Epoch: 37 Step: 78/79 | Loss: 7.483858644263819e-05 | Time:1.2981839179992676
2025-03-15 10:27:36,007 - Epoch: 37 Step: 79/79 | Loss: 8.155869727488607e-05 | Time:0.2814521789550781
2025-03-15 10:27:36,898 - Val_Epoch:37.0 Step: 1/32 | Loss: 0.10108199715614319 | Time:0
2025-03-15 10:27:37,932 - Val_Epoch:37.0 Step: 2/32 | Loss: 0.301850289106369 | Time:0.8910629749298096
2025-03-15 10:27:39,293 - Val_Epoch:37.0 Step: 3/32 | Loss: 0.7925315499305725 | Time:1.0339620113372803
2025-03-15 10:27:40,342 - Val_Epoch:37.0 Step: 4/32 | Loss: 0.4756297469139099 | Time:1.3611550331115723
2025-03-15 10:27:41,343 - Val_Epoch:37.0 Step: 5/32 | Loss: 0.001065087621100247 | Time:1.0486421585083008
2025-03-15 10:27:42,298 - Val_Epoch:37.0 Step: 6/32 | Loss: 0.6158607602119446 | Time:1.0012171268463135
2025-03-15 10:27:43,314 - Val_Epoch:37.0 Step: 7/32 | Loss: 0.11882946640253067 | Time:0.9549458026885986
2025-03-15 10:27:44,786 - Val_Epoch:37.0 Step: 8/32 | Loss: 0.03655793145298958 | Time:1.0162622928619385
2025-03-15 10:27:45,866 - Val_Epoch:37.0 Step: 9/32 | Loss: 0.14268061518669128 | Time:1.4713168144226074
2025-03-15 10:27:46,913 - Val_Epoch:37.0 Step: 10/32 | Loss: 0.00723092257976532 | Time:1.080113172531128
2025-03-15 10:27:48,180 - Val_Epoch:37.0 Step: 11/32 | Loss: 0.6171140074729919 | Time:1.0475828647613525
2025-03-15 10:27:49,259 - Val_Epoch:37.0 Step: 12/32 | Loss: 0.15609246492385864 | Time:1.266392469406128
2025-03-15 10:27:50,260 - Val_Epoch:37.0 Step: 13/32 | Loss: 0.5284389853477478 | Time:1.0793311595916748
2025-03-15 10:27:51,293 - Val_Epoch:37.0 Step: 14/32 | Loss: 0.029363887384533882 | Time:1.0012125968933105
2025-03-15 10:27:52,279 - Val_Epoch:37.0 Step: 15/32 | Loss: 0.1898660510778427 | Time:1.0484211444854736
2025-03-15 10:27:53,499 - Val_Epoch:37.0 Step: 16/32 | Loss: 0.6098789572715759 | Time:0.969933032989502
2025-03-15 10:27:54,626 - Val_Epoch:37.0 Step: 17/32 | Loss: 0.00027958504506386817 | Time:1.220259189605713
2025-03-15 10:27:55,756 - Val_Epoch:37.0 Step: 18/32 | Loss: 0.33966565132141113 | Time:1.126612663269043
2025-03-15 10:27:56,877 - Val_Epoch:37.0 Step: 19/32 | Loss: 0.31546294689178467 | Time:1.131826400756836
2025-03-15 10:27:57,770 - Val_Epoch:37.0 Step: 20/32 | Loss: 0.37927401065826416 | Time:1.119983434677124
2025-03-15 10:27:58,848 - Val_Epoch:37.0 Step: 21/32 | Loss: 0.09417905658483505 | Time:0.8924734592437744
2025-03-15 10:27:59,844 - Val_Epoch:37.0 Step: 22/32 | Loss: 0.6634986996650696 | Time:1.0781245231628418
2025-03-15 10:28:00,741 - Val_Epoch:37.0 Step: 23/32 | Loss: 0.3589804470539093 | Time:0.9972050189971924
2025-03-15 10:28:01,836 - Val_Epoch:37.0 Step: 24/32 | Loss: 0.6703200340270996 | Time:0.8955230712890625
2025-03-15 10:28:02,904 - Val_Epoch:37.0 Step: 25/32 | Loss: 0.0008984998567029834 | Time:1.0954391956329346
2025-03-15 10:28:04,105 - Val_Epoch:37.0 Step: 26/32 | Loss: 0.19372691214084625 | Time:1.0684051513671875
2025-03-15 10:28:05,278 - Val_Epoch:37.0 Step: 27/32 | Loss: 0.6120694279670715 | Time:1.2003138065338135
2025-03-15 10:28:06,326 - Val_Epoch:37.0 Step: 28/32 | Loss: 0.45619797706604004 | Time:1.173518419265747
2025-03-15 10:28:07,171 - Val_Epoch:37.0 Step: 29/32 | Loss: 0.13861916959285736 | Time:1.0478630065917969
2025-03-15 10:28:08,125 - Val_Epoch:37.0 Step: 30/32 | Loss: 0.00038100144593045115 | Time:0.8445050716400146
2025-03-15 10:28:09,235 - Val_Epoch:37.0 Step: 31/32 | Loss: 0.46912115812301636 | Time:0.9539048671722412
2025-03-15 10:28:09,424 - Val_Epoch:37.0 Step: 32/32 | Loss: 0.6939584016799927 | Time:1.110694169998169
2025-03-15 10:28:09,424 - Validation - Accuracy: 0.948948948948949, Precision: 0.9345454545454546, Recall: 0.8862068965517241, F1-Score: 0.9097345132743364
2025-03-15 10:28:09,424 - Saved model as model_epoch_37_acc_0.9489.pt
2025-03-15 10:28:09,424 - 
*** EPOCH: 38 ***

2025-03-15 10:28:10,581 - Epoch: 38 Step: 1/79 | Loss: 1.0061623470392078e-05 | Time:1.0645191669464111
2025-03-15 10:28:11,926 - Epoch: 38 Step: 2/79 | Loss: 0.00044582001282833517 | Time:1.37503981590271
2025-03-15 10:28:13,005 - Epoch: 38 Step: 3/79 | Loss: 1.857611641753465e-05 | Time:1.079232931137085
2025-03-15 10:28:14,038 - Epoch: 38 Step: 4/79 | Loss: 7.631238258909434e-05 | Time:1.0333759784698486
2025-03-15 10:28:15,242 - Epoch: 38 Step: 5/79 | Loss: 0.0003221185179427266 | Time:1.203437328338623
2025-03-15 10:28:16,415 - Epoch: 38 Step: 6/79 | Loss: 2.570847573224455e-05 | Time:1.1728010177612305
2025-03-15 10:28:17,462 - Epoch: 38 Step: 7/79 | Loss: 0.00011547540634637699 | Time:1.0476047992706299
2025-03-15 10:28:18,667 - Epoch: 38 Step: 8/79 | Loss: 3.738412488019094e-05 | Time:1.1889894008636475
2025-03-15 10:28:19,747 - Epoch: 38 Step: 9/79 | Loss: 1.3369722182687838e-05 | Time:1.1035706996917725
2025-03-15 10:28:21,280 - Epoch: 38 Step: 10/79 | Loss: 7.800708408467472e-05 | Time:1.5331826210021973
2025-03-15 10:28:22,437 - Epoch: 38 Step: 11/79 | Loss: 0.00021960180310998112 | Time:1.1488490104675293
2025-03-15 10:28:23,579 - Epoch: 38 Step: 12/79 | Loss: 5.799077916890383e-05 | Time:1.1424369812011719
2025-03-15 10:28:24,706 - Epoch: 38 Step: 13/79 | Loss: 0.17816299200057983 | Time:1.1268715858459473
2025-03-15 10:28:25,894 - Epoch: 38 Step: 14/79 | Loss: 2.7664225854096003e-05 | Time:1.188305139541626
2025-03-15 10:28:27,019 - Epoch: 38 Step: 15/79 | Loss: 0.00024974223924800754 | Time:1.125566005706787
2025-03-15 10:28:28,223 - Epoch: 38 Step: 16/79 | Loss: 6.872155790915713e-05 | Time:1.202824354171753
2025-03-15 10:28:29,570 - Epoch: 38 Step: 17/79 | Loss: 3.7218960642348975e-05 | Time:1.3472650051116943
2025-03-15 10:28:30,633 - Epoch: 38 Step: 18/79 | Loss: 2.761732685030438e-05 | Time:1.0627877712249756
2025-03-15 10:28:31,883 - Epoch: 38 Step: 19/79 | Loss: 1.9258697648183443e-05 | Time:1.2503883838653564
2025-03-15 10:28:33,196 - Epoch: 38 Step: 20/79 | Loss: 0.0001924865646287799 | Time:1.313269853591919
2025-03-15 10:28:34,697 - Epoch: 38 Step: 21/79 | Loss: 0.00035417420440353453 | Time:1.5002851486206055
2025-03-15 10:28:35,838 - Epoch: 38 Step: 22/79 | Loss: 2.8760588975274004e-05 | Time:1.1411457061767578
2025-03-15 10:28:37,041 - Epoch: 38 Step: 23/79 | Loss: 0.026966184377670288 | Time:1.2030770778656006
2025-03-15 10:28:38,134 - Epoch: 38 Step: 24/79 | Loss: 0.0005296411109156907 | Time:1.0936589241027832
2025-03-15 10:28:39,479 - Epoch: 38 Step: 25/79 | Loss: 5.738434265367687e-05 | Time:1.345081090927124
2025-03-15 10:28:40,677 - Epoch: 38 Step: 26/79 | Loss: 3.184526940458454e-05 | Time:1.1873724460601807
2025-03-15 10:28:41,902 - Epoch: 38 Step: 27/79 | Loss: 0.004647877532988787 | Time:1.2347867488861084
2025-03-15 10:28:42,981 - Epoch: 38 Step: 28/79 | Loss: 2.112783295160625e-05 | Time:1.078911304473877
2025-03-15 10:28:44,185 - Epoch: 38 Step: 29/79 | Loss: 0.011271490715444088 | Time:1.2039008140563965
2025-03-15 10:28:45,421 - Epoch: 38 Step: 30/79 | Loss: 0.0003793326613958925 | Time:1.235797643661499
2025-03-15 10:28:46,782 - Epoch: 38 Step: 31/79 | Loss: 0.00045108410995453596 | Time:1.363459825515747
2025-03-15 10:28:47,805 - Epoch: 38 Step: 32/79 | Loss: 0.0013344524195417762 | Time:1.021329641342163
2025-03-15 10:28:49,057 - Epoch: 38 Step: 33/79 | Loss: 8.204944606404752e-05 | Time:1.2521169185638428
2025-03-15 10:28:50,401 - Epoch: 38 Step: 34/79 | Loss: 0.002163051860406995 | Time:1.3438100814819336
2025-03-15 10:28:51,857 - Epoch: 38 Step: 35/79 | Loss: 0.00011879096564371139 | Time:1.45558500289917
2025-03-15 10:28:52,920 - Epoch: 38 Step: 36/79 | Loss: 0.00043616295442916453 | Time:1.0634119510650635
2025-03-15 10:28:54,220 - Epoch: 38 Step: 37/79 | Loss: 0.011014260351657867 | Time:1.3001787662506104
2025-03-15 10:28:55,488 - Epoch: 38 Step: 38/79 | Loss: 0.00021370398462750018 | Time:1.2675261497497559
2025-03-15 10:28:56,754 - Epoch: 38 Step: 39/79 | Loss: 3.590384221752174e-05 | Time:1.2502996921539307
2025-03-15 10:28:58,067 - Epoch: 38 Step: 40/79 | Loss: 6.899100844748318e-05 | Time:1.32900071144104
2025-03-15 10:28:59,710 - Epoch: 38 Step: 41/79 | Loss: 0.0021649464033544064 | Time:1.6433634757995605
2025-03-15 10:29:00,906 - Epoch: 38 Step: 42/79 | Loss: 3.727926014107652e-05 | Time:1.1869871616363525
2025-03-15 10:29:02,071 - Epoch: 38 Step: 43/79 | Loss: 4.056524267070927e-05 | Time:1.1736228466033936
2025-03-15 10:29:03,323 - Epoch: 38 Step: 44/79 | Loss: 0.0032612259965389967 | Time:1.252324104309082
2025-03-15 10:29:04,465 - Epoch: 38 Step: 45/79 | Loss: 4.2963045416399837e-05 | Time:1.1263999938964844
2025-03-15 10:29:05,747 - Epoch: 38 Step: 46/79 | Loss: 0.00023295161372516304 | Time:1.281977891921997
2025-03-15 10:29:07,125 - Epoch: 38 Step: 47/79 | Loss: 0.0001801270991563797 | Time:1.3932840824127197
2025-03-15 10:29:08,313 - Epoch: 38 Step: 48/79 | Loss: 3.499395097605884e-05 | Time:1.1878812313079834
2025-03-15 10:29:09,504 - Epoch: 38 Step: 49/79 | Loss: 6.447035411838442e-05 | Time:1.1906850337982178
2025-03-15 10:29:10,645 - Epoch: 38 Step: 50/79 | Loss: 1.6226382285822183e-05 | Time:1.1490037441253662
2025-03-15 10:29:11,756 - Epoch: 38 Step: 51/79 | Loss: 0.0025619815569370985 | Time:1.103600025177002
2025-03-15 10:29:12,944 - Epoch: 38 Step: 52/79 | Loss: 0.00011983902368228883 | Time:1.187821626663208
2025-03-15 10:29:13,992 - Epoch: 38 Step: 53/79 | Loss: 3.751957410713658e-05 | Time:1.0481657981872559
2025-03-15 10:29:15,510 - Epoch: 38 Step: 54/79 | Loss: 0.0005492694908753037 | Time:1.502657175064087
2025-03-15 10:29:16,761 - Epoch: 38 Step: 55/79 | Loss: 0.006003727670758963 | Time:1.2510058879852295
2025-03-15 10:29:18,356 - Epoch: 38 Step: 56/79 | Loss: 0.0003359366091899574 | Time:1.5946376323699951
2025-03-15 10:29:19,451 - Epoch: 38 Step: 57/79 | Loss: 0.003118261694908142 | Time:1.110987901687622
2025-03-15 10:29:20,578 - Epoch: 38 Step: 58/79 | Loss: 0.00021367124281823635 | Time:1.1109817028045654
2025-03-15 10:29:22,065 - Epoch: 38 Step: 59/79 | Loss: 0.00014830028521828353 | Time:1.50272798538208
2025-03-15 10:29:23,207 - Epoch: 38 Step: 60/79 | Loss: 5.243137275101617e-05 | Time:1.1261849403381348
2025-03-15 10:29:24,364 - Epoch: 38 Step: 61/79 | Loss: 7.560603989986703e-05 | Time:1.1726162433624268
2025-03-15 10:29:25,663 - Epoch: 38 Step: 62/79 | Loss: 0.0007593939662910998 | Time:1.2982540130615234
2025-03-15 10:29:26,711 - Epoch: 38 Step: 63/79 | Loss: 1.4852391359454487e-05 | Time:1.0485866069793701
2025-03-15 10:29:28,134 - Epoch: 38 Step: 64/79 | Loss: 0.0005026041180826724 | Time:1.4229750633239746
2025-03-15 10:29:29,526 - Epoch: 38 Step: 65/79 | Loss: 3.142715650028549e-05 | Time:1.3922967910766602
2025-03-15 10:29:30,746 - Epoch: 38 Step: 66/79 | Loss: 0.0011616665869951248 | Time:1.2200915813446045
2025-03-15 10:29:31,904 - Epoch: 38 Step: 67/79 | Loss: 0.010817048139870167 | Time:1.157407283782959
2025-03-15 10:29:33,047 - Epoch: 38 Step: 68/79 | Loss: 7.81253693276085e-05 | Time:1.1434922218322754
2025-03-15 10:29:34,079 - Epoch: 38 Step: 69/79 | Loss: 2.97278802463552e-05 | Time:1.0324132442474365
2025-03-15 10:29:35,347 - Epoch: 38 Step: 70/79 | Loss: 0.028864648193120956 | Time:1.2673587799072266
2025-03-15 10:29:36,521 - Epoch: 38 Step: 71/79 | Loss: 0.0003429810458328575 | Time:1.158914566040039
2025-03-15 10:29:37,593 - Epoch: 38 Step: 72/79 | Loss: 4.8123227315954864e-05 | Time:1.079552412033081
2025-03-15 10:29:38,727 - Epoch: 38 Step: 73/79 | Loss: 2.1903046217630617e-05 | Time:1.1417872905731201
2025-03-15 10:29:39,885 - Epoch: 38 Step: 74/79 | Loss: 0.00012338266242295504 | Time:1.1576175689697266
2025-03-15 10:29:41,064 - Epoch: 38 Step: 75/79 | Loss: 0.00018959750013891608 | Time:1.1727700233459473
2025-03-15 10:29:42,074 - Epoch: 38 Step: 76/79 | Loss: 1.0527258382353466e-05 | Time:1.0163159370422363
2025-03-15 10:29:43,128 - Epoch: 38 Step: 77/79 | Loss: 0.00019075523596256971 | Time:1.0541460514068604
2025-03-15 10:29:44,411 - Epoch: 38 Step: 78/79 | Loss: 0.00010753251990536228 | Time:1.2669129371643066
2025-03-15 10:29:44,551 - Epoch: 38 Step: 79/79 | Loss: 2.384174422331853e-06 | Time:0.21882319450378418
2025-03-15 10:29:45,459 - Val_Epoch:38.0 Step: 1/32 | Loss: 0.0911412313580513 | Time:0
2025-03-15 10:29:46,491 - Val_Epoch:38.0 Step: 2/32 | Loss: 0.2971632182598114 | Time:0.8917746543884277
2025-03-15 10:29:47,851 - Val_Epoch:38.0 Step: 3/32 | Loss: 0.7870791554450989 | Time:1.032071828842163
2025-03-15 10:29:48,885 - Val_Epoch:38.0 Step: 4/32 | Loss: 0.4534108638763428 | Time:1.360567331314087
2025-03-15 10:29:49,902 - Val_Epoch:38.0 Step: 5/32 | Loss: 0.0007391510880552232 | Time:1.0336296558380127
2025-03-15 10:29:50,871 - Val_Epoch:38.0 Step: 6/32 | Loss: 0.5752536058425903 | Time:1.0168962478637695
2025-03-15 10:29:51,888 - Val_Epoch:38.0 Step: 7/32 | Loss: 0.24915699660778046 | Time:0.9692168235778809
2025-03-15 10:29:53,375 - Val_Epoch:38.0 Step: 8/32 | Loss: 0.07573573291301727 | Time:1.0167009830474854
2025-03-15 10:29:54,454 - Val_Epoch:38.0 Step: 9/32 | Loss: 0.1386316567659378 | Time:1.5027058124542236
2025-03-15 10:29:55,518 - Val_Epoch:38.0 Step: 10/32 | Loss: 0.012892285361886024 | Time:1.0638599395751953
2025-03-15 10:29:56,769 - Val_Epoch:38.0 Step: 11/32 | Loss: 0.681821882724762 | Time:1.0635771751403809
2025-03-15 10:29:57,865 - Val_Epoch:38.0 Step: 12/32 | Loss: 0.1877329796552658 | Time:1.2515144348144531
2025-03-15 10:29:58,867 - Val_Epoch:38.0 Step: 13/32 | Loss: 0.5757932662963867 | Time:1.0959327220916748
2025-03-15 10:29:59,930 - Val_Epoch:38.0 Step: 14/32 | Loss: 0.031621381640434265 | Time:1.0018925666809082
2025-03-15 10:30:00,916 - Val_Epoch:38.0 Step: 15/32 | Loss: 0.07963450253009796 | Time:1.0625720024108887
2025-03-15 10:30:02,106 - Val_Epoch:38.0 Step: 16/32 | Loss: 0.5896009206771851 | Time:0.9859442710876465
2025-03-15 10:30:03,247 - Val_Epoch:38.0 Step: 17/32 | Loss: 0.0003849753993563354 | Time:1.1903364658355713
2025-03-15 10:30:04,405 - Val_Epoch:38.0 Step: 18/32 | Loss: 0.36214470863342285 | Time:1.140763521194458
2025-03-15 10:30:05,500 - Val_Epoch:38.0 Step: 19/32 | Loss: 0.29726937413215637 | Time:1.158055305480957
2025-03-15 10:30:06,406 - Val_Epoch:38.0 Step: 20/32 | Loss: 0.3610140085220337 | Time:1.0953543186187744
2025-03-15 10:30:07,487 - Val_Epoch:38.0 Step: 21/32 | Loss: 0.13772346079349518 | Time:0.906252384185791
2025-03-15 10:30:08,457 - Val_Epoch:38.0 Step: 22/32 | Loss: 0.7590031623840332 | Time:1.080688238143921
2025-03-15 10:30:09,381 - Val_Epoch:38.0 Step: 23/32 | Loss: 0.486030250787735 | Time:0.9701991081237793
2025-03-15 10:30:10,491 - Val_Epoch:38.0 Step: 24/32 | Loss: 0.7888292670249939 | Time:0.9232628345489502
2025-03-15 10:30:11,539 - Val_Epoch:38.0 Step: 25/32 | Loss: 0.0023294598795473576 | Time:1.1102378368377686
2025-03-15 10:30:12,744 - Val_Epoch:38.0 Step: 26/32 | Loss: 0.20206834375858307 | Time:1.0485835075378418
2025-03-15 10:30:13,933 - Val_Epoch:38.0 Step: 27/32 | Loss: 0.636853814125061 | Time:1.2045085430145264
2025-03-15 10:30:14,982 - Val_Epoch:38.0 Step: 28/32 | Loss: 0.43834391236305237 | Time:1.188962459564209
2025-03-15 10:30:15,827 - Val_Epoch:38.0 Step: 29/32 | Loss: 0.12704035639762878 | Time:1.0487370491027832
2025-03-15 10:30:16,781 - Val_Epoch:38.0 Step: 30/32 | Loss: 0.00045302629587240517 | Time:0.8450107574462891
2025-03-15 10:30:17,907 - Val_Epoch:38.0 Step: 31/32 | Loss: 0.5931144952774048 | Time:0.9541175365447998
2025-03-15 10:30:18,103 - Val_Epoch:38.0 Step: 32/32 | Loss: 0.6997337937355042 | Time:1.1264171600341797
2025-03-15 10:30:18,104 - Validation - Accuracy: 0.9429429429429429, Precision: 0.9363295880149812, Recall: 0.8620689655172413, F1-Score: 0.8976660682226212
2025-03-15 10:30:18,107 - Saved model as model_epoch_38_acc_0.9429.pt
2025-03-15 10:30:18,108 - 
*** EPOCH: 39 ***

2025-03-15 10:30:19,330 - Epoch: 39 Step: 1/79 | Loss: 0.013090373948216438 | Time:1.0973231792449951
2025-03-15 10:30:20,551 - Epoch: 39 Step: 2/79 | Loss: 0.0019182843388989568 | Time:1.2829911708831787
2025-03-15 10:30:21,820 - Epoch: 39 Step: 3/79 | Loss: 4.072800948051736e-05 | Time:1.26596999168396
2025-03-15 10:30:23,052 - Epoch: 39 Step: 4/79 | Loss: 0.00028788112103939056 | Time:1.2351441383361816
2025-03-15 10:30:24,289 - Epoch: 39 Step: 5/79 | Loss: 0.00015060105943121016 | Time:1.2367448806762695
2025-03-15 10:30:25,398 - Epoch: 39 Step: 6/79 | Loss: 0.00013774266699329019 | Time:1.1095893383026123
2025-03-15 10:30:26,917 - Epoch: 39 Step: 7/79 | Loss: 0.00019308069022372365 | Time:1.5186817646026611
2025-03-15 10:30:27,918 - Epoch: 39 Step: 8/79 | Loss: 2.71566204901319e-05 | Time:1.0008678436279297
2025-03-15 10:30:29,161 - Epoch: 39 Step: 9/79 | Loss: 0.0003915429988410324 | Time:1.2352776527404785
2025-03-15 10:30:30,436 - Epoch: 39 Step: 10/79 | Loss: 0.00014650450611952692 | Time:1.2829539775848389
2025-03-15 10:30:31,640 - Epoch: 39 Step: 11/79 | Loss: 2.697981290111784e-05 | Time:1.2044079303741455
2025-03-15 10:30:32,783 - Epoch: 39 Step: 12/79 | Loss: 2.9973174605402164e-05 | Time:1.142669916152954
2025-03-15 10:30:34,144 - Epoch: 39 Step: 13/79 | Loss: 0.0007248248439282179 | Time:1.3613536357879639
2025-03-15 10:30:35,302 - Epoch: 39 Step: 14/79 | Loss: 3.7303194403648376e-05 | Time:1.1572697162628174
2025-03-15 10:30:36,583 - Epoch: 39 Step: 15/79 | Loss: 0.0008997715776786208 | Time:1.2814586162567139
2025-03-15 10:30:37,864 - Epoch: 39 Step: 16/79 | Loss: 7.306885527214035e-05 | Time:1.2877044677734375
2025-03-15 10:30:39,006 - Epoch: 39 Step: 17/79 | Loss: 0.00047669073683209717 | Time:1.1478664875030518
2025-03-15 10:30:40,336 - Epoch: 39 Step: 18/79 | Loss: 0.0025716442614793777 | Time:1.3172776699066162
2025-03-15 10:30:41,399 - Epoch: 39 Step: 19/79 | Loss: 3.629992716014385e-05 | Time:1.063511610031128
2025-03-15 10:30:42,386 - Epoch: 39 Step: 20/79 | Loss: 0.00020985235460102558 | Time:0.9713113307952881
2025-03-15 10:30:43,826 - Epoch: 39 Step: 21/79 | Loss: 0.00014938533422537148 | Time:1.4548616409301758
2025-03-15 10:30:45,217 - Epoch: 39 Step: 22/79 | Loss: 0.006822296418249607 | Time:1.3909623622894287
2025-03-15 10:30:46,311 - Epoch: 39 Step: 23/79 | Loss: 4.654328222386539e-05 | Time:1.0948328971862793
2025-03-15 10:30:47,533 - Epoch: 39 Step: 24/79 | Loss: 1.9571038137655705e-05 | Time:1.221665620803833
2025-03-15 10:30:48,566 - Epoch: 39 Step: 25/79 | Loss: 9.226255497196689e-05 | Time:1.0323905944824219
2025-03-15 10:30:49,817 - Epoch: 39 Step: 26/79 | Loss: 0.021138504147529602 | Time:1.2511231899261475
2025-03-15 10:30:50,975 - Epoch: 39 Step: 27/79 | Loss: 0.0005204775370657444 | Time:1.15814208984375
2025-03-15 10:30:52,243 - Epoch: 39 Step: 28/79 | Loss: 4.8664776841178536e-05 | Time:1.2671470642089844
2025-03-15 10:30:53,478 - Epoch: 39 Step: 29/79 | Loss: 2.1388530512922443e-05 | Time:1.2365474700927734
2025-03-15 10:30:54,558 - Epoch: 39 Step: 30/79 | Loss: 0.00028440041933208704 | Time:1.0792407989501953
2025-03-15 10:30:55,731 - Epoch: 39 Step: 31/79 | Loss: 0.00014476697833742946 | Time:1.1734395027160645
2025-03-15 10:30:56,889 - Epoch: 39 Step: 32/79 | Loss: 1.4785017810936552e-05 | Time:1.1580350399017334
2025-03-15 10:30:58,001 - Epoch: 39 Step: 33/79 | Loss: 0.003031263593584299 | Time:1.111473560333252
2025-03-15 10:30:59,268 - Epoch: 39 Step: 34/79 | Loss: 3.609961277106777e-05 | Time:1.267155408859253
2025-03-15 10:31:00,442 - Epoch: 39 Step: 35/79 | Loss: 1.3212858902988955e-05 | Time:1.1741619110107422
2025-03-15 10:31:01,649 - Epoch: 39 Step: 36/79 | Loss: 4.1579653043299913e-05 | Time:1.2046723365783691
2025-03-15 10:31:02,867 - Epoch: 39 Step: 37/79 | Loss: 0.00022348921629600227 | Time:1.2203218936920166
2025-03-15 10:31:04,161 - Epoch: 39 Step: 38/79 | Loss: 0.00010164459672523662 | Time:1.2833325862884521
2025-03-15 10:31:05,416 - Epoch: 39 Step: 39/79 | Loss: 2.065880471491255e-05 | Time:1.2503221035003662
2025-03-15 10:31:06,730 - Epoch: 39 Step: 40/79 | Loss: 0.0002630495000630617 | Time:1.3299424648284912
2025-03-15 10:31:07,701 - Epoch: 39 Step: 41/79 | Loss: 1.7641676095081493e-05 | Time:0.970637321472168
2025-03-15 10:31:08,859 - Epoch: 39 Step: 42/79 | Loss: 0.0005997958942316473 | Time:1.1418237686157227
2025-03-15 10:31:10,297 - Epoch: 39 Step: 43/79 | Loss: 0.00023586473253089935 | Time:1.438500165939331
2025-03-15 10:31:11,533 - Epoch: 39 Step: 44/79 | Loss: 1.7042530089383945e-05 | Time:1.2514703273773193
2025-03-15 10:31:12,769 - Epoch: 39 Step: 45/79 | Loss: 0.00011701623589033261 | Time:1.2360069751739502
2025-03-15 10:31:14,068 - Epoch: 39 Step: 46/79 | Loss: 5.513380983757088e-06 | Time:1.2992842197418213
2025-03-15 10:31:15,337 - Epoch: 39 Step: 47/79 | Loss: 0.0001945703406818211 | Time:1.2679784297943115
2025-03-15 10:31:16,541 - Epoch: 39 Step: 48/79 | Loss: 5.442730616778135e-05 | Time:1.2048156261444092
2025-03-15 10:31:17,824 - Epoch: 39 Step: 49/79 | Loss: 0.00045523312292061746 | Time:1.266524314880371
2025-03-15 10:31:19,106 - Epoch: 39 Step: 50/79 | Loss: 4.165918653598055e-05 | Time:1.2986624240875244
2025-03-15 10:31:20,138 - Epoch: 39 Step: 51/79 | Loss: 4.286272815079428e-05 | Time:1.0166058540344238
2025-03-15 10:31:21,281 - Epoch: 39 Step: 52/79 | Loss: 0.0001693110098131001 | Time:1.1576955318450928
2025-03-15 10:31:22,532 - Epoch: 39 Step: 53/79 | Loss: 0.0001328029902651906 | Time:1.2358524799346924
2025-03-15 10:31:24,003 - Epoch: 39 Step: 54/79 | Loss: 0.009804644621908665 | Time:1.4866340160369873
2025-03-15 10:31:25,222 - Epoch: 39 Step: 55/79 | Loss: 0.00016300393326673657 | Time:1.2194859981536865
2025-03-15 10:31:26,214 - Epoch: 39 Step: 56/79 | Loss: 3.679776637000032e-05 | Time:0.9851953983306885
2025-03-15 10:31:27,240 - Epoch: 39 Step: 57/79 | Loss: 1.4427246242121328e-05 | Time:1.0324671268463135
2025-03-15 10:31:28,570 - Epoch: 39 Step: 58/79 | Loss: 0.00013535001198761165 | Time:1.3327991962432861
2025-03-15 10:31:29,822 - Epoch: 39 Step: 59/79 | Loss: 9.312074689660221e-05 | Time:1.2491049766540527
2025-03-15 10:31:30,964 - Epoch: 39 Step: 60/79 | Loss: 7.621211989317089e-05 | Time:1.1259486675262451
2025-03-15 10:31:32,012 - Epoch: 39 Step: 61/79 | Loss: 5.9797708672704175e-05 | Time:1.0480835437774658
2025-03-15 10:31:33,154 - Epoch: 39 Step: 62/79 | Loss: 9.688194404589012e-05 | Time:1.1531281471252441
2025-03-15 10:31:34,515 - Epoch: 39 Step: 63/79 | Loss: 0.0001819520548451692 | Time:1.365985631942749
2025-03-15 10:31:35,923 - Epoch: 39 Step: 64/79 | Loss: 0.00017791033315006644 | Time:1.4078764915466309
2025-03-15 10:31:36,925 - Epoch: 39 Step: 65/79 | Loss: 3.120848487014882e-05 | Time:1.0020132064819336
2025-03-15 10:31:38,302 - Epoch: 39 Step: 66/79 | Loss: 0.00021079818543512374 | Time:1.3769264221191406
2025-03-15 10:31:39,537 - Epoch: 39 Step: 67/79 | Loss: 2.088418295898009e-05 | Time:1.2353787422180176
2025-03-15 10:31:40,663 - Epoch: 39 Step: 68/79 | Loss: 0.0005557516124099493 | Time:1.110273838043213
2025-03-15 10:31:42,056 - Epoch: 39 Step: 69/79 | Loss: 0.026126738637685776 | Time:1.4085309505462646
2025-03-15 10:31:43,312 - Epoch: 39 Step: 70/79 | Loss: 0.013339348137378693 | Time:1.251828670501709
2025-03-15 10:31:44,544 - Epoch: 39 Step: 71/79 | Loss: 0.0003658694331534207 | Time:1.2362020015716553
2025-03-15 10:31:45,763 - Epoch: 39 Step: 72/79 | Loss: 0.00013179521192796528 | Time:1.2033112049102783
2025-03-15 10:31:46,953 - Epoch: 39 Step: 73/79 | Loss: 2.5512412321404554e-05 | Time:1.2078664302825928
2025-03-15 10:31:48,235 - Epoch: 39 Step: 74/79 | Loss: 0.0003531082475092262 | Time:1.2797188758850098
2025-03-15 10:31:49,424 - Epoch: 39 Step: 75/79 | Loss: 4.828903911402449e-05 | Time:1.1737282276153564
2025-03-15 10:31:50,754 - Epoch: 39 Step: 76/79 | Loss: 7.835857104510069e-05 | Time:1.3450376987457275
2025-03-15 10:31:52,022 - Epoch: 39 Step: 77/79 | Loss: 6.206333637237549e-05 | Time:1.2669525146484375
2025-03-15 10:31:53,225 - Epoch: 39 Step: 78/79 | Loss: 2.4574252165621147e-05 | Time:1.2042701244354248
2025-03-15 10:31:53,366 - Epoch: 39 Step: 79/79 | Loss: 3.039827788597904e-06 | Time:0.1874558925628662
2025-03-15 10:31:54,258 - Val_Epoch:39.0 Step: 1/32 | Loss: 0.12104698270559311 | Time:0
2025-03-15 10:31:55,291 - Val_Epoch:39.0 Step: 2/32 | Loss: 0.3219134509563446 | Time:0.8923418521881104
2025-03-15 10:31:56,635 - Val_Epoch:39.0 Step: 3/32 | Loss: 0.7202634215354919 | Time:1.0333902835845947
2025-03-15 10:31:57,683 - Val_Epoch:39.0 Step: 4/32 | Loss: 0.4496496319770813 | Time:1.3435313701629639
2025-03-15 10:31:58,699 - Val_Epoch:39.0 Step: 5/32 | Loss: 0.0017752253916114569 | Time:1.047677755355835
2025-03-15 10:31:59,653 - Val_Epoch:39.0 Step: 6/32 | Loss: 0.5276310443878174 | Time:1.0165338516235352
2025-03-15 10:32:00,653 - Val_Epoch:39.0 Step: 7/32 | Loss: 0.11195787042379379 | Time:0.9537408351898193
2025-03-15 10:32:02,138 - Val_Epoch:39.0 Step: 8/32 | Loss: 0.01793750375509262 | Time:1.0155584812164307
2025-03-15 10:32:03,201 - Val_Epoch:39.0 Step: 9/32 | Loss: 0.17706020176410675 | Time:1.4698505401611328
2025-03-15 10:32:04,264 - Val_Epoch:39.0 Step: 10/32 | Loss: 0.0038933255709707737 | Time:1.0630381107330322
2025-03-15 10:32:05,499 - Val_Epoch:39.0 Step: 11/32 | Loss: 0.6067502498626709 | Time:1.0629630088806152
2025-03-15 10:32:06,594 - Val_Epoch:39.0 Step: 12/32 | Loss: 0.25732845067977905 | Time:1.2348294258117676
2025-03-15 10:32:07,578 - Val_Epoch:39.0 Step: 13/32 | Loss: 0.42218783497810364 | Time:1.0944809913635254
2025-03-15 10:32:08,626 - Val_Epoch:39.0 Step: 14/32 | Loss: 0.0680261179804802 | Time:0.9846072196960449
2025-03-15 10:32:09,596 - Val_Epoch:39.0 Step: 15/32 | Loss: 0.09728503227233887 | Time:1.0473318099975586
2025-03-15 10:32:10,814 - Val_Epoch:39.0 Step: 16/32 | Loss: 0.5223191976547241 | Time:0.9700303077697754
2025-03-15 10:32:11,940 - Val_Epoch:39.0 Step: 17/32 | Loss: 0.0001898023474495858 | Time:1.2186706066131592
2025-03-15 10:32:13,081 - Val_Epoch:39.0 Step: 18/32 | Loss: 0.3422907292842865 | Time:1.1257672309875488
2025-03-15 10:32:14,207 - Val_Epoch:39.0 Step: 19/32 | Loss: 0.2773965895175934 | Time:1.1413943767547607
2025-03-15 10:32:15,098 - Val_Epoch:39.0 Step: 20/32 | Loss: 0.3432774543762207 | Time:1.1256916522979736
2025-03-15 10:32:16,161 - Val_Epoch:39.0 Step: 21/32 | Loss: 0.060917437076568604 | Time:0.8909165859222412
2025-03-15 10:32:17,146 - Val_Epoch:39.0 Step: 22/32 | Loss: 0.5555964708328247 | Time:1.0628509521484375
2025-03-15 10:32:18,052 - Val_Epoch:39.0 Step: 23/32 | Loss: 0.2829096019268036 | Time:0.9846839904785156
2025-03-15 10:32:19,146 - Val_Epoch:39.0 Step: 24/32 | Loss: 0.5717141628265381 | Time:0.9061245918273926
2025-03-15 10:32:20,202 - Val_Epoch:39.0 Step: 25/32 | Loss: 0.004905147943645716 | Time:1.0939807891845703
2025-03-15 10:32:21,409 - Val_Epoch:39.0 Step: 26/32 | Loss: 0.16458092629909515 | Time:1.0561139583587646
2025-03-15 10:32:22,580 - Val_Epoch:39.0 Step: 27/32 | Loss: 0.5028374195098877 | Time:1.2074542045593262
2025-03-15 10:32:23,629 - Val_Epoch:39.0 Step: 28/32 | Loss: 0.4265519976615906 | Time:1.1706867218017578
2025-03-15 10:32:24,482 - Val_Epoch:39.0 Step: 29/32 | Loss: 0.17013978958129883 | Time:1.0488770008087158
2025-03-15 10:32:25,421 - Val_Epoch:39.0 Step: 30/32 | Loss: 0.000516751897521317 | Time:0.8544905185699463
2025-03-15 10:32:26,538 - Val_Epoch:39.0 Step: 31/32 | Loss: 0.4077598452568054 | Time:0.9372994899749756
2025-03-15 10:32:26,726 - Val_Epoch:39.0 Step: 32/32 | Loss: 0.8097559809684753 | Time:1.1177926063537598
2025-03-15 10:32:26,726 - Validation - Accuracy: 0.9469469469469469, Precision: 0.9187279151943463, Recall: 0.896551724137931, F1-Score: 0.9075043630017452
2025-03-15 10:32:26,741 - Saved model as model_epoch_39_acc_0.9469.pt
2025-03-15 10:32:26,741 - 
*** EPOCH: 40 ***

2025-03-15 10:32:27,992 - Epoch: 40 Step: 1/79 | Loss: 0.00029640385764651 | Time:1.1721525192260742
2025-03-15 10:32:29,320 - Epoch: 40 Step: 2/79 | Loss: 3.058346192119643e-05 | Time:1.344271183013916
2025-03-15 10:32:30,415 - Epoch: 40 Step: 3/79 | Loss: 0.00013678976392839104 | Time:1.0945346355438232
2025-03-15 10:32:31,822 - Epoch: 40 Step: 4/79 | Loss: 0.00030023575527593493 | Time:1.4068477153778076
2025-03-15 10:32:33,088 - Epoch: 40 Step: 5/79 | Loss: 0.0001875201123766601 | Time:1.266371488571167
2025-03-15 10:32:34,292 - Epoch: 40 Step: 6/79 | Loss: 0.0009101834148168564 | Time:1.2035491466522217
2025-03-15 10:32:35,542 - Epoch: 40 Step: 7/79 | Loss: 0.00010394168202765286 | Time:1.250781536102295
2025-03-15 10:32:36,762 - Epoch: 40 Step: 8/79 | Loss: 1.6062507711467333e-05 | Time:1.219053030014038
2025-03-15 10:32:38,074 - Epoch: 40 Step: 9/79 | Loss: 0.00025256589287891984 | Time:1.3128321170806885
2025-03-15 10:32:39,263 - Epoch: 40 Step: 10/79 | Loss: 3.634777385741472e-05 | Time:1.1888847351074219
2025-03-15 10:32:40,373 - Epoch: 40 Step: 11/79 | Loss: 1.7273037883569486e-05 | Time:1.1097469329833984
2025-03-15 10:32:41,830 - Epoch: 40 Step: 12/79 | Loss: 0.06967314332723618 | Time:1.4568672180175781
2025-03-15 10:32:42,925 - Epoch: 40 Step: 13/79 | Loss: 3.4996497561223805e-05 | Time:1.094792127609253
2025-03-15 10:32:44,208 - Epoch: 40 Step: 14/79 | Loss: 4.109682413400151e-05 | Time:1.2833943367004395
2025-03-15 10:32:45,320 - Epoch: 40 Step: 15/79 | Loss: 3.3256943424930796e-05 | Time:1.1195943355560303
2025-03-15 10:32:46,570 - Epoch: 40 Step: 16/79 | Loss: 0.00013192227925173938 | Time:1.2426581382751465
2025-03-15 10:32:47,774 - Epoch: 40 Step: 17/79 | Loss: 1.8881952200899832e-05 | Time:1.2039825916290283
2025-03-15 10:32:49,089 - Epoch: 40 Step: 18/79 | Loss: 0.0007002264028415084 | Time:1.3151049613952637
2025-03-15 10:32:50,278 - Epoch: 40 Step: 19/79 | Loss: 0.0005619550356641412 | Time:1.1881585121154785
2025-03-15 10:32:51,419 - Epoch: 40 Step: 20/79 | Loss: 8.077734673861414e-05 | Time:1.1265990734100342
2025-03-15 10:32:52,409 - Epoch: 40 Step: 21/79 | Loss: 9.85155493253842e-05 | Time:1.0002434253692627
2025-03-15 10:32:53,751 - Epoch: 40 Step: 22/79 | Loss: 0.0070114945992827415 | Time:1.3467090129852295
2025-03-15 10:32:54,909 - Epoch: 40 Step: 23/79 | Loss: 0.001532557769678533 | Time:1.1576323509216309
2025-03-15 10:32:56,254 - Epoch: 40 Step: 24/79 | Loss: 0.0008239445160143077 | Time:1.329590082168579
2025-03-15 10:32:57,412 - Epoch: 40 Step: 25/79 | Loss: 0.002353594172745943 | Time:1.1733489036560059
2025-03-15 10:32:58,678 - Epoch: 40 Step: 26/79 | Loss: 6.835743988631293e-05 | Time:1.2661619186401367
2025-03-15 10:32:59,977 - Epoch: 40 Step: 27/79 | Loss: 9.503840556135401e-05 | Time:1.2984962463378906
2025-03-15 10:33:01,150 - Epoch: 40 Step: 28/79 | Loss: 0.025417650118470192 | Time:1.1865355968475342
2025-03-15 10:33:02,307 - Epoch: 40 Step: 29/79 | Loss: 0.0017459933878853917 | Time:1.1444509029388428
2025-03-15 10:33:03,590 - Epoch: 40 Step: 30/79 | Loss: 0.0035172367934137583 | Time:1.2825469970703125
2025-03-15 10:33:04,591 - Epoch: 40 Step: 31/79 | Loss: 0.0001282041921513155 | Time:0.9855537414550781
2025-03-15 10:33:05,827 - Epoch: 40 Step: 32/79 | Loss: 0.00040142599027603865 | Time:1.2513747215270996
2025-03-15 10:33:07,157 - Epoch: 40 Step: 33/79 | Loss: 0.008221924304962158 | Time:1.329991340637207
2025-03-15 10:33:08,189 - Epoch: 40 Step: 34/79 | Loss: 1.9612034520832822e-05 | Time:1.0480749607086182
2025-03-15 10:33:09,301 - Epoch: 40 Step: 35/79 | Loss: 2.948234396171756e-05 | Time:1.094067096710205
2025-03-15 10:33:10,411 - Epoch: 40 Step: 36/79 | Loss: 3.618203481892124e-05 | Time:1.1119556427001953
2025-03-15 10:33:11,521 - Epoch: 40 Step: 37/79 | Loss: 7.165437273215503e-05 | Time:1.109663963317871
2025-03-15 10:33:12,740 - Epoch: 40 Step: 38/79 | Loss: 0.0006300870445556939 | Time:1.2194709777832031
2025-03-15 10:33:13,976 - Epoch: 40 Step: 39/79 | Loss: 0.0005782214575447142 | Time:1.2351374626159668
2025-03-15 10:33:14,945 - Epoch: 40 Step: 40/79 | Loss: 1.4088477655604947e-05 | Time:0.9696493148803711
2025-03-15 10:33:16,103 - Epoch: 40 Step: 41/79 | Loss: 3.2373220165027305e-05 | Time:1.1578736305236816
2025-03-15 10:33:17,291 - Epoch: 40 Step: 42/79 | Loss: 0.0005249107489362359 | Time:1.1725587844848633
2025-03-15 10:33:18,495 - Epoch: 40 Step: 43/79 | Loss: 0.00015767662262078375 | Time:1.220003366470337
2025-03-15 10:33:19,730 - Epoch: 40 Step: 44/79 | Loss: 4.897990220342763e-05 | Time:1.2341821193695068
2025-03-15 10:33:21,184 - Epoch: 40 Step: 45/79 | Loss: 0.00019825968774966896 | Time:1.4546234607696533
2025-03-15 10:33:22,200 - Epoch: 40 Step: 46/79 | Loss: 2.3655882614548318e-05 | Time:1.0159096717834473
2025-03-15 10:33:23,388 - Epoch: 40 Step: 47/79 | Loss: 7.167969306465238e-05 | Time:1.172865390777588
2025-03-15 10:33:24,639 - Epoch: 40 Step: 48/79 | Loss: 5.213116673985496e-05 | Time:1.2658696174621582
2025-03-15 10:33:25,780 - Epoch: 40 Step: 49/79 | Loss: 0.0002673358249012381 | Time:1.1410162448883057
2025-03-15 10:33:26,858 - Epoch: 40 Step: 50/79 | Loss: 2.7594944185693748e-05 | Time:1.0785558223724365
2025-03-15 10:33:28,062 - Epoch: 40 Step: 51/79 | Loss: 0.0003942816983908415 | Time:1.203676700592041
2025-03-15 10:33:29,297 - Epoch: 40 Step: 52/79 | Loss: 9.254545875592157e-05 | Time:1.2346556186676025
2025-03-15 10:33:30,485 - Epoch: 40 Step: 53/79 | Loss: 0.000925457919947803 | Time:1.1889781951904297
2025-03-15 10:33:31,596 - Epoch: 40 Step: 54/79 | Loss: 0.00021152693079784513 | Time:1.1100223064422607
2025-03-15 10:33:32,815 - Epoch: 40 Step: 55/79 | Loss: 7.414421270368621e-05 | Time:1.2190344333648682
2025-03-15 10:33:34,300 - Epoch: 40 Step: 56/79 | Loss: 0.00025756951072253287 | Time:1.4700288772583008
2025-03-15 10:33:35,613 - Epoch: 40 Step: 57/79 | Loss: 0.002933371113613248 | Time:1.3288438320159912
2025-03-15 10:33:36,942 - Epoch: 40 Step: 58/79 | Loss: 0.03792453557252884 | Time:1.328037977218628
2025-03-15 10:33:38,146 - Epoch: 40 Step: 59/79 | Loss: 2.5906534574460238e-05 | Time:1.2046992778778076
2025-03-15 10:33:39,491 - Epoch: 40 Step: 60/79 | Loss: 0.0001274969836231321 | Time:1.34535551071167
2025-03-15 10:33:40,524 - Epoch: 40 Step: 61/79 | Loss: 0.00012067814532201737 | Time:1.0325400829315186
2025-03-15 10:33:41,855 - Epoch: 40 Step: 62/79 | Loss: 0.0004580712120514363 | Time:1.3304035663604736
2025-03-15 10:33:43,012 - Epoch: 40 Step: 63/79 | Loss: 9.754706843523309e-05 | Time:1.1573965549468994
2025-03-15 10:33:44,327 - Epoch: 40 Step: 64/79 | Loss: 0.004233491141349077 | Time:1.3145885467529297
2025-03-15 10:33:45,843 - Epoch: 40 Step: 65/79 | Loss: 0.0008094346267171204 | Time:1.5183138847351074
2025-03-15 10:33:47,267 - Epoch: 40 Step: 66/79 | Loss: 0.015510470606386662 | Time:1.4300978183746338
2025-03-15 10:33:48,582 - Epoch: 40 Step: 67/79 | Loss: 0.0006370166083797812 | Time:1.2913987636566162
2025-03-15 10:33:49,582 - Epoch: 40 Step: 68/79 | Loss: 6.74547118251212e-05 | Time:1.0160722732543945
2025-03-15 10:33:50,881 - Epoch: 40 Step: 69/79 | Loss: 0.00025901049957610667 | Time:1.2989263534545898
2025-03-15 10:33:52,039 - Epoch: 40 Step: 70/79 | Loss: 0.0005608429783023894 | Time:1.1574406623840332
2025-03-15 10:33:53,078 - Epoch: 40 Step: 71/79 | Loss: 0.0006625220412388444 | Time:1.0338540077209473
2025-03-15 10:33:54,183 - Epoch: 40 Step: 72/79 | Loss: 0.0015064360341057181 | Time:1.1101245880126953
2025-03-15 10:33:55,496 - Epoch: 40 Step: 73/79 | Loss: 8.31146098789759e-05 | Time:1.3137028217315674
2025-03-15 10:33:56,561 - Epoch: 40 Step: 74/79 | Loss: 0.0002620489685796201 | Time:1.0645344257354736
2025-03-15 10:33:57,937 - Epoch: 40 Step: 75/79 | Loss: 0.00014418433420360088 | Time:1.3760781288146973
2025-03-15 10:33:59,065 - Epoch: 40 Step: 76/79 | Loss: 0.02278449945151806 | Time:1.1261887550354004
2025-03-15 10:34:00,457 - Epoch: 40 Step: 77/79 | Loss: 0.000363201426807791 | Time:1.3937110900878906
2025-03-15 10:34:01,771 - Epoch: 40 Step: 78/79 | Loss: 0.0005299656186252832 | Time:1.3142247200012207
2025-03-15 10:34:01,912 - Epoch: 40 Step: 79/79 | Loss: 2.8281343475100584e-05 | Time:0.1876053810119629
2025-03-15 10:34:02,819 - Val_Epoch:40.0 Step: 1/32 | Loss: 0.05361409857869148 | Time:0
2025-03-15 10:34:03,852 - Val_Epoch:40.0 Step: 2/32 | Loss: 0.23741590976715088 | Time:0.9065761566162109
2025-03-15 10:34:05,212 - Val_Epoch:40.0 Step: 3/32 | Loss: 0.5243014693260193 | Time:1.0331223011016846
2025-03-15 10:34:06,262 - Val_Epoch:40.0 Step: 4/32 | Loss: 0.3152012825012207 | Time:1.3605775833129883
2025-03-15 10:34:07,263 - Val_Epoch:40.0 Step: 5/32 | Loss: 8.24437738629058e-05 | Time:1.0494351387023926
2025-03-15 10:34:08,232 - Val_Epoch:40.0 Step: 6/32 | Loss: 0.5161406397819519 | Time:1.0009326934814453
2025-03-15 10:34:09,270 - Val_Epoch:40.0 Step: 7/32 | Loss: 0.1810659021139145 | Time:0.9692256450653076
2025-03-15 10:34:10,755 - Val_Epoch:40.0 Step: 8/32 | Loss: 0.15914760529994965 | Time:1.0383129119873047
2025-03-15 10:34:11,830 - Val_Epoch:40.0 Step: 9/32 | Loss: 0.14309732615947723 | Time:1.485302209854126
2025-03-15 10:34:12,894 - Val_Epoch:40.0 Step: 10/32 | Loss: 0.013321291655302048 | Time:1.0748310089111328
2025-03-15 10:34:14,146 - Val_Epoch:40.0 Step: 11/32 | Loss: 0.4380837678909302 | Time:1.0632832050323486
2025-03-15 10:34:15,251 - Val_Epoch:40.0 Step: 12/32 | Loss: 0.23984874784946442 | Time:1.2528820037841797
2025-03-15 10:34:16,241 - Val_Epoch:40.0 Step: 13/32 | Loss: 0.4233698844909668 | Time:1.1047484874725342
2025-03-15 10:34:17,274 - Val_Epoch:40.0 Step: 14/32 | Loss: 0.09502270817756653 | Time:0.990147590637207
2025-03-15 10:34:18,259 - Val_Epoch:40.0 Step: 15/32 | Loss: 0.2675137221813202 | Time:1.0330188274383545
2025-03-15 10:34:19,479 - Val_Epoch:40.0 Step: 16/32 | Loss: 0.6116644144058228 | Time:0.9917936325073242
2025-03-15 10:34:20,637 - Val_Epoch:40.0 Step: 17/32 | Loss: 0.006581183057278395 | Time:1.2133398056030273
2025-03-15 10:34:21,794 - Val_Epoch:40.0 Step: 18/32 | Loss: 0.26695993542671204 | Time:1.1580073833465576
2025-03-15 10:34:22,921 - Val_Epoch:40.0 Step: 19/32 | Loss: 0.296842098236084 | Time:1.156752347946167
2025-03-15 10:34:23,813 - Val_Epoch:40.0 Step: 20/32 | Loss: 0.3663703203201294 | Time:1.1266670227050781
2025-03-15 10:34:24,877 - Val_Epoch:40.0 Step: 21/32 | Loss: 0.06922249495983124 | Time:0.8916311264038086
2025-03-15 10:34:25,862 - Val_Epoch:40.0 Step: 22/32 | Loss: 0.6312919855117798 | Time:1.0643038749694824
2025-03-15 10:34:26,785 - Val_Epoch:40.0 Step: 23/32 | Loss: 0.6026833653450012 | Time:0.9852056503295898
2025-03-15 10:34:27,911 - Val_Epoch:40.0 Step: 24/32 | Loss: 0.7224845886230469 | Time:0.9230477809906006
2025-03-15 10:34:28,975 - Val_Epoch:40.0 Step: 25/32 | Loss: 0.008225374855101109 | Time:1.126129388809204
2025-03-15 10:34:30,164 - Val_Epoch:40.0 Step: 26/32 | Loss: 0.17580248415470123 | Time:1.0638086795806885
2025-03-15 10:34:31,368 - Val_Epoch:40.0 Step: 27/32 | Loss: 0.4839667081832886 | Time:1.1890718936920166
2025-03-15 10:34:32,418 - Val_Epoch:40.0 Step: 28/32 | Loss: 0.36572080850601196 | Time:1.2039680480957031
2025-03-15 10:34:33,261 - Val_Epoch:40.0 Step: 29/32 | Loss: 0.11682555824518204 | Time:1.0496635437011719
2025-03-15 10:34:34,215 - Val_Epoch:40.0 Step: 30/32 | Loss: 0.010388498194515705 | Time:0.8428997993469238
2025-03-15 10:34:35,357 - Val_Epoch:40.0 Step: 31/32 | Loss: 0.7552133202552795 | Time:0.9540629386901855
2025-03-15 10:34:35,551 - Val_Epoch:40.0 Step: 32/32 | Loss: 0.7581877112388611 | Time:1.142155647277832
2025-03-15 10:34:35,552 - Validation - Accuracy: 0.9419419419419419, Precision: 0.9496124031007752, Recall: 0.8448275862068966, F1-Score: 0.8941605839416058
2025-03-15 10:34:42,288 - Saved model as model_epoch_40_acc_0.9419.pt
2025-03-15 10:34:42,288 - 
*** EPOCH: 41 ***

2025-03-15 10:34:43,743 - Epoch: 41 Step: 1/79 | Loss: 0.0003136440645903349 | Time:1.3921175003051758
2025-03-15 10:34:44,946 - Epoch: 41 Step: 2/79 | Loss: 0.009625337086617947 | Time:1.2110538482666016
2025-03-15 10:34:46,432 - Epoch: 41 Step: 3/79 | Loss: 0.0003096668515354395 | Time:1.4790878295898438
2025-03-15 10:34:47,606 - Epoch: 41 Step: 4/79 | Loss: 0.0008245332282967865 | Time:1.172436237335205
2025-03-15 10:34:48,826 - Epoch: 41 Step: 5/79 | Loss: 0.009176978841423988 | Time:1.221022129058838
2025-03-15 10:34:50,188 - Epoch: 41 Step: 6/79 | Loss: 0.000554839672986418 | Time:1.3613109588623047
2025-03-15 10:34:51,314 - Epoch: 41 Step: 7/79 | Loss: 8.589747449150309e-05 | Time:1.1103594303131104
2025-03-15 10:34:52,331 - Epoch: 41 Step: 8/79 | Loss: 1.6230578694376163e-05 | Time:1.0329413414001465
2025-03-15 10:34:53,442 - Epoch: 41 Step: 9/79 | Loss: 0.00035364876384846866 | Time:1.1102702617645264
2025-03-15 10:34:54,802 - Epoch: 41 Step: 10/79 | Loss: 0.007235072087496519 | Time:1.3608756065368652
2025-03-15 10:34:56,086 - Epoch: 41 Step: 11/79 | Loss: 0.00026321958284825087 | Time:1.284174919128418
2025-03-15 10:34:57,274 - Epoch: 41 Step: 12/79 | Loss: 1.529840665170923e-05 | Time:1.1881141662597656
2025-03-15 10:34:58,323 - Epoch: 41 Step: 13/79 | Loss: 6.328181916614994e-05 | Time:1.048748254776001
2025-03-15 10:34:59,918 - Epoch: 41 Step: 14/79 | Loss: 0.004404366947710514 | Time:1.5948710441589355
2025-03-15 10:35:01,045 - Epoch: 41 Step: 15/79 | Loss: 3.449235009611584e-05 | Time:1.1265032291412354
2025-03-15 10:35:02,249 - Epoch: 41 Step: 16/79 | Loss: 0.00018810012261383235 | Time:1.204721212387085
2025-03-15 10:35:03,579 - Epoch: 41 Step: 17/79 | Loss: 9.432818478671834e-05 | Time:1.330019235610962
2025-03-15 10:35:04,643 - Epoch: 41 Step: 18/79 | Loss: 1.7698177543934435e-05 | Time:1.0640020370483398
2025-03-15 10:35:05,817 - Epoch: 41 Step: 19/79 | Loss: 4.823749986826442e-05 | Time:1.1730079650878906
2025-03-15 10:35:07,114 - Epoch: 41 Step: 20/79 | Loss: 0.00021585109061561525 | Time:1.282435655593872
2025-03-15 10:35:08,272 - Epoch: 41 Step: 21/79 | Loss: 0.00011160042777191848 | Time:1.1732866764068604
2025-03-15 10:35:09,382 - Epoch: 41 Step: 22/79 | Loss: 7.668374746572226e-05 | Time:1.11027193069458
2025-03-15 10:35:10,601 - Epoch: 41 Step: 23/79 | Loss: 0.0003425966133363545 | Time:1.2190306186676025
2025-03-15 10:35:11,555 - Epoch: 41 Step: 24/79 | Loss: 1.718774001346901e-05 | Time:0.9534337520599365
2025-03-15 10:35:12,727 - Epoch: 41 Step: 25/79 | Loss: 1.937436536536552e-05 | Time:1.1724135875701904
2025-03-15 10:35:14,051 - Epoch: 41 Step: 26/79 | Loss: 0.0010404895292595029 | Time:1.3241569995880127
2025-03-15 10:35:15,359 - Epoch: 41 Step: 27/79 | Loss: 0.0024588352534919977 | Time:1.2975115776062012
2025-03-15 10:35:16,648 - Epoch: 41 Step: 28/79 | Loss: 0.0002020560932578519 | Time:1.2987985610961914
2025-03-15 10:35:17,868 - Epoch: 41 Step: 29/79 | Loss: 0.0005686926306225359 | Time:1.2202773094177246
2025-03-15 10:35:19,401 - Epoch: 41 Step: 30/79 | Loss: 0.00040040985913947225 | Time:1.5329058170318604
2025-03-15 10:35:20,669 - Epoch: 41 Step: 31/79 | Loss: 0.0001844347862061113 | Time:1.2677955627441406
2025-03-15 10:35:22,139 - Epoch: 41 Step: 32/79 | Loss: 0.0001676000392762944 | Time:1.4541947841644287
2025-03-15 10:35:23,250 - Epoch: 41 Step: 33/79 | Loss: 0.00014324545918498188 | Time:1.1271696090698242
2025-03-15 10:35:24,376 - Epoch: 41 Step: 34/79 | Loss: 3.6209832614986226e-05 | Time:1.125669002532959
2025-03-15 10:35:25,752 - Epoch: 41 Step: 35/79 | Loss: 0.00010408242087578401 | Time:1.375730037689209
2025-03-15 10:35:26,815 - Epoch: 41 Step: 36/79 | Loss: 1.4825860489509068e-05 | Time:1.0641045570373535
2025-03-15 10:35:28,178 - Epoch: 41 Step: 37/79 | Loss: 0.00019887820235453546 | Time:1.373655080795288
2025-03-15 10:35:29,366 - Epoch: 41 Step: 38/79 | Loss: 0.0001715437538223341 | Time:1.161747694015503
2025-03-15 10:35:30,836 - Epoch: 41 Step: 39/79 | Loss: 7.416332664433867e-05 | Time:1.4854435920715332
2025-03-15 10:35:31,947 - Epoch: 41 Step: 40/79 | Loss: 2.09610334422905e-05 | Time:1.1105239391326904
2025-03-15 10:35:33,027 - Epoch: 41 Step: 41/79 | Loss: 0.0009262174135074019 | Time:1.0800402164459229
2025-03-15 10:35:34,262 - Epoch: 41 Step: 42/79 | Loss: 3.2382027711719275e-05 | Time:1.2359066009521484
2025-03-15 10:35:35,562 - Epoch: 41 Step: 43/79 | Loss: 2.0625422621378675e-05 | Time:1.2988874912261963
2025-03-15 10:35:36,844 - Epoch: 41 Step: 44/79 | Loss: 0.00025718475808389485 | Time:1.2909233570098877
2025-03-15 10:35:38,237 - Epoch: 41 Step: 45/79 | Loss: 2.3460786906071007e-05 | Time:1.384007453918457
2025-03-15 10:35:39,441 - Epoch: 41 Step: 46/79 | Loss: 0.00023122807033360004 | Time:1.2037427425384521
2025-03-15 10:35:40,787 - Epoch: 41 Step: 47/79 | Loss: 0.00021921163715887815 | Time:1.3312573432922363
2025-03-15 10:35:42,054 - Epoch: 41 Step: 48/79 | Loss: 0.0001648883626330644 | Time:1.282139539718628
2025-03-15 10:35:43,227 - Epoch: 41 Step: 49/79 | Loss: 0.00023149693151935935 | Time:1.1733660697937012
2025-03-15 10:35:44,510 - Epoch: 41 Step: 50/79 | Loss: 0.004978724289685488 | Time:1.2938878536224365
2025-03-15 10:35:45,730 - Epoch: 41 Step: 51/79 | Loss: 0.04678172245621681 | Time:1.2090063095092773
2025-03-15 10:35:46,824 - Epoch: 41 Step: 52/79 | Loss: 9.061904711415991e-05 | Time:1.0936493873596191
2025-03-15 10:35:48,186 - Epoch: 41 Step: 53/79 | Loss: 0.0006443054298870265 | Time:1.3621280193328857
2025-03-15 10:35:49,500 - Epoch: 41 Step: 54/79 | Loss: 0.0001925724500324577 | Time:1.298581838607788
2025-03-15 10:35:50,564 - Epoch: 41 Step: 55/79 | Loss: 3.653652674984187e-05 | Time:1.0841023921966553
2025-03-15 10:35:51,737 - Epoch: 41 Step: 56/79 | Loss: 1.913173582579475e-05 | Time:1.1688883304595947
2025-03-15 10:35:53,005 - Epoch: 41 Step: 57/79 | Loss: 0.005763144697993994 | Time:1.2674427032470703
2025-03-15 10:35:54,007 - Epoch: 41 Step: 58/79 | Loss: 7.401959010167047e-05 | Time:1.0013060569763184
2025-03-15 10:35:55,211 - Epoch: 41 Step: 59/79 | Loss: 2.8063739591743797e-05 | Time:1.204423427581787
2025-03-15 10:35:56,556 - Epoch: 41 Step: 60/79 | Loss: 4.1873136069625616e-05 | Time:1.3452022075653076
2025-03-15 10:35:57,683 - Epoch: 41 Step: 61/79 | Loss: 1.7451433450332843e-05 | Time:1.1267995834350586
2025-03-15 10:35:58,951 - Epoch: 41 Step: 62/79 | Loss: 0.00021965240011923015 | Time:1.2525794506072998
2025-03-15 10:36:00,140 - Epoch: 41 Step: 63/79 | Loss: 3.5401451896177605e-05 | Time:1.2051284313201904
2025-03-15 10:36:01,391 - Epoch: 41 Step: 64/79 | Loss: 0.000962910708039999 | Time:1.2510571479797363
2025-03-15 10:36:02,692 - Epoch: 41 Step: 65/79 | Loss: 0.00016719067934900522 | Time:1.2847275733947754
2025-03-15 10:36:03,694 - Epoch: 41 Step: 66/79 | Loss: 1.0326172741770279e-05 | Time:1.0174360275268555
2025-03-15 10:36:04,874 - Epoch: 41 Step: 67/79 | Loss: 0.0011061886325478554 | Time:1.1724176406860352
2025-03-15 10:36:05,835 - Epoch: 41 Step: 68/79 | Loss: 9.136572771240026e-05 | Time:0.9695584774017334
2025-03-15 10:36:07,181 - Epoch: 41 Step: 69/79 | Loss: 0.0002877031220123172 | Time:1.3460099697113037
2025-03-15 10:36:08,308 - Epoch: 41 Step: 70/79 | Loss: 1.2199261618661694e-05 | Time:1.126312017440796
2025-03-15 10:36:09,561 - Epoch: 41 Step: 71/79 | Loss: 0.0002680781180970371 | Time:1.25337553024292
2025-03-15 10:36:11,145 - Epoch: 41 Step: 72/79 | Loss: 0.0006840957212261856 | Time:1.5842649936676025
2025-03-15 10:36:12,256 - Epoch: 41 Step: 73/79 | Loss: 8.666719804750755e-05 | Time:1.110687017440796
2025-03-15 10:36:13,524 - Epoch: 41 Step: 74/79 | Loss: 0.001051318016834557 | Time:1.2675139904022217
2025-03-15 10:36:14,628 - Epoch: 41 Step: 75/79 | Loss: 3.178472979925573e-05 | Time:1.109201192855835
2025-03-15 10:36:15,701 - Epoch: 41 Step: 76/79 | Loss: 5.819345824420452e-05 | Time:1.0646543502807617
2025-03-15 10:36:16,917 - Epoch: 41 Step: 77/79 | Loss: 0.00018411193741485476 | Time:1.2191576957702637
2025-03-15 10:36:18,104 - Epoch: 41 Step: 78/79 | Loss: 7.022326462902129e-05 | Time:1.187894344329834
2025-03-15 10:36:18,293 - Epoch: 41 Step: 79/79 | Loss: 0.0001814046554500237 | Time:0.23810458183288574
2025-03-15 10:36:19,184 - Val_Epoch:41.0 Step: 1/32 | Loss: 0.11921484768390656 | Time:0
2025-03-15 10:36:20,217 - Val_Epoch:41.0 Step: 2/32 | Loss: 0.2900305390357971 | Time:0.8905649185180664
2025-03-15 10:36:21,593 - Val_Epoch:41.0 Step: 3/32 | Loss: 0.45071882009506226 | Time:1.0334374904632568
2025-03-15 10:36:22,640 - Val_Epoch:41.0 Step: 4/32 | Loss: 0.3656772971153259 | Time:1.3756747245788574
2025-03-15 10:36:23,640 - Val_Epoch:41.0 Step: 5/32 | Loss: 0.0010201934492215514 | Time:1.0476582050323486
2025-03-15 10:36:24,610 - Val_Epoch:41.0 Step: 6/32 | Loss: 0.4457179307937622 | Time:0.9998669624328613
2025-03-15 10:36:25,660 - Val_Epoch:41.0 Step: 7/32 | Loss: 0.09007737040519714 | Time:0.9698493480682373
2025-03-15 10:36:27,145 - Val_Epoch:41.0 Step: 8/32 | Loss: 0.025526754558086395 | Time:1.049818754196167
2025-03-15 10:36:28,210 - Val_Epoch:41.0 Step: 9/32 | Loss: 0.20934687554836273 | Time:1.4848778247833252
2025-03-15 10:36:29,258 - Val_Epoch:41.0 Step: 10/32 | Loss: 0.002595956204459071 | Time:1.0653371810913086
2025-03-15 10:36:30,525 - Val_Epoch:41.0 Step: 11/32 | Loss: 0.4546452760696411 | Time:1.0473017692565918
2025-03-15 10:36:31,604 - Val_Epoch:41.0 Step: 12/32 | Loss: 0.23930755257606506 | Time:1.2829341888427734
2025-03-15 10:36:32,589 - Val_Epoch:41.0 Step: 13/32 | Loss: 0.30618271231651306 | Time:1.0632522106170654
2025-03-15 10:36:33,623 - Val_Epoch:41.0 Step: 14/32 | Loss: 0.039838917553424835 | Time:0.9856514930725098
2025-03-15 10:36:34,624 - Val_Epoch:41.0 Step: 15/32 | Loss: 0.23919543623924255 | Time:1.0335009098052979
2025-03-15 10:36:35,843 - Val_Epoch:41.0 Step: 16/32 | Loss: 0.6072875261306763 | Time:1.0011754035949707
2025-03-15 10:36:36,986 - Val_Epoch:41.0 Step: 17/32 | Loss: 0.00011384320532670245 | Time:1.2190546989440918
2025-03-15 10:36:38,159 - Val_Epoch:41.0 Step: 18/32 | Loss: 0.2578626871109009 | Time:1.1424779891967773
2025-03-15 10:36:39,270 - Val_Epoch:41.0 Step: 19/32 | Loss: 0.2796292006969452 | Time:1.1732428073883057
2025-03-15 10:36:40,176 - Val_Epoch:41.0 Step: 20/32 | Loss: 0.34972289204597473 | Time:1.1110706329345703
2025-03-15 10:36:41,241 - Val_Epoch:41.0 Step: 21/32 | Loss: 0.023337693884968758 | Time:0.9068424701690674
2025-03-15 10:36:42,227 - Val_Epoch:41.0 Step: 22/32 | Loss: 0.4776918292045593 | Time:1.064359426498413
2025-03-15 10:36:43,149 - Val_Epoch:41.0 Step: 23/32 | Loss: 0.32093578577041626 | Time:0.985602855682373
2025-03-15 10:36:44,276 - Val_Epoch:41.0 Step: 24/32 | Loss: 0.5010035634040833 | Time:0.9218640327453613
2025-03-15 10:36:45,324 - Val_Epoch:41.0 Step: 25/32 | Loss: 0.0006072164396755397 | Time:1.1270699501037598
2025-03-15 10:36:46,528 - Val_Epoch:41.0 Step: 26/32 | Loss: 0.14408738911151886 | Time:1.0481293201446533
2025-03-15 10:36:47,702 - Val_Epoch:41.0 Step: 27/32 | Loss: 0.43594709038734436 | Time:1.2043468952178955
2025-03-15 10:36:48,765 - Val_Epoch:41.0 Step: 28/32 | Loss: 0.40901705622673035 | Time:1.1739087104797363
2025-03-15 10:36:49,609 - Val_Epoch:41.0 Step: 29/32 | Loss: 0.16877399384975433 | Time:1.0627529621124268
2025-03-15 10:36:50,546 - Val_Epoch:41.0 Step: 30/32 | Loss: 0.04439985007047653 | Time:0.8441462516784668
2025-03-15 10:36:51,672 - Val_Epoch:41.0 Step: 31/32 | Loss: 0.5940154194831848 | Time:0.9373667240142822
2025-03-15 10:36:51,922 - Val_Epoch:41.0 Step: 32/32 | Loss: 0.9029529690742493 | Time:1.1254324913024902
2025-03-15 10:36:51,922 - Validation - Accuracy: 0.9529529529529529, Precision: 0.9323843416370107, Recall: 0.903448275862069, F1-Score: 0.9176882661996497
2025-03-15 10:36:51,922 - Saved model as model_epoch_41_acc_0.9530.pt
2025-03-15 10:36:51,922 - 
*** EPOCH: 42 ***

2025-03-15 10:36:53,109 - Epoch: 42 Step: 1/79 | Loss: 3.924129850929603e-05 | Time:1.1097266674041748
2025-03-15 10:36:54,471 - Epoch: 42 Step: 2/79 | Loss: 0.0023163456935435534 | Time:1.3763542175292969
2025-03-15 10:36:55,753 - Epoch: 42 Step: 3/79 | Loss: 0.0005743883084505796 | Time:1.282477617263794
2025-03-15 10:36:57,019 - Epoch: 42 Step: 4/79 | Loss: 1.5227517906168941e-05 | Time:1.2665646076202393
2025-03-15 10:36:58,316 - Epoch: 42 Step: 5/79 | Loss: 0.00014156659017316997 | Time:1.281635046005249
2025-03-15 10:36:59,270 - Epoch: 42 Step: 6/79 | Loss: 0.000229160999879241 | Time:0.9686295986175537
2025-03-15 10:37:00,442 - Epoch: 42 Step: 7/79 | Loss: 0.00026317351148463786 | Time:1.1877851486206055
2025-03-15 10:37:01,536 - Epoch: 42 Step: 8/79 | Loss: 0.0006995065486989915 | Time:1.0789661407470703
2025-03-15 10:37:02,630 - Epoch: 42 Step: 9/79 | Loss: 0.000143081255373545 | Time:1.0935323238372803
2025-03-15 10:37:03,786 - Epoch: 42 Step: 10/79 | Loss: 9.128059900831431e-05 | Time:1.1560907363891602
2025-03-15 10:37:05,192 - Epoch: 42 Step: 11/79 | Loss: 0.004656694829463959 | Time:1.4062964916229248
2025-03-15 10:37:06,396 - Epoch: 42 Step: 12/79 | Loss: 7.301136793103069e-05 | Time:1.20399808883667
2025-03-15 10:37:07,537 - Epoch: 42 Step: 13/79 | Loss: 0.00023287112708203495 | Time:1.1409027576446533
2025-03-15 10:37:08,678 - Epoch: 42 Step: 14/79 | Loss: 1.0586744792817626e-05 | Time:1.140577793121338
2025-03-15 10:37:09,803 - Epoch: 42 Step: 15/79 | Loss: 9.499770385446027e-05 | Time:1.1256604194641113
2025-03-15 10:37:10,850 - Epoch: 42 Step: 16/79 | Loss: 0.00013018008030485362 | Time:1.046666145324707
2025-03-15 10:37:11,929 - Epoch: 42 Step: 17/79 | Loss: 2.1888568880967796e-05 | Time:1.0789368152618408
2025-03-15 10:37:13,117 - Epoch: 42 Step: 18/79 | Loss: 2.1410876797745004e-05 | Time:1.1882798671722412
2025-03-15 10:37:14,446 - Epoch: 42 Step: 19/79 | Loss: 0.002449985593557358 | Time:1.3132195472717285
2025-03-15 10:37:15,478 - Epoch: 42 Step: 20/79 | Loss: 6.436837429646403e-05 | Time:1.0481977462768555
2025-03-15 10:37:16,588 - Epoch: 42 Step: 21/79 | Loss: 0.0005692134145647287 | Time:1.1095082759857178
2025-03-15 10:37:17,729 - Epoch: 42 Step: 22/79 | Loss: 6.051745731383562e-05 | Time:1.156512975692749
2025-03-15 10:37:18,965 - Epoch: 42 Step: 23/79 | Loss: 0.0004027710238005966 | Time:1.219330072402954
2025-03-15 10:37:20,090 - Epoch: 42 Step: 24/79 | Loss: 0.00045724157826043665 | Time:1.1263813972473145
2025-03-15 10:37:21,341 - Epoch: 42 Step: 25/79 | Loss: 0.005447446368634701 | Time:1.2503390312194824
2025-03-15 10:37:22,356 - Epoch: 42 Step: 26/79 | Loss: 8.416322816628963e-05 | Time:1.0312066078186035
2025-03-15 10:37:23,421 - Epoch: 42 Step: 27/79 | Loss: 2.128084270225372e-05 | Time:1.0480687618255615
2025-03-15 10:37:24,795 - Epoch: 42 Step: 28/79 | Loss: 0.0020942038390785456 | Time:1.3754777908325195
2025-03-15 10:37:26,093 - Epoch: 42 Step: 29/79 | Loss: 0.0004942610976286232 | Time:1.3053059577941895
2025-03-15 10:37:27,202 - Epoch: 42 Step: 30/79 | Loss: 5.2595347369788215e-05 | Time:1.1016910076141357
2025-03-15 10:37:28,469 - Epoch: 42 Step: 31/79 | Loss: 3.178092447342351e-05 | Time:1.2660026550292969
2025-03-15 10:37:29,891 - Epoch: 42 Step: 32/79 | Loss: 5.078394679003395e-05 | Time:1.4227735996246338
2025-03-15 10:37:31,251 - Epoch: 42 Step: 33/79 | Loss: 0.00020176345424260944 | Time:1.3602352142333984
2025-03-15 10:37:33,019 - Epoch: 42 Step: 34/79 | Loss: 0.00047389543033204973 | Time:1.767348289489746
2025-03-15 10:37:34,206 - Epoch: 42 Step: 35/79 | Loss: 0.00011461938265711069 | Time:1.1876559257507324
2025-03-15 10:37:35,473 - Epoch: 42 Step: 36/79 | Loss: 1.080669608199969e-05 | Time:1.2660417556762695
2025-03-15 10:37:36,645 - Epoch: 42 Step: 37/79 | Loss: 1.2937634892296046e-05 | Time:1.1725866794586182
2025-03-15 10:37:37,959 - Epoch: 42 Step: 38/79 | Loss: 4.766761412611231e-05 | Time:1.3293282985687256
2025-03-15 10:37:39,179 - Epoch: 42 Step: 39/79 | Loss: 1.4393488527275622e-05 | Time:1.2041707038879395
2025-03-15 10:37:40,415 - Epoch: 42 Step: 40/79 | Loss: 1.8192853531218134e-05 | Time:1.2358925342559814
2025-03-15 10:37:41,838 - Epoch: 42 Step: 41/79 | Loss: 0.0001101326706702821 | Time:1.423367977142334
2025-03-15 10:37:43,120 - Epoch: 42 Step: 42/79 | Loss: 0.00019642352708615363 | Time:1.2821624279022217
2025-03-15 10:37:44,308 - Epoch: 42 Step: 43/79 | Loss: 0.0003028367063961923 | Time:1.1883788108825684
2025-03-15 10:37:45,621 - Epoch: 42 Step: 44/79 | Loss: 0.0010333374375477433 | Time:1.3128232955932617
2025-03-15 10:37:46,887 - Epoch: 42 Step: 45/79 | Loss: 3.937728251912631e-05 | Time:1.2662734985351562
2025-03-15 10:37:48,420 - Epoch: 42 Step: 46/79 | Loss: 0.0002808701538015157 | Time:1.5325005054473877
2025-03-15 10:37:49,641 - Epoch: 42 Step: 47/79 | Loss: 5.162293746252544e-05 | Time:1.2278368473052979
2025-03-15 10:37:50,642 - Epoch: 42 Step: 48/79 | Loss: 0.00020211015362292528 | Time:0.992605447769165
2025-03-15 10:37:52,018 - Epoch: 42 Step: 49/79 | Loss: 1.7083220882341266e-05 | Time:1.3773393630981445
2025-03-15 10:37:53,128 - Epoch: 42 Step: 50/79 | Loss: 4.870192060479894e-05 | Time:1.110628604888916
2025-03-15 10:37:54,255 - Epoch: 42 Step: 51/79 | Loss: 0.00011759254994103685 | Time:1.1320903301239014
2025-03-15 10:37:55,631 - Epoch: 42 Step: 52/79 | Loss: 0.0010398142039775848 | Time:1.3703622817993164
2025-03-15 10:37:56,914 - Epoch: 42 Step: 53/79 | Loss: 0.00014554805238731205 | Time:1.2829511165618896
2025-03-15 10:37:58,253 - Epoch: 42 Step: 54/79 | Loss: 0.00012410030467435718 | Time:1.32942533493042
2025-03-15 10:37:59,285 - Epoch: 42 Step: 55/79 | Loss: 2.8183181711938232e-05 | Time:1.0338377952575684
2025-03-15 10:38:00,419 - Epoch: 42 Step: 56/79 | Loss: 0.05479457974433899 | Time:1.1414825916290283
2025-03-15 10:38:01,849 - Epoch: 42 Step: 57/79 | Loss: 0.0006793469074182212 | Time:1.4231727123260498
2025-03-15 10:38:03,125 - Epoch: 42 Step: 58/79 | Loss: 4.517299748840742e-05 | Time:1.283036231994629
2025-03-15 10:38:04,173 - Epoch: 42 Step: 59/79 | Loss: 7.538614590885118e-05 | Time:1.048252820968628
2025-03-15 10:38:05,283 - Epoch: 42 Step: 60/79 | Loss: 6.201532232807949e-05 | Time:1.1100738048553467
2025-03-15 10:38:06,449 - Epoch: 42 Step: 61/79 | Loss: 0.009060854092240334 | Time:1.1584184169769287
2025-03-15 10:38:07,568 - Epoch: 42 Step: 62/79 | Loss: 4.0866120798455086e-06 | Time:1.1260089874267578
2025-03-15 10:38:08,803 - Epoch: 42 Step: 63/79 | Loss: 2.0888364815618843e-05 | Time:1.2354977130889893
2025-03-15 10:38:10,534 - Epoch: 42 Step: 64/79 | Loss: 0.005076559726148844 | Time:1.720879316329956
2025-03-15 10:38:11,955 - Epoch: 42 Step: 65/79 | Loss: 0.0006639553466811776 | Time:1.4235572814941406
2025-03-15 10:38:13,153 - Epoch: 42 Step: 66/79 | Loss: 9.72912966972217e-05 | Time:1.2055463790893555
2025-03-15 10:38:14,325 - Epoch: 42 Step: 67/79 | Loss: 0.00017977676179725677 | Time:1.1724724769592285
2025-03-15 10:38:15,556 - Epoch: 42 Step: 68/79 | Loss: 1.1916683433810249e-05 | Time:1.2204937934875488
2025-03-15 10:38:16,892 - Epoch: 42 Step: 69/79 | Loss: 0.00013027366367168725 | Time:1.3457567691802979
2025-03-15 10:38:18,095 - Epoch: 42 Step: 70/79 | Loss: 5.176442573429085e-05 | Time:1.2036082744598389
2025-03-15 10:38:19,207 - Epoch: 42 Step: 71/79 | Loss: 0.00010192982881562784 | Time:1.11045241355896
2025-03-15 10:38:20,741 - Epoch: 42 Step: 72/79 | Loss: 5.7522756833350286e-05 | Time:1.5491950511932373
2025-03-15 10:38:21,772 - Epoch: 42 Step: 73/79 | Loss: 0.002735287882387638 | Time:1.0321152210235596
2025-03-15 10:38:23,008 - Epoch: 42 Step: 74/79 | Loss: 0.0003692156169563532 | Time:1.2202262878417969
2025-03-15 10:38:24,150 - Epoch: 42 Step: 75/79 | Loss: 5.413909093476832e-05 | Time:1.1424098014831543
2025-03-15 10:38:25,339 - Epoch: 42 Step: 76/79 | Loss: 2.7315705665387213e-05 | Time:1.201157808303833
2025-03-15 10:38:26,715 - Epoch: 42 Step: 77/79 | Loss: 8.167974010575563e-05 | Time:1.3643314838409424
2025-03-15 10:38:27,952 - Epoch: 42 Step: 78/79 | Loss: 0.00010943746019620448 | Time:1.236304521560669
2025-03-15 10:38:28,171 - Epoch: 42 Step: 79/79 | Loss: 4.976944182999432e-06 | Time:0.2661449909210205
2025-03-15 10:38:29,063 - Val_Epoch:42.0 Step: 1/32 | Loss: 0.09107349812984467 | Time:0
2025-03-15 10:38:30,096 - Val_Epoch:42.0 Step: 2/32 | Loss: 0.283410906791687 | Time:0.8919055461883545
2025-03-15 10:38:31,468 - Val_Epoch:42.0 Step: 3/32 | Loss: 0.5853804349899292 | Time:1.0334794521331787
2025-03-15 10:38:32,521 - Val_Epoch:42.0 Step: 4/32 | Loss: 0.38676127791404724 | Time:1.3721117973327637
2025-03-15 10:38:33,538 - Val_Epoch:42.0 Step: 5/32 | Loss: 0.00022613635519519448 | Time:1.0528106689453125
2025-03-15 10:38:34,498 - Val_Epoch:42.0 Step: 6/32 | Loss: 0.5651865601539612 | Time:1.017181634902954
2025-03-15 10:38:35,514 - Val_Epoch:42.0 Step: 7/32 | Loss: 0.18805643916130066 | Time:0.9611926078796387
2025-03-15 10:38:36,995 - Val_Epoch:42.0 Step: 8/32 | Loss: 0.13459274172782898 | Time:1.0147733688354492
2025-03-15 10:38:38,077 - Val_Epoch:42.0 Step: 9/32 | Loss: 0.15349677205085754 | Time:1.481217861175537
2025-03-15 10:38:39,139 - Val_Epoch:42.0 Step: 10/32 | Loss: 0.013985500670969486 | Time:1.0813772678375244
2025-03-15 10:38:40,391 - Val_Epoch:42.0 Step: 11/32 | Loss: 0.47202107310295105 | Time:1.0625007152557373
2025-03-15 10:38:41,470 - Val_Epoch:42.0 Step: 12/32 | Loss: 0.21876490116119385 | Time:1.2519350051879883
2025-03-15 10:38:42,472 - Val_Epoch:42.0 Step: 13/32 | Loss: 0.45398953557014465 | Time:1.078686237335205
2025-03-15 10:38:43,519 - Val_Epoch:42.0 Step: 14/32 | Loss: 0.10753923654556274 | Time:1.0024757385253906
2025-03-15 10:38:44,548 - Val_Epoch:42.0 Step: 15/32 | Loss: 0.26937368512153625 | Time:1.0469932556152344
2025-03-15 10:38:45,771 - Val_Epoch:42.0 Step: 16/32 | Loss: 0.6290481686592102 | Time:1.0283863544464111
2025-03-15 10:38:46,929 - Val_Epoch:42.0 Step: 17/32 | Loss: 0.004241383634507656 | Time:1.2232604026794434
2025-03-15 10:38:48,103 - Val_Epoch:42.0 Step: 18/32 | Loss: 0.2928181290626526 | Time:1.1575489044189453
2025-03-15 10:38:49,228 - Val_Epoch:42.0 Step: 19/32 | Loss: 0.3108682632446289 | Time:1.1742517948150635
2025-03-15 10:38:50,121 - Val_Epoch:42.0 Step: 20/32 | Loss: 0.3784850239753723 | Time:1.125627040863037
2025-03-15 10:38:51,215 - Val_Epoch:42.0 Step: 21/32 | Loss: 0.06837259232997894 | Time:0.8921101093292236
2025-03-15 10:38:52,216 - Val_Epoch:42.0 Step: 22/32 | Loss: 0.6404619216918945 | Time:1.0947320461273193
2025-03-15 10:38:53,113 - Val_Epoch:42.0 Step: 23/32 | Loss: 0.4978494346141815 | Time:1.000272274017334
2025-03-15 10:38:54,242 - Val_Epoch:42.0 Step: 24/32 | Loss: 0.7313214540481567 | Time:0.8973841667175293
2025-03-15 10:38:55,297 - Val_Epoch:42.0 Step: 25/32 | Loss: 0.001058340072631836 | Time:1.128553867340088
2025-03-15 10:38:56,518 - Val_Epoch:42.0 Step: 26/32 | Loss: 0.18914370238780975 | Time:1.0559089183807373
2025-03-15 10:38:57,707 - Val_Epoch:42.0 Step: 27/32 | Loss: 0.5913878083229065 | Time:1.2202997207641602
2025-03-15 10:38:58,801 - Val_Epoch:42.0 Step: 28/32 | Loss: 0.4271905720233917 | Time:1.189056396484375
2025-03-15 10:38:59,678 - Val_Epoch:42.0 Step: 29/32 | Loss: 0.1365034431219101 | Time:1.0942997932434082
2025-03-15 10:39:00,631 - Val_Epoch:42.0 Step: 30/32 | Loss: 0.00808954518288374 | Time:0.876539945602417
2025-03-15 10:39:01,757 - Val_Epoch:42.0 Step: 31/32 | Loss: 0.7609508037567139 | Time:0.9533576965332031
2025-03-15 10:39:01,961 - Val_Epoch:42.0 Step: 32/32 | Loss: 0.7409799695014954 | Time:1.1258842945098877
2025-03-15 10:39:01,961 - Validation - Accuracy: 0.9429429429429429, Precision: 0.939622641509434, Recall: 0.8586206896551725, F1-Score: 0.8972972972972973
2025-03-15 10:39:01,961 - Saved model as model_epoch_42_acc_0.9429.pt
2025-03-15 10:39:01,961 - 
*** EPOCH: 43 ***

2025-03-15 10:39:03,259 - Epoch: 43 Step: 1/79 | Loss: 0.00013336396659724414 | Time:1.2047924995422363
2025-03-15 10:39:04,511 - Epoch: 43 Step: 2/79 | Loss: 8.123162115225568e-05 | Time:1.2827858924865723
2025-03-15 10:39:05,808 - Epoch: 43 Step: 3/79 | Loss: 0.00014803574595134705 | Time:1.2972280979156494
2025-03-15 10:39:06,762 - Epoch: 43 Step: 4/79 | Loss: 3.442149318289012e-05 | Time:0.9542818069458008
2025-03-15 10:39:08,186 - Epoch: 43 Step: 5/79 | Loss: 0.0009498059516772628 | Time:1.437807321548462
2025-03-15 10:39:09,158 - Epoch: 43 Step: 6/79 | Loss: 0.007135317195206881 | Time:0.9554729461669922
2025-03-15 10:39:10,537 - Epoch: 43 Step: 7/79 | Loss: 2.4595930881332606e-05 | Time:1.3772575855255127
2025-03-15 10:39:11,924 - Epoch: 43 Step: 8/79 | Loss: 9.567641245666891e-05 | Time:1.3916454315185547
2025-03-15 10:39:13,317 - Epoch: 43 Step: 9/79 | Loss: 0.00047597079537808895 | Time:1.407909870147705
2025-03-15 10:39:14,538 - Epoch: 43 Step: 10/79 | Loss: 4.258728586137295e-05 | Time:1.2058022022247314
2025-03-15 10:39:15,962 - Epoch: 43 Step: 11/79 | Loss: 0.0018389018950983882 | Time:1.4228649139404297
2025-03-15 10:39:17,088 - Epoch: 43 Step: 12/79 | Loss: 0.0003030647640116513 | Time:1.1266014575958252
2025-03-15 10:39:18,276 - Epoch: 43 Step: 13/79 | Loss: 0.0008102277060970664 | Time:1.1883933544158936
2025-03-15 10:39:19,514 - Epoch: 43 Step: 14/79 | Loss: 7.916019058029633e-06 | Time:1.2376596927642822
2025-03-15 10:39:20,869 - Epoch: 43 Step: 15/79 | Loss: 5.9315585531294346e-05 | Time:1.34529447555542
2025-03-15 10:39:21,733 - Epoch: 43 Step: 16/79 | Loss: 3.73445545847062e-05 | Time:0.8738894462585449
2025-03-15 10:39:23,126 - Epoch: 43 Step: 17/79 | Loss: 0.00011972002539550886 | Time:1.3933498859405518
2025-03-15 10:39:24,252 - Epoch: 43 Step: 18/79 | Loss: 3.257294883951545e-05 | Time:1.125828742980957
2025-03-15 10:39:25,176 - Epoch: 43 Step: 19/79 | Loss: 7.888882100814953e-05 | Time:0.9218094348907471
2025-03-15 10:39:26,365 - Epoch: 43 Step: 20/79 | Loss: 6.320596003206447e-05 | Time:1.1908164024353027
2025-03-15 10:39:27,630 - Epoch: 43 Step: 21/79 | Loss: 7.912772707641125e-05 | Time:1.2652251720428467
2025-03-15 10:39:28,881 - Epoch: 43 Step: 22/79 | Loss: 0.00019110256107524037 | Time:1.2515039443969727
2025-03-15 10:39:30,430 - Epoch: 43 Step: 23/79 | Loss: 3.019723590114154e-05 | Time:1.5485281944274902
2025-03-15 10:39:31,448 - Epoch: 43 Step: 24/79 | Loss: 3.260157609474845e-05 | Time:1.0224578380584717
2025-03-15 10:39:32,748 - Epoch: 43 Step: 25/79 | Loss: 0.03994686156511307 | Time:1.2954316139221191
2025-03-15 10:39:33,952 - Epoch: 43 Step: 26/79 | Loss: 1.2997114936297294e-05 | Time:1.2043874263763428
2025-03-15 10:39:35,095 - Epoch: 43 Step: 27/79 | Loss: 7.581771205877885e-05 | Time:1.1421380043029785
2025-03-15 10:39:36,113 - Epoch: 43 Step: 28/79 | Loss: 2.1737270799349062e-05 | Time:1.0180118083953857
2025-03-15 10:39:37,317 - Epoch: 43 Step: 29/79 | Loss: 0.0002093799557769671 | Time:1.2048907279968262
2025-03-15 10:39:38,663 - Epoch: 43 Step: 30/79 | Loss: 0.00021552429825533181 | Time:1.3456981182098389
2025-03-15 10:39:39,977 - Epoch: 43 Step: 31/79 | Loss: 2.229118581453804e-05 | Time:1.3139383792877197
2025-03-15 10:39:41,072 - Epoch: 43 Step: 32/79 | Loss: 1.2032252016069833e-05 | Time:1.0949909687042236
2025-03-15 10:39:42,309 - Epoch: 43 Step: 33/79 | Loss: 5.837663047714159e-05 | Time:1.2212746143341064
2025-03-15 10:39:43,654 - Epoch: 43 Step: 34/79 | Loss: 4.7903380618663505e-05 | Time:1.3606066703796387
2025-03-15 10:39:44,765 - Epoch: 43 Step: 35/79 | Loss: 0.007366075646132231 | Time:1.1112332344055176
2025-03-15 10:39:45,964 - Epoch: 43 Step: 36/79 | Loss: 3.928104342776351e-05 | Time:1.1981124877929688
2025-03-15 10:39:47,150 - Epoch: 43 Step: 37/79 | Loss: 1.7385093087796122e-05 | Time:1.174281120300293
2025-03-15 10:39:48,232 - Epoch: 43 Step: 38/79 | Loss: 5.274902832752559e-06 | Time:1.0951128005981445
2025-03-15 10:39:49,359 - Epoch: 43 Step: 39/79 | Loss: 2.3530079488409683e-05 | Time:1.1265623569488525
2025-03-15 10:39:50,691 - Epoch: 43 Step: 40/79 | Loss: 0.0007814560085535049 | Time:1.314136028289795
2025-03-15 10:39:51,955 - Epoch: 43 Step: 41/79 | Loss: 2.5159291908494197e-05 | Time:1.2815451622009277
2025-03-15 10:39:53,300 - Epoch: 43 Step: 42/79 | Loss: 0.0004841555783059448 | Time:1.3576958179473877
2025-03-15 10:39:54,630 - Epoch: 43 Step: 43/79 | Loss: 0.00021648382244165987 | Time:1.318084716796875
2025-03-15 10:39:56,100 - Epoch: 43 Step: 44/79 | Loss: 0.000575976213440299 | Time:1.4699933528900146
2025-03-15 10:39:57,296 - Epoch: 43 Step: 45/79 | Loss: 5.833004979649559e-05 | Time:1.1887447834014893
2025-03-15 10:39:58,495 - Epoch: 43 Step: 46/79 | Loss: 1.5895140677457675e-05 | Time:1.206136703491211
2025-03-15 10:39:59,621 - Epoch: 43 Step: 47/79 | Loss: 0.00011465249554021284 | Time:1.1254761219024658
2025-03-15 10:40:00,842 - Epoch: 43 Step: 48/79 | Loss: 2.504327494534664e-05 | Time:1.2212624549865723
2025-03-15 10:40:01,954 - Epoch: 43 Step: 49/79 | Loss: 0.0034949923865497112 | Time:1.110271692276001
2025-03-15 10:40:03,126 - Epoch: 43 Step: 50/79 | Loss: 9.242130545317195e-06 | Time:1.1734426021575928
2025-03-15 10:40:04,221 - Epoch: 43 Step: 51/79 | Loss: 9.262265666620806e-05 | Time:1.0951032638549805
2025-03-15 10:40:05,479 - Epoch: 43 Step: 52/79 | Loss: 1.251556386705488e-05 | Time:1.2510499954223633
2025-03-15 10:40:06,474 - Epoch: 43 Step: 53/79 | Loss: 2.3884043912403286e-05 | Time:1.0015358924865723
2025-03-15 10:40:07,772 - Epoch: 43 Step: 54/79 | Loss: 0.008787056431174278 | Time:1.2984716892242432
2025-03-15 10:40:09,118 - Epoch: 43 Step: 55/79 | Loss: 4.580676250043325e-05 | Time:1.3498766422271729
2025-03-15 10:40:10,228 - Epoch: 43 Step: 56/79 | Loss: 0.000262025831034407 | Time:1.106675624847412
2025-03-15 10:40:11,511 - Epoch: 43 Step: 57/79 | Loss: 1.4523866411764175e-05 | Time:1.2829296588897705
2025-03-15 10:40:12,748 - Epoch: 43 Step: 58/79 | Loss: 0.0002400619414402172 | Time:1.2361557483673096
2025-03-15 10:40:13,859 - Epoch: 43 Step: 59/79 | Loss: 4.2865889554377645e-05 | Time:1.0953819751739502
2025-03-15 10:40:15,219 - Epoch: 43 Step: 60/79 | Loss: 7.573686161777005e-05 | Time:1.3766510486602783
2025-03-15 10:40:16,486 - Epoch: 43 Step: 61/79 | Loss: 2.0338895410532132e-05 | Time:1.2668349742889404
2025-03-15 10:40:17,894 - Epoch: 43 Step: 62/79 | Loss: 3.08352209685836e-05 | Time:1.4075596332550049
2025-03-15 10:40:18,960 - Epoch: 43 Step: 63/79 | Loss: 1.2445856555132195e-05 | Time:1.0652565956115723
2025-03-15 10:40:20,350 - Epoch: 43 Step: 64/79 | Loss: 1.5015048120403662e-05 | Time:1.390404462814331
2025-03-15 10:40:21,478 - Epoch: 43 Step: 65/79 | Loss: 1.6840207536006346e-05 | Time:1.1207857131958008
2025-03-15 10:40:22,602 - Epoch: 43 Step: 66/79 | Loss: 0.00047195341903716326 | Time:1.132012128829956
2025-03-15 10:40:23,822 - Epoch: 43 Step: 67/79 | Loss: 0.0019633660558611155 | Time:1.2192213535308838
2025-03-15 10:40:25,182 - Epoch: 43 Step: 68/79 | Loss: 0.0011995140230283141 | Time:1.3604161739349365
2025-03-15 10:40:26,293 - Epoch: 43 Step: 69/79 | Loss: 3.3919357520062476e-05 | Time:1.1112375259399414
2025-03-15 10:40:27,513 - Epoch: 43 Step: 70/79 | Loss: 2.3004953618510626e-05 | Time:1.2199883460998535
2025-03-15 10:40:28,656 - Epoch: 43 Step: 71/79 | Loss: 0.00015640907804481685 | Time:1.1428074836730957
2025-03-15 10:40:30,049 - Epoch: 43 Step: 72/79 | Loss: 0.005747062619775534 | Time:1.3920865058898926
2025-03-15 10:40:31,254 - Epoch: 43 Step: 73/79 | Loss: 9.161582420347258e-05 | Time:1.2054789066314697
2025-03-15 10:40:32,459 - Epoch: 43 Step: 74/79 | Loss: 9.814941586228088e-05 | Time:1.1895592212677002
2025-03-15 10:40:33,993 - Epoch: 43 Step: 75/79 | Loss: 0.00023479596711695194 | Time:1.5490527153015137
2025-03-15 10:40:35,213 - Epoch: 43 Step: 76/79 | Loss: 6.2508779592462815e-06 | Time:1.2134392261505127
2025-03-15 10:40:36,277 - Epoch: 43 Step: 77/79 | Loss: 1.1637282113952097e-05 | Time:1.0708754062652588
2025-03-15 10:40:37,435 - Epoch: 43 Step: 78/79 | Loss: 0.0004772651882376522 | Time:1.1612656116485596
2025-03-15 10:40:37,732 - Epoch: 43 Step: 79/79 | Loss: 0.000555400678422302 | Time:0.34081220626831055
2025-03-15 10:40:38,624 - Val_Epoch:43.0 Step: 1/32 | Loss: 0.10910400003194809 | Time:0
2025-03-15 10:40:39,657 - Val_Epoch:43.0 Step: 2/32 | Loss: 0.2990744709968567 | Time:0.8917431831359863
2025-03-15 10:40:41,033 - Val_Epoch:43.0 Step: 3/32 | Loss: 0.5535125136375427 | Time:1.033517599105835
2025-03-15 10:40:42,082 - Val_Epoch:43.0 Step: 4/32 | Loss: 0.40404415130615234 | Time:1.3763320446014404
2025-03-15 10:40:43,083 - Val_Epoch:43.0 Step: 5/32 | Loss: 0.0003047667269129306 | Time:1.048452377319336
2025-03-15 10:40:44,057 - Val_Epoch:43.0 Step: 6/32 | Loss: 0.5426267385482788 | Time:1.0011441707611084
2025-03-15 10:40:45,087 - Val_Epoch:43.0 Step: 7/32 | Loss: 0.15991857647895813 | Time:0.9754183292388916
2025-03-15 10:40:46,541 - Val_Epoch:43.0 Step: 8/32 | Loss: 0.07601387053728104 | Time:1.0290746688842773
2025-03-15 10:40:47,634 - Val_Epoch:43.0 Step: 9/32 | Loss: 0.18427890539169312 | Time:1.4536023139953613
2025-03-15 10:40:48,701 - Val_Epoch:43.0 Step: 10/32 | Loss: 0.005424555391073227 | Time:1.0927436351776123
2025-03-15 10:40:49,968 - Val_Epoch:43.0 Step: 11/32 | Loss: 0.4446686804294586 | Time:1.0670344829559326
2025-03-15 10:40:51,064 - Val_Epoch:43.0 Step: 12/32 | Loss: 0.1881239265203476 | Time:1.267364263534546
2025-03-15 10:40:52,032 - Val_Epoch:43.0 Step: 13/32 | Loss: 0.42494919896125793 | Time:1.095461130142212
2025-03-15 10:40:53,081 - Val_Epoch:43.0 Step: 14/32 | Loss: 0.10826002806425095 | Time:0.9684243202209473
2025-03-15 10:40:54,066 - Val_Epoch:43.0 Step: 15/32 | Loss: 0.2572420537471771 | Time:1.0490636825561523
2025-03-15 10:40:55,289 - Val_Epoch:43.0 Step: 16/32 | Loss: 0.6134302020072937 | Time:0.9845147132873535
2025-03-15 10:40:56,426 - Val_Epoch:43.0 Step: 17/32 | Loss: 0.0006914809346199036 | Time:1.2240514755249023
2025-03-15 10:40:57,583 - Val_Epoch:43.0 Step: 18/32 | Loss: 0.2891542613506317 | Time:1.1367244720458984
2025-03-15 10:40:58,741 - Val_Epoch:43.0 Step: 19/32 | Loss: 0.3185665011405945 | Time:1.156980037689209
2025-03-15 10:40:59,635 - Val_Epoch:43.0 Step: 20/32 | Loss: 0.3714280426502228 | Time:1.1575546264648438
2025-03-15 10:41:00,728 - Val_Epoch:43.0 Step: 21/32 | Loss: 0.049916431307792664 | Time:0.8936169147491455
2025-03-15 10:41:01,729 - Val_Epoch:43.0 Step: 22/32 | Loss: 0.6183247566223145 | Time:1.0937747955322266
2025-03-15 10:41:02,651 - Val_Epoch:43.0 Step: 23/32 | Loss: 0.41505828499794006 | Time:1.0002405643463135
2025-03-15 10:41:03,779 - Val_Epoch:43.0 Step: 24/32 | Loss: 0.6736099123954773 | Time:0.922574520111084
2025-03-15 10:41:04,842 - Val_Epoch:43.0 Step: 25/32 | Loss: 0.00046967726666480303 | Time:1.1273186206817627
2025-03-15 10:41:06,032 - Val_Epoch:43.0 Step: 26/32 | Loss: 0.17341046035289764 | Time:1.0634806156158447
2025-03-15 10:41:07,221 - Val_Epoch:43.0 Step: 27/32 | Loss: 0.5668412446975708 | Time:1.1896967887878418
2025-03-15 10:41:08,269 - Val_Epoch:43.0 Step: 28/32 | Loss: 0.42416635155677795 | Time:1.1889288425445557
2025-03-15 10:41:09,128 - Val_Epoch:43.0 Step: 29/32 | Loss: 0.156002014875412 | Time:1.047867774963379
2025-03-15 10:41:10,082 - Val_Epoch:43.0 Step: 30/32 | Loss: 0.00957471039146185 | Time:0.8592617511749268
2025-03-15 10:41:11,224 - Val_Epoch:43.0 Step: 31/32 | Loss: 0.7582725286483765 | Time:0.9542357921600342
2025-03-15 10:41:11,412 - Val_Epoch:43.0 Step: 32/32 | Loss: 0.7758772969245911 | Time:1.1420514583587646
2025-03-15 10:41:11,412 - Validation - Accuracy: 0.943943943943944, Precision: 0.9365671641791045, Recall: 0.8655172413793103, F1-Score: 0.899641577060932
2025-03-15 10:41:11,412 - Saved model as model_epoch_43_acc_0.9439.pt
2025-03-15 10:41:11,428 - 
*** EPOCH: 44 ***

2025-03-15 10:41:12,914 - Epoch: 44 Step: 1/79 | Loss: 0.00015530821110587567 | Time:1.4081518650054932
2025-03-15 10:41:14,227 - Epoch: 44 Step: 2/79 | Loss: 0.016129162162542343 | Time:1.3285300731658936
2025-03-15 10:41:15,274 - Epoch: 44 Step: 3/79 | Loss: 7.3014011832128745e-06 | Time:1.0470483303070068
2025-03-15 10:41:16,370 - Epoch: 44 Step: 4/79 | Loss: 1.9224913557991385e-05 | Time:1.080414056777954
2025-03-15 10:41:17,611 - Epoch: 44 Step: 5/79 | Loss: 0.006412219721823931 | Time:1.2605023384094238
2025-03-15 10:41:18,889 - Epoch: 44 Step: 6/79 | Loss: 2.3995658921194263e-05 | Time:1.273585319519043
2025-03-15 10:41:20,062 - Epoch: 44 Step: 7/79 | Loss: 9.725370910018682e-05 | Time:1.173279047012329
2025-03-15 10:41:21,282 - Epoch: 44 Step: 8/79 | Loss: 0.00012622278882190585 | Time:1.204458236694336
2025-03-15 10:41:22,535 - Epoch: 44 Step: 9/79 | Loss: 0.00033475644886493683 | Time:1.268272876739502
2025-03-15 10:41:23,817 - Epoch: 44 Step: 10/79 | Loss: 0.00012193485599709675 | Time:1.2822301387786865
2025-03-15 10:41:24,927 - Epoch: 44 Step: 11/79 | Loss: 0.0002310009440407157 | Time:1.1096768379211426
2025-03-15 10:41:26,193 - Epoch: 44 Step: 12/79 | Loss: 0.00029271896346472204 | Time:1.2658846378326416
2025-03-15 10:41:27,489 - Epoch: 44 Step: 13/79 | Loss: 5.737704850616865e-05 | Time:1.297389030456543
2025-03-15 10:41:28,521 - Epoch: 44 Step: 14/79 | Loss: 2.688969107111916e-05 | Time:1.0305917263031006
2025-03-15 10:41:29,724 - Epoch: 44 Step: 15/79 | Loss: 2.751347165030893e-05 | Time:1.1879444122314453
2025-03-15 10:41:30,772 - Epoch: 44 Step: 16/79 | Loss: 3.1779654818819836e-05 | Time:1.0729684829711914
2025-03-15 10:41:32,023 - Epoch: 44 Step: 17/79 | Loss: 6.4017680415418e-05 | Time:1.2417693138122559
2025-03-15 10:41:33,289 - Epoch: 44 Step: 18/79 | Loss: 3.4134889574488625e-05 | Time:1.2652301788330078
2025-03-15 10:41:34,586 - Epoch: 44 Step: 19/79 | Loss: 4.063081360072829e-05 | Time:1.2977163791656494
2025-03-15 10:41:35,727 - Epoch: 44 Step: 20/79 | Loss: 1.9470511688268743e-05 | Time:1.140486717224121
2025-03-15 10:41:37,024 - Epoch: 44 Step: 21/79 | Loss: 1.2140069884480909e-05 | Time:1.281754970550537
2025-03-15 10:41:38,206 - Epoch: 44 Step: 22/79 | Loss: 0.026684168726205826 | Time:1.1977829933166504
2025-03-15 10:41:39,473 - Epoch: 44 Step: 23/79 | Loss: 0.00038404122460633516 | Time:1.2662460803985596
2025-03-15 10:41:40,459 - Epoch: 44 Step: 24/79 | Loss: 1.5924068065942265e-05 | Time:0.9859368801116943
2025-03-15 10:41:41,929 - Epoch: 44 Step: 25/79 | Loss: 0.0001666449970798567 | Time:1.4705369472503662
2025-03-15 10:41:43,071 - Epoch: 44 Step: 26/79 | Loss: 2.4815781216602772e-05 | Time:1.142221212387085
2025-03-15 10:41:44,179 - Epoch: 44 Step: 27/79 | Loss: 0.00013385489000938833 | Time:1.095801591873169
2025-03-15 10:41:45,340 - Epoch: 44 Step: 28/79 | Loss: 6.975831638555974e-05 | Time:1.1725778579711914
2025-03-15 10:41:46,357 - Epoch: 44 Step: 29/79 | Loss: 0.002809657249599695 | Time:1.017810344696045
2025-03-15 10:41:47,920 - Epoch: 44 Step: 30/79 | Loss: 4.6633038436993957e-05 | Time:1.5474333763122559
2025-03-15 10:41:49,015 - Epoch: 44 Step: 31/79 | Loss: 0.02666701003909111 | Time:1.1108520030975342
2025-03-15 10:41:50,235 - Epoch: 44 Step: 32/79 | Loss: 0.0006800990086048841 | Time:1.2197871208190918
2025-03-15 10:41:51,535 - Epoch: 44 Step: 33/79 | Loss: 5.70162374060601e-05 | Time:1.299492359161377
2025-03-15 10:41:52,895 - Epoch: 44 Step: 34/79 | Loss: 5.853077527717687e-05 | Time:1.3728001117706299
2025-03-15 10:41:54,208 - Epoch: 44 Step: 35/79 | Loss: 0.00255792704410851 | Time:1.3005573749542236
2025-03-15 10:41:55,633 - Epoch: 44 Step: 36/79 | Loss: 3.860376455122605e-05 | Time:1.4249753952026367
2025-03-15 10:41:56,905 - Epoch: 44 Step: 37/79 | Loss: 0.00030917159165255725 | Time:1.2662897109985352
2025-03-15 10:41:58,027 - Epoch: 44 Step: 38/79 | Loss: 1.1066981642215978e-05 | Time:1.111114501953125
2025-03-15 10:41:59,198 - Epoch: 44 Step: 39/79 | Loss: 2.4899363779695705e-05 | Time:1.1875765323638916
2025-03-15 10:42:00,372 - Epoch: 44 Step: 40/79 | Loss: 4.4048691052012146e-05 | Time:1.17352294921875
2025-03-15 10:42:01,435 - Epoch: 44 Step: 41/79 | Loss: 5.245424108579755e-05 | Time:1.0573952198028564
2025-03-15 10:42:02,829 - Epoch: 44 Step: 42/79 | Loss: 0.00011778871703427285 | Time:1.3992950916290283
2025-03-15 10:42:04,001 - Epoch: 44 Step: 43/79 | Loss: 0.0007833364652469754 | Time:1.1563425064086914
2025-03-15 10:42:05,113 - Epoch: 44 Step: 44/79 | Loss: 0.015949100255966187 | Time:1.1259815692901611
2025-03-15 10:42:06,348 - Epoch: 44 Step: 45/79 | Loss: 0.0001719273568596691 | Time:1.2368786334991455
2025-03-15 10:42:07,881 - Epoch: 44 Step: 46/79 | Loss: 0.0003837041440419853 | Time:1.5331721305847168
2025-03-15 10:42:09,008 - Epoch: 44 Step: 47/79 | Loss: 0.004592603538185358 | Time:1.1274168491363525
2025-03-15 10:42:10,181 - Epoch: 44 Step: 48/79 | Loss: 8.789539424469694e-05 | Time:1.1576347351074219
2025-03-15 10:42:11,449 - Epoch: 44 Step: 49/79 | Loss: 6.068887159926817e-05 | Time:1.2827792167663574
2025-03-15 10:42:12,606 - Epoch: 44 Step: 50/79 | Loss: 8.629676449345425e-05 | Time:1.1572823524475098
2025-03-15 10:42:13,714 - Epoch: 44 Step: 51/79 | Loss: 0.0006952058174647391 | Time:1.1061673164367676
2025-03-15 10:42:14,891 - Epoch: 44 Step: 52/79 | Loss: 2.531256905058399e-05 | Time:1.17836332321167
2025-03-15 10:42:16,063 - Epoch: 44 Step: 53/79 | Loss: 0.0050444696098566055 | Time:1.172940731048584
2025-03-15 10:42:17,425 - Epoch: 44 Step: 54/79 | Loss: 0.0001467990077799186 | Time:1.3454513549804688
2025-03-15 10:42:18,534 - Epoch: 44 Step: 55/79 | Loss: 2.4874554583220743e-05 | Time:1.1255464553833008
2025-03-15 10:42:19,739 - Epoch: 44 Step: 56/79 | Loss: 0.0001518349745310843 | Time:1.20493483543396
2025-03-15 10:42:20,913 - Epoch: 44 Step: 57/79 | Loss: 8.742510544834659e-05 | Time:1.1767523288726807
2025-03-15 10:42:22,353 - Epoch: 44 Step: 58/79 | Loss: 0.001603469718247652 | Time:1.4370450973510742
2025-03-15 10:42:23,729 - Epoch: 44 Step: 59/79 | Loss: 0.00014353892765939236 | Time:1.3753206729888916
2025-03-15 10:42:24,682 - Epoch: 44 Step: 60/79 | Loss: 5.635598790831864e-05 | Time:0.9378418922424316
2025-03-15 10:42:26,122 - Epoch: 44 Step: 61/79 | Loss: 8.305309893330559e-05 | Time:1.4559600353240967
2025-03-15 10:42:27,373 - Epoch: 44 Step: 62/79 | Loss: 0.0006452953675761819 | Time:1.2352874279022217
2025-03-15 10:42:28,624 - Epoch: 44 Step: 63/79 | Loss: 5.285995939630084e-06 | Time:1.2508599758148193
2025-03-15 10:42:29,796 - Epoch: 44 Step: 64/79 | Loss: 8.356453326996416e-05 | Time:1.1878914833068848
2025-03-15 10:42:31,001 - Epoch: 44 Step: 65/79 | Loss: 0.005703507456928492 | Time:1.2043483257293701
2025-03-15 10:42:32,057 - Epoch: 44 Step: 66/79 | Loss: 9.830335329752415e-05 | Time:1.0484333038330078
2025-03-15 10:42:33,192 - Epoch: 44 Step: 67/79 | Loss: 0.00010277586989104748 | Time:1.1428465843200684
2025-03-15 10:42:34,505 - Epoch: 44 Step: 68/79 | Loss: 8.143919694703072e-05 | Time:1.3127901554107666
2025-03-15 10:42:35,475 - Epoch: 44 Step: 69/79 | Loss: 1.2512813555076718e-05 | Time:0.9698898792266846
2025-03-15 10:42:36,773 - Epoch: 44 Step: 70/79 | Loss: 0.0001846713130362332 | Time:1.2829275131225586
2025-03-15 10:42:37,963 - Epoch: 44 Step: 71/79 | Loss: 9.92056229733862e-05 | Time:1.2044000625610352
2025-03-15 10:42:39,189 - Epoch: 44 Step: 72/79 | Loss: 0.00039376053609885275 | Time:1.2220158576965332
2025-03-15 10:42:40,403 - Epoch: 44 Step: 73/79 | Loss: 0.006362413987517357 | Time:1.219367504119873
2025-03-15 10:42:41,639 - Epoch: 44 Step: 74/79 | Loss: 0.04884827509522438 | Time:1.235558271408081
2025-03-15 10:42:42,813 - Epoch: 44 Step: 75/79 | Loss: 2.3296061044675298e-05 | Time:1.1735565662384033
2025-03-15 10:42:44,049 - Epoch: 44 Step: 76/79 | Loss: 0.00013865336950402707 | Time:1.236372947692871
2025-03-15 10:42:45,441 - Epoch: 44 Step: 77/79 | Loss: 6.0672849940601736e-05 | Time:1.3919970989227295
2025-03-15 10:42:46,817 - Epoch: 44 Step: 78/79 | Loss: 0.0007311344379559159 | Time:1.376481294631958
2025-03-15 10:42:46,975 - Epoch: 44 Step: 79/79 | Loss: 6.169026619318174e-06 | Time:0.2048203945159912
2025-03-15 10:42:47,850 - Val_Epoch:44.0 Step: 1/32 | Loss: 0.11226822435855865 | Time:0
2025-03-15 10:42:48,883 - Val_Epoch:44.0 Step: 2/32 | Loss: 0.33184927701950073 | Time:0.874547004699707
2025-03-15 10:42:50,228 - Val_Epoch:44.0 Step: 3/32 | Loss: 0.9407047033309937 | Time:1.0335521697998047
2025-03-15 10:42:51,276 - Val_Epoch:44.0 Step: 4/32 | Loss: 0.3493586480617523 | Time:1.3450965881347656
2025-03-15 10:42:52,276 - Val_Epoch:44.0 Step: 5/32 | Loss: 0.00019351531227584928 | Time:1.0627374649047852
2025-03-15 10:42:53,229 - Val_Epoch:44.0 Step: 6/32 | Loss: 0.5923628211021423 | Time:0.9847195148468018
2025-03-15 10:42:54,261 - Val_Epoch:44.0 Step: 7/32 | Loss: 0.22788473963737488 | Time:0.9535136222839355
2025-03-15 10:42:55,731 - Val_Epoch:44.0 Step: 8/32 | Loss: 0.1762475073337555 | Time:1.0314750671386719
2025-03-15 10:42:56,793 - Val_Epoch:44.0 Step: 9/32 | Loss: 0.1653679609298706 | Time:1.4699087142944336
2025-03-15 10:42:57,858 - Val_Epoch:44.0 Step: 10/32 | Loss: 0.00836449395865202 | Time:1.0624380111694336
2025-03-15 10:42:59,142 - Val_Epoch:44.0 Step: 11/32 | Loss: 0.46547555923461914 | Time:1.0651154518127441
2025-03-15 10:43:00,220 - Val_Epoch:44.0 Step: 12/32 | Loss: 0.32251298427581787 | Time:1.2837636470794678
2025-03-15 10:43:01,207 - Val_Epoch:44.0 Step: 13/32 | Loss: 0.5803555250167847 | Time:1.0782394409179688
2025-03-15 10:43:02,333 - Val_Epoch:44.0 Step: 14/32 | Loss: 0.1215612143278122 | Time:0.9862003326416016
2025-03-15 10:43:03,319 - Val_Epoch:44.0 Step: 15/32 | Loss: 0.10210834443569183 | Time:1.126905918121338
2025-03-15 10:43:04,522 - Val_Epoch:44.0 Step: 16/32 | Loss: 0.6482659578323364 | Time:0.985109806060791
2025-03-15 10:43:05,667 - Val_Epoch:44.0 Step: 17/32 | Loss: 0.2256275862455368 | Time:1.2039594650268555
2025-03-15 10:43:06,822 - Val_Epoch:44.0 Step: 18/32 | Loss: 0.3178941011428833 | Time:1.144202709197998
2025-03-15 10:43:07,933 - Val_Epoch:44.0 Step: 19/32 | Loss: 0.31104356050491333 | Time:1.1555488109588623
2025-03-15 10:43:08,825 - Val_Epoch:44.0 Step: 20/32 | Loss: 0.3823603391647339 | Time:1.111030101776123
2025-03-15 10:43:09,920 - Val_Epoch:44.0 Step: 21/32 | Loss: 0.041415438055992126 | Time:0.8913402557373047
2025-03-15 10:43:10,904 - Val_Epoch:44.0 Step: 22/32 | Loss: 0.7915687561035156 | Time:1.095017671585083
2025-03-15 10:43:11,827 - Val_Epoch:44.0 Step: 23/32 | Loss: 0.6934707164764404 | Time:0.9847285747528076
2025-03-15 10:43:12,955 - Val_Epoch:44.0 Step: 24/32 | Loss: 0.9786703586578369 | Time:0.9230177402496338
2025-03-15 10:43:14,003 - Val_Epoch:44.0 Step: 25/32 | Loss: 0.024844622239470482 | Time:1.1272494792938232
2025-03-15 10:43:15,223 - Val_Epoch:44.0 Step: 26/32 | Loss: 0.1556731015443802 | Time:1.0636348724365234
2025-03-15 10:43:16,395 - Val_Epoch:44.0 Step: 27/32 | Loss: 0.5641753077507019 | Time:1.2043228149414062
2025-03-15 10:43:17,460 - Val_Epoch:44.0 Step: 28/32 | Loss: 0.44090890884399414 | Time:1.172705888748169
2025-03-15 10:43:18,320 - Val_Epoch:44.0 Step: 29/32 | Loss: 0.07858878374099731 | Time:1.0642662048339844
2025-03-15 10:43:19,290 - Val_Epoch:44.0 Step: 30/32 | Loss: 0.012822596356272697 | Time:0.8608071804046631
2025-03-15 10:43:20,400 - Val_Epoch:44.0 Step: 31/32 | Loss: 0.89791339635849 | Time:0.9709398746490479
2025-03-15 10:43:20,603 - Val_Epoch:44.0 Step: 32/32 | Loss: 0.7220710515975952 | Time:1.1087257862091064
2025-03-15 10:43:20,603 - Validation - Accuracy: 0.9369369369369369, Precision: 0.9416342412451362, Recall: 0.8344827586206897, F1-Score: 0.8848263254113345
2025-03-15 10:43:20,603 - Saved model as model_epoch_44_acc_0.9369.pt
2025-03-15 10:43:20,603 - 
*** EPOCH: 45 ***

2025-03-15 10:43:21,870 - Epoch: 45 Step: 1/79 | Loss: 0.0002056407101918012 | Time:1.157686471939087
2025-03-15 10:43:23,023 - Epoch: 45 Step: 2/79 | Loss: 0.00010916154860751703 | Time:1.1881494522094727
2025-03-15 10:43:24,201 - Epoch: 45 Step: 3/79 | Loss: 1.7262153050978668e-05 | Time:1.1903083324432373
2025-03-15 10:43:25,311 - Epoch: 45 Step: 4/79 | Loss: 0.0003141574561595917 | Time:1.1097874641418457
2025-03-15 10:43:26,532 - Epoch: 45 Step: 5/79 | Loss: 5.364849494071677e-05 | Time:1.2048454284667969
2025-03-15 10:43:27,798 - Epoch: 45 Step: 6/79 | Loss: 0.0002525394666008651 | Time:1.2817027568817139
2025-03-15 10:43:28,987 - Epoch: 45 Step: 7/79 | Loss: 0.0001584433193784207 | Time:1.1888542175292969
2025-03-15 10:43:30,317 - Epoch: 45 Step: 8/79 | Loss: 0.00014137497055344284 | Time:1.3299529552459717
2025-03-15 10:43:31,489 - Epoch: 45 Step: 9/79 | Loss: 0.0001419504696968943 | Time:1.1727454662322998
2025-03-15 10:43:32,653 - Epoch: 45 Step: 10/79 | Loss: 0.0003353203064762056 | Time:1.1576590538024902
2025-03-15 10:43:33,962 - Epoch: 45 Step: 11/79 | Loss: 0.0019123038509860635 | Time:1.314429759979248
2025-03-15 10:43:35,073 - Epoch: 45 Step: 12/79 | Loss: 0.0011486322619020939 | Time:1.111694097518921
2025-03-15 10:43:36,199 - Epoch: 45 Step: 13/79 | Loss: 7.241769253596431e-06 | Time:1.1262152194976807
2025-03-15 10:43:37,482 - Epoch: 45 Step: 14/79 | Loss: 4.113223258173093e-05 | Time:1.2827973365783691
2025-03-15 10:43:38,546 - Epoch: 45 Step: 15/79 | Loss: 3.9870370528660715e-05 | Time:1.063683271408081
2025-03-15 10:43:39,816 - Epoch: 45 Step: 16/79 | Loss: 3.836019823211245e-05 | Time:1.2670388221740723
2025-03-15 10:43:40,892 - Epoch: 45 Step: 17/79 | Loss: 0.0010628424352034926 | Time:1.0877139568328857
2025-03-15 10:43:42,049 - Epoch: 45 Step: 18/79 | Loss: 0.00062927434919402 | Time:1.1486928462982178
2025-03-15 10:43:43,285 - Epoch: 45 Step: 19/79 | Loss: 0.0023957747034728527 | Time:1.2353334426879883
2025-03-15 10:43:44,474 - Epoch: 45 Step: 20/79 | Loss: 4.948313653585501e-05 | Time:1.2025198936462402
2025-03-15 10:43:45,739 - Epoch: 45 Step: 21/79 | Loss: 2.229010351584293e-05 | Time:1.2523887157440186
2025-03-15 10:43:46,788 - Epoch: 45 Step: 22/79 | Loss: 3.548993117874488e-05 | Time:1.0484304428100586
2025-03-15 10:43:48,055 - Epoch: 45 Step: 23/79 | Loss: 7.694947271374986e-05 | Time:1.266899585723877
2025-03-15 10:43:49,338 - Epoch: 45 Step: 24/79 | Loss: 6.852612568764016e-05 | Time:1.283733606338501
2025-03-15 10:43:50,606 - Epoch: 45 Step: 25/79 | Loss: 0.0001261916768271476 | Time:1.2670085430145264
2025-03-15 10:43:51,780 - Epoch: 45 Step: 26/79 | Loss: 0.019561856985092163 | Time:1.1745240688323975
2025-03-15 10:43:53,267 - Epoch: 45 Step: 27/79 | Loss: 0.006422312464565039 | Time:1.486677885055542
2025-03-15 10:43:54,393 - Epoch: 45 Step: 28/79 | Loss: 6.262095666897949e-06 | Time:1.126558542251587
2025-03-15 10:43:55,520 - Epoch: 45 Step: 29/79 | Loss: 0.02561435103416443 | Time:1.1270275115966797
2025-03-15 10:43:56,663 - Epoch: 45 Step: 30/79 | Loss: 0.006936578080058098 | Time:1.142256259918213
2025-03-15 10:43:57,789 - Epoch: 45 Step: 31/79 | Loss: 8.675814751768485e-05 | Time:1.1102349758148193
2025-03-15 10:43:59,275 - Epoch: 45 Step: 32/79 | Loss: 0.0017197072738781571 | Time:1.5019421577453613
2025-03-15 10:44:00,496 - Epoch: 45 Step: 33/79 | Loss: 0.00011732329585356638 | Time:1.2215161323547363
2025-03-15 10:44:01,731 - Epoch: 45 Step: 34/79 | Loss: 3.776988523895852e-05 | Time:1.2351372241973877
2025-03-15 10:44:02,811 - Epoch: 45 Step: 35/79 | Loss: 5.1846833230229095e-05 | Time:1.0795400142669678
2025-03-15 10:44:04,173 - Epoch: 45 Step: 36/79 | Loss: 0.0004593605117406696 | Time:1.3615872859954834
2025-03-15 10:44:05,266 - Epoch: 45 Step: 37/79 | Loss: 3.9267171814572066e-05 | Time:1.1005637645721436
2025-03-15 10:44:06,595 - Epoch: 45 Step: 38/79 | Loss: 0.019352465867996216 | Time:1.3221659660339355
2025-03-15 10:44:07,799 - Epoch: 45 Step: 39/79 | Loss: 0.000770517741329968 | Time:1.2041831016540527
2025-03-15 10:44:08,903 - Epoch: 45 Step: 40/79 | Loss: 3.4460761526133865e-05 | Time:1.0878736972808838
2025-03-15 10:44:10,044 - Epoch: 45 Step: 41/79 | Loss: 3.582605495466851e-05 | Time:1.142254114151001
2025-03-15 10:44:11,312 - Epoch: 45 Step: 42/79 | Loss: 0.0001838562311604619 | Time:1.281984806060791
2025-03-15 10:44:12,533 - Epoch: 45 Step: 43/79 | Loss: 0.0013850323157384992 | Time:1.2215845584869385
2025-03-15 10:44:13,455 - Epoch: 45 Step: 44/79 | Loss: 3.303187622805126e-05 | Time:0.9216835498809814
2025-03-15 10:44:15,098 - Epoch: 45 Step: 45/79 | Loss: 0.001264040358364582 | Time:1.642620325088501
2025-03-15 10:44:16,380 - Epoch: 45 Step: 46/79 | Loss: 1.221108868776355e-05 | Time:1.28267240524292
2025-03-15 10:44:17,734 - Epoch: 45 Step: 47/79 | Loss: 9.164361836155877e-05 | Time:1.3458476066589355
2025-03-15 10:44:18,994 - Epoch: 45 Step: 48/79 | Loss: 1.7720441974233836e-05 | Time:1.2674696445465088
2025-03-15 10:44:20,074 - Epoch: 45 Step: 49/79 | Loss: 2.4600307369837537e-05 | Time:1.0804650783538818
2025-03-15 10:44:21,356 - Epoch: 45 Step: 50/79 | Loss: 5.325056554283947e-05 | Time:1.2872962951660156
2025-03-15 10:44:22,325 - Epoch: 45 Step: 51/79 | Loss: 7.109838770702481e-05 | Time:0.949859619140625
2025-03-15 10:44:23,522 - Epoch: 45 Step: 52/79 | Loss: 0.00034575574682094157 | Time:1.2035064697265625
2025-03-15 10:44:24,611 - Epoch: 45 Step: 53/79 | Loss: 0.01520661823451519 | Time:1.0961918830871582
2025-03-15 10:44:25,799 - Epoch: 45 Step: 54/79 | Loss: 0.0017129405168816447 | Time:1.187851905822754
2025-03-15 10:44:26,988 - Epoch: 45 Step: 55/79 | Loss: 0.001328792073763907 | Time:1.1730852127075195
2025-03-15 10:44:28,380 - Epoch: 45 Step: 56/79 | Loss: 2.9833725420758128e-05 | Time:1.4079184532165527
2025-03-15 10:44:29,476 - Epoch: 45 Step: 57/79 | Loss: 0.0014835066394880414 | Time:1.0947329998016357
2025-03-15 10:44:30,758 - Epoch: 45 Step: 58/79 | Loss: 7.897557225078344e-05 | Time:1.283855676651001
2025-03-15 10:44:32,165 - Epoch: 45 Step: 59/79 | Loss: 0.0003964576462749392 | Time:1.3940489292144775
2025-03-15 10:44:33,480 - Epoch: 45 Step: 60/79 | Loss: 0.11121821403503418 | Time:1.3114123344421387
2025-03-15 10:44:34,716 - Epoch: 45 Step: 61/79 | Loss: 0.00026060958043672144 | Time:1.2522287368774414
2025-03-15 10:44:35,984 - Epoch: 45 Step: 62/79 | Loss: 0.28427278995513916 | Time:1.2671408653259277
2025-03-15 10:44:37,188 - Epoch: 45 Step: 63/79 | Loss: 0.007594581693410873 | Time:1.203678846359253
2025-03-15 10:44:38,689 - Epoch: 45 Step: 64/79 | Loss: 0.0006036153063178062 | Time:1.5057802200317383
2025-03-15 10:44:40,066 - Epoch: 45 Step: 65/79 | Loss: 5.8106790675083175e-05 | Time:1.374382495880127
2025-03-15 10:44:41,396 - Epoch: 45 Step: 66/79 | Loss: 0.009061514399945736 | Time:1.3291962146759033
2025-03-15 10:44:42,882 - Epoch: 45 Step: 67/79 | Loss: 0.0001599479146534577 | Time:1.4700329303741455
2025-03-15 10:44:44,101 - Epoch: 45 Step: 68/79 | Loss: 0.008042293600738049 | Time:1.2350282669067383
2025-03-15 10:44:45,291 - Epoch: 45 Step: 69/79 | Loss: 0.013506470248103142 | Time:1.1936991214752197
2025-03-15 10:44:46,464 - Epoch: 45 Step: 70/79 | Loss: 0.0004853779391851276 | Time:1.1689567565917969
2025-03-15 10:44:47,464 - Epoch: 45 Step: 71/79 | Loss: 0.0004321892629377544 | Time:1.000061273574829
2025-03-15 10:44:49,044 - Epoch: 45 Step: 72/79 | Loss: 0.011475048959255219 | Time:1.5797042846679688
2025-03-15 10:44:50,218 - Epoch: 45 Step: 73/79 | Loss: 0.03847360983490944 | Time:1.1740856170654297
2025-03-15 10:44:51,374 - Epoch: 45 Step: 74/79 | Loss: 0.00014932618068996817 | Time:1.1574268341064453
2025-03-15 10:44:52,548 - Epoch: 45 Step: 75/79 | Loss: 0.0023894074838608503 | Time:1.172597885131836
2025-03-15 10:44:53,938 - Epoch: 45 Step: 76/79 | Loss: 0.004399786703288555 | Time:1.37630295753479
2025-03-15 10:44:54,958 - Epoch: 45 Step: 77/79 | Loss: 6.307831063168123e-05 | Time:1.0330588817596436
2025-03-15 10:44:56,365 - Epoch: 45 Step: 78/79 | Loss: 0.00010206930164713413 | Time:1.4080238342285156
2025-03-15 10:44:56,554 - Epoch: 45 Step: 79/79 | Loss: 4.023286237497814e-06 | Time:0.23559832572937012
2025-03-15 10:44:57,444 - Val_Epoch:45.0 Step: 1/32 | Loss: 0.005569260101765394 | Time:0
2025-03-15 10:44:58,497 - Val_Epoch:45.0 Step: 2/32 | Loss: 0.26648297905921936 | Time:0.8905682563781738
2025-03-15 10:45:00,105 - Val_Epoch:45.0 Step: 3/32 | Loss: 0.6427489519119263 | Time:1.0539147853851318
2025-03-15 10:45:01,169 - Val_Epoch:45.0 Step: 4/32 | Loss: 0.2676831781864166 | Time:1.6065690517425537
2025-03-15 10:45:02,185 - Val_Epoch:45.0 Step: 5/32 | Loss: 0.09842066466808319 | Time:1.0637855529785156
2025-03-15 10:45:03,154 - Val_Epoch:45.0 Step: 6/32 | Loss: 0.2589986324310303 | Time:1.016005039215088
2025-03-15 10:45:04,186 - Val_Epoch:45.0 Step: 7/32 | Loss: 0.013876466080546379 | Time:0.9691762924194336
2025-03-15 10:45:05,673 - Val_Epoch:45.0 Step: 8/32 | Loss: 0.007192077115178108 | Time:1.0325977802276611
2025-03-15 10:45:06,752 - Val_Epoch:45.0 Step: 9/32 | Loss: 0.27608373761177063 | Time:1.486401081085205
2025-03-15 10:45:07,832 - Val_Epoch:45.0 Step: 10/32 | Loss: 0.002498458605259657 | Time:1.0793216228485107
2025-03-15 10:45:09,099 - Val_Epoch:45.0 Step: 11/32 | Loss: 0.44666731357574463 | Time:1.080033540725708
2025-03-15 10:45:10,177 - Val_Epoch:45.0 Step: 12/32 | Loss: 0.3357572555541992 | Time:1.266432762145996
2025-03-15 10:45:11,180 - Val_Epoch:45.0 Step: 13/32 | Loss: 0.2061973661184311 | Time:1.0788416862487793
2025-03-15 10:45:12,228 - Val_Epoch:45.0 Step: 14/32 | Loss: 0.26909932494163513 | Time:1.0026209354400635
2025-03-15 10:45:13,214 - Val_Epoch:45.0 Step: 15/32 | Loss: 0.09401193261146545 | Time:1.0481178760528564
2025-03-15 10:45:14,434 - Val_Epoch:45.0 Step: 16/32 | Loss: 0.44909659028053284 | Time:0.9856128692626953
2025-03-15 10:45:15,576 - Val_Epoch:45.0 Step: 17/32 | Loss: 0.0009299878729507327 | Time:1.2203211784362793
2025-03-15 10:45:16,718 - Val_Epoch:45.0 Step: 18/32 | Loss: 0.20323140919208527 | Time:1.1416831016540527
2025-03-15 10:45:17,862 - Val_Epoch:45.0 Step: 19/32 | Loss: 0.2582034468650818 | Time:1.1417572498321533
2025-03-15 10:45:18,751 - Val_Epoch:45.0 Step: 20/32 | Loss: 0.29698264598846436 | Time:1.1443088054656982
2025-03-15 10:45:19,847 - Val_Epoch:45.0 Step: 21/32 | Loss: 0.05782266706228256 | Time:0.8888602256774902
2025-03-15 10:45:20,848 - Val_Epoch:45.0 Step: 22/32 | Loss: 0.2759595215320587 | Time:1.0958781242370605
2025-03-15 10:45:21,771 - Val_Epoch:45.0 Step: 23/32 | Loss: 0.0758494958281517 | Time:1.001429796218872
2025-03-15 10:45:22,896 - Val_Epoch:45.0 Step: 24/32 | Loss: 0.27984127402305603 | Time:0.9227049350738525
2025-03-15 10:45:23,944 - Val_Epoch:45.0 Step: 25/32 | Loss: 0.00019831012468785048 | Time:1.1252315044403076
2025-03-15 10:45:25,149 - Val_Epoch:45.0 Step: 26/32 | Loss: 0.006633731536567211 | Time:1.0481846332550049
2025-03-15 10:45:26,370 - Val_Epoch:45.0 Step: 27/32 | Loss: 0.21666893362998962 | Time:1.2049462795257568
2025-03-15 10:45:27,422 - Val_Epoch:45.0 Step: 28/32 | Loss: 0.2828713357448578 | Time:1.2213354110717773
2025-03-15 10:45:28,262 - Val_Epoch:45.0 Step: 29/32 | Loss: 0.23425883054733276 | Time:1.0513980388641357
2025-03-15 10:45:29,327 - Val_Epoch:45.0 Step: 30/32 | Loss: 0.017819108441472054 | Time:0.8403365612030029
2025-03-15 10:45:30,470 - Val_Epoch:45.0 Step: 31/32 | Loss: 0.28288811445236206 | Time:1.0652704238891602
2025-03-15 10:45:30,671 - Val_Epoch:45.0 Step: 32/32 | Loss: 0.5695143938064575 | Time:1.1425042152404785
2025-03-15 10:45:30,671 - Validation - Accuracy: 0.9479479479479479, Precision: 0.9075342465753424, Recall: 0.9137931034482759, F1-Score: 0.9106529209621994
2025-03-15 10:45:30,671 - Saved model as model_epoch_45_acc_0.9479.pt
2025-03-15 10:45:30,671 - 
*** EPOCH: 46 ***

2025-03-15 10:45:31,750 - Epoch: 46 Step: 1/79 | Loss: 0.0001820063916966319 | Time:1.001746416091919
2025-03-15 10:45:32,861 - Epoch: 46 Step: 2/79 | Loss: 0.0002729381376411766 | Time:1.1255733966827393
2025-03-15 10:45:34,013 - Epoch: 46 Step: 3/79 | Loss: 0.00024121240130625665 | Time:1.1425938606262207
2025-03-15 10:45:35,098 - Epoch: 46 Step: 4/79 | Loss: 0.0001704516907921061 | Time:1.0945608615875244
2025-03-15 10:45:36,228 - Epoch: 46 Step: 5/79 | Loss: 0.01198854111135006 | Time:1.1263647079467773
2025-03-15 10:45:37,492 - Epoch: 46 Step: 6/79 | Loss: 0.0009654582245275378 | Time:1.2671337127685547
2025-03-15 10:45:38,665 - Epoch: 46 Step: 7/79 | Loss: 0.00015160451584961265 | Time:1.1729011535644531
2025-03-15 10:45:39,839 - Epoch: 46 Step: 8/79 | Loss: 0.0022999271750450134 | Time:1.1767535209655762
2025-03-15 10:45:41,137 - Epoch: 46 Step: 9/79 | Loss: 0.0009397940011695027 | Time:1.295281171798706
2025-03-15 10:45:42,311 - Epoch: 46 Step: 10/79 | Loss: 0.02551174908876419 | Time:1.174243688583374
2025-03-15 10:45:43,655 - Epoch: 46 Step: 11/79 | Loss: 0.00013708406186196953 | Time:1.3442273139953613
2025-03-15 10:45:44,787 - Epoch: 46 Step: 12/79 | Loss: 0.0003005239996127784 | Time:1.12563157081604
2025-03-15 10:45:45,814 - Epoch: 46 Step: 13/79 | Loss: 8.056427031988278e-05 | Time:1.0334231853485107
2025-03-15 10:45:47,142 - Epoch: 46 Step: 14/79 | Loss: 0.0005402785609476268 | Time:1.3280746936798096
2025-03-15 10:45:48,395 - Epoch: 46 Step: 15/79 | Loss: 0.0001549187581986189 | Time:1.2524497509002686
2025-03-15 10:45:49,631 - Epoch: 46 Step: 16/79 | Loss: 0.05389854684472084 | Time:1.2360360622406006
2025-03-15 10:45:50,647 - Epoch: 46 Step: 17/79 | Loss: 0.0007277392433024943 | Time:1.016465663909912
2025-03-15 10:45:51,868 - Epoch: 46 Step: 18/79 | Loss: 0.008510677143931389 | Time:1.2203843593597412
2025-03-15 10:45:53,197 - Epoch: 46 Step: 19/79 | Loss: 0.003172749886289239 | Time:1.3288323879241943
2025-03-15 10:45:54,167 - Epoch: 46 Step: 20/79 | Loss: 0.00011701846233336255 | Time:0.9702260494232178
2025-03-15 10:45:55,402 - Epoch: 46 Step: 21/79 | Loss: 0.004484253935515881 | Time:1.2355656623840332
2025-03-15 10:45:56,576 - Epoch: 46 Step: 22/79 | Loss: 0.00023604926536791027 | Time:1.1578373908996582
2025-03-15 10:45:58,000 - Epoch: 46 Step: 23/79 | Loss: 0.0014427618589252234 | Time:1.4391708374023438
2025-03-15 10:45:59,189 - Epoch: 46 Step: 24/79 | Loss: 0.0014314956497401 | Time:1.1736931800842285
2025-03-15 10:46:00,238 - Epoch: 46 Step: 25/79 | Loss: 0.0012195276794955134 | Time:1.0644853115081787
2025-03-15 10:46:01,379 - Epoch: 46 Step: 26/79 | Loss: 0.11242242902517319 | Time:1.1417584419250488
2025-03-15 10:46:02,318 - Epoch: 46 Step: 27/79 | Loss: 0.0005817472701892257 | Time:0.9386782646179199
2025-03-15 10:46:03,820 - Epoch: 46 Step: 28/79 | Loss: 0.0018260909710079432 | Time:1.5024054050445557
2025-03-15 10:46:05,135 - Epoch: 46 Step: 29/79 | Loss: 0.027517370879650116 | Time:1.3149685859680176
2025-03-15 10:46:06,637 - Epoch: 46 Step: 30/79 | Loss: 0.0007521886145696044 | Time:1.5021100044250488
2025-03-15 10:46:08,061 - Epoch: 46 Step: 31/79 | Loss: 0.002169731305912137 | Time:1.423185110092163
2025-03-15 10:46:09,180 - Epoch: 46 Step: 32/79 | Loss: 0.0004648926842492074 | Time:1.1093313694000244
2025-03-15 10:46:10,280 - Epoch: 46 Step: 33/79 | Loss: 0.0009087713551707566 | Time:1.110192060470581
2025-03-15 10:46:11,505 - Epoch: 46 Step: 34/79 | Loss: 0.003760064486414194 | Time:1.2195615768432617
2025-03-15 10:46:12,510 - Epoch: 46 Step: 35/79 | Loss: 0.0002519371046219021 | Time:1.0099167823791504
2025-03-15 10:46:13,792 - Epoch: 46 Step: 36/79 | Loss: 0.0024766360875219107 | Time:1.281972885131836
2025-03-15 10:46:15,184 - Epoch: 46 Step: 37/79 | Loss: 0.0004980472149327397 | Time:1.398604154586792
2025-03-15 10:46:16,264 - Epoch: 46 Step: 38/79 | Loss: 0.001085893833078444 | Time:1.0739057064056396
2025-03-15 10:46:17,642 - Epoch: 46 Step: 39/79 | Loss: 0.0002289889962412417 | Time:1.3618903160095215
2025-03-15 10:46:18,925 - Epoch: 46 Step: 40/79 | Loss: 0.003015191527083516 | Time:1.2991743087768555
2025-03-15 10:46:20,019 - Epoch: 46 Step: 41/79 | Loss: 0.0009180780616588891 | Time:1.0943515300750732
2025-03-15 10:46:21,114 - Epoch: 46 Step: 42/79 | Loss: 0.001325405901297927 | Time:1.0945372581481934
2025-03-15 10:46:22,459 - Epoch: 46 Step: 43/79 | Loss: 0.000715658301487565 | Time:1.345367193222046
2025-03-15 10:46:23,758 - Epoch: 46 Step: 44/79 | Loss: 0.0007176262442953885 | Time:1.2984788417816162
2025-03-15 10:46:25,026 - Epoch: 46 Step: 45/79 | Loss: 0.004655668046325445 | Time:1.2677173614501953
2025-03-15 10:46:26,121 - Epoch: 46 Step: 46/79 | Loss: 0.0028409233782440424 | Time:1.0949287414550781
2025-03-15 10:46:27,528 - Epoch: 46 Step: 47/79 | Loss: 0.0008246725192293525 | Time:1.4071948528289795
2025-03-15 10:46:28,700 - Epoch: 46 Step: 48/79 | Loss: 0.00047541011008434 | Time:1.1570734977722168
2025-03-15 10:46:29,937 - Epoch: 46 Step: 49/79 | Loss: 0.0003347536257933825 | Time:1.2513227462768555
2025-03-15 10:46:31,033 - Epoch: 46 Step: 50/79 | Loss: 0.0007132506580092013 | Time:1.096726417541504
2025-03-15 10:46:32,299 - Epoch: 46 Step: 51/79 | Loss: 0.00035130142350681126 | Time:1.2660646438598633
2025-03-15 10:46:33,463 - Epoch: 46 Step: 52/79 | Loss: 0.00021703483071178198 | Time:1.156991958618164
2025-03-15 10:46:34,676 - Epoch: 46 Step: 53/79 | Loss: 0.0008382002706639469 | Time:1.2199475765228271
2025-03-15 10:46:35,912 - Epoch: 46 Step: 54/79 | Loss: 0.00016531225992366672 | Time:1.2357745170593262
2025-03-15 10:46:37,258 - Epoch: 46 Step: 55/79 | Loss: 0.0005954608786851168 | Time:1.3306825160980225
2025-03-15 10:46:38,432 - Epoch: 46 Step: 56/79 | Loss: 0.0060664997436106205 | Time:1.188652753829956
2025-03-15 10:46:39,791 - Epoch: 46 Step: 57/79 | Loss: 0.0004029902338515967 | Time:1.3602092266082764
2025-03-15 10:46:41,386 - Epoch: 46 Step: 58/79 | Loss: 0.0013012528652325273 | Time:1.594421148300171
2025-03-15 10:46:42,575 - Epoch: 46 Step: 59/79 | Loss: 0.009451230056583881 | Time:1.1890225410461426
2025-03-15 10:46:43,873 - Epoch: 46 Step: 60/79 | Loss: 0.00015428935876116157 | Time:1.2982141971588135
2025-03-15 10:46:45,000 - Epoch: 46 Step: 61/79 | Loss: 0.002382502891123295 | Time:1.1266756057739258
2025-03-15 10:46:46,233 - Epoch: 46 Step: 62/79 | Loss: 0.00037183729000389576 | Time:1.2199077606201172
2025-03-15 10:46:47,472 - Epoch: 46 Step: 63/79 | Loss: 0.0013229656033217907 | Time:1.2528090476989746
2025-03-15 10:46:48,910 - Epoch: 46 Step: 64/79 | Loss: 0.0006468828651122749 | Time:1.4382195472717285
2025-03-15 10:46:50,131 - Epoch: 46 Step: 65/79 | Loss: 0.00021228977129794657 | Time:1.220271348953247
2025-03-15 10:46:51,285 - Epoch: 46 Step: 66/79 | Loss: 0.00013922937796451151 | Time:1.1424036026000977
2025-03-15 10:46:52,493 - Epoch: 46 Step: 67/79 | Loss: 0.0003893751709256321 | Time:1.2202012538909912
2025-03-15 10:46:53,823 - Epoch: 46 Step: 68/79 | Loss: 0.0005172446835786104 | Time:1.3299548625946045
2025-03-15 10:46:55,013 - Epoch: 46 Step: 69/79 | Loss: 0.016314508393406868 | Time:1.1890416145324707
2025-03-15 10:46:56,203 - Epoch: 46 Step: 70/79 | Loss: 5.417456122813746e-05 | Time:1.1903905868530273
2025-03-15 10:46:57,383 - Epoch: 46 Step: 71/79 | Loss: 0.00038894228055141866 | Time:1.1711132526397705
2025-03-15 10:46:58,580 - Epoch: 46 Step: 72/79 | Loss: 0.000418656796682626 | Time:1.1907846927642822
2025-03-15 10:46:59,768 - Epoch: 46 Step: 73/79 | Loss: 5.6493379815947264e-05 | Time:1.1877954006195068
2025-03-15 10:47:01,020 - Epoch: 46 Step: 74/79 | Loss: 3.450242365943268e-05 | Time:1.2516493797302246
2025-03-15 10:47:02,335 - Epoch: 46 Step: 75/79 | Loss: 0.00011019588419003412 | Time:1.3310844898223877
2025-03-15 10:47:03,680 - Epoch: 46 Step: 76/79 | Loss: 0.00012788447202183306 | Time:1.3290693759918213
2025-03-15 10:47:05,025 - Epoch: 46 Step: 77/79 | Loss: 0.0015237674815580249 | Time:1.3617024421691895
2025-03-15 10:47:06,184 - Epoch: 46 Step: 78/79 | Loss: 4.315171827329323e-05 | Time:1.1584415435791016
2025-03-15 10:47:06,450 - Epoch: 46 Step: 79/79 | Loss: 3.784880163948401e-06 | Time:0.3121833801269531
2025-03-15 10:47:07,341 - Val_Epoch:46.0 Step: 1/32 | Loss: 0.00575636699795723 | Time:0
2025-03-15 10:47:08,357 - Val_Epoch:46.0 Step: 2/32 | Loss: 0.25872913002967834 | Time:0.8909170627593994
2025-03-15 10:47:09,720 - Val_Epoch:46.0 Step: 3/32 | Loss: 0.8239615559577942 | Time:1.0324580669403076
2025-03-15 10:47:10,767 - Val_Epoch:46.0 Step: 4/32 | Loss: 0.3488237261772156 | Time:1.346419334411621
2025-03-15 10:47:11,784 - Val_Epoch:46.0 Step: 5/32 | Loss: 0.0060081640258431435 | Time:1.0474975109100342
2025-03-15 10:47:12,740 - Val_Epoch:46.0 Step: 6/32 | Loss: 0.4667055904865265 | Time:1.0169291496276855
2025-03-15 10:47:13,911 - Val_Epoch:46.0 Step: 7/32 | Loss: 0.1413581520318985 | Time:0.9569723606109619
2025-03-15 10:47:15,397 - Val_Epoch:46.0 Step: 8/32 | Loss: 0.0652838796377182 | Time:1.1700756549835205
2025-03-15 10:47:16,476 - Val_Epoch:46.0 Step: 9/32 | Loss: 0.19008710980415344 | Time:1.4857771396636963
2025-03-15 10:47:17,524 - Val_Epoch:46.0 Step: 10/32 | Loss: 0.001042433432303369 | Time:1.0793185234069824
2025-03-15 10:47:18,775 - Val_Epoch:46.0 Step: 11/32 | Loss: 0.18434341251850128 | Time:1.0481226444244385
2025-03-15 10:47:19,866 - Val_Epoch:46.0 Step: 12/32 | Loss: 0.20737898349761963 | Time:1.25111722946167
2025-03-15 10:47:20,839 - Val_Epoch:46.0 Step: 13/32 | Loss: 0.36572134494781494 | Time:1.0904631614685059
2025-03-15 10:47:21,856 - Val_Epoch:46.0 Step: 14/32 | Loss: 0.053717177361249924 | Time:0.9732694625854492
2025-03-15 10:47:22,856 - Val_Epoch:46.0 Step: 15/32 | Loss: 0.10204971581697464 | Time:1.0167107582092285
2025-03-15 10:47:24,044 - Val_Epoch:46.0 Step: 16/32 | Loss: 0.48238879442214966 | Time:1.0005619525909424
2025-03-15 10:47:25,169 - Val_Epoch:46.0 Step: 17/32 | Loss: 0.09358788281679153 | Time:1.187309980392456
2025-03-15 10:47:26,315 - Val_Epoch:46.0 Step: 18/32 | Loss: 0.27763310074806213 | Time:1.125269889831543
2025-03-15 10:47:27,441 - Val_Epoch:46.0 Step: 19/32 | Loss: 0.27973517775535583 | Time:1.1462113857269287
2025-03-15 10:47:28,317 - Val_Epoch:46.0 Step: 20/32 | Loss: 0.31669917702674866 | Time:1.1263508796691895
2025-03-15 10:47:29,413 - Val_Epoch:46.0 Step: 21/32 | Loss: 0.02972114458680153 | Time:0.8760268688201904
2025-03-15 10:47:30,399 - Val_Epoch:46.0 Step: 22/32 | Loss: 0.4316929280757904 | Time:1.0957772731781006
2025-03-15 10:47:31,306 - Val_Epoch:46.0 Step: 23/32 | Loss: 0.31717804074287415 | Time:0.9852960109710693
2025-03-15 10:47:32,432 - Val_Epoch:46.0 Step: 24/32 | Loss: 0.4453960657119751 | Time:0.9074392318725586
2025-03-15 10:47:33,480 - Val_Epoch:46.0 Step: 25/32 | Loss: 0.0002322692598681897 | Time:1.1256694793701172
2025-03-15 10:47:34,684 - Val_Epoch:46.0 Step: 26/32 | Loss: 0.000889070681296289 | Time:1.0482449531555176
2025-03-15 10:47:35,857 - Val_Epoch:46.0 Step: 27/32 | Loss: 0.3230151832103729 | Time:1.204467535018921
2025-03-15 10:47:36,889 - Val_Epoch:46.0 Step: 28/32 | Loss: 0.30927586555480957 | Time:1.172842025756836
2025-03-15 10:47:37,766 - Val_Epoch:46.0 Step: 29/32 | Loss: 0.19795064628124237 | Time:1.0321290493011475
2025-03-15 10:47:38,725 - Val_Epoch:46.0 Step: 30/32 | Loss: 0.002759294817224145 | Time:0.876319408416748
2025-03-15 10:47:39,848 - Val_Epoch:46.0 Step: 31/32 | Loss: 0.6791325211524963 | Time:0.9593214988708496
2025-03-15 10:47:40,052 - Val_Epoch:46.0 Step: 32/32 | Loss: 0.4796247184276581 | Time:1.122791051864624
2025-03-15 10:47:40,052 - Validation - Accuracy: 0.9519519519519519, Precision: 0.9416058394160584, Recall: 0.8896551724137931, F1-Score: 0.9148936170212766
2025-03-15 10:47:40,052 - Saved model as model_epoch_46_acc_0.9520.pt
2025-03-15 10:47:40,052 - 
*** EPOCH: 47 ***

2025-03-15 10:47:41,363 - Epoch: 47 Step: 1/79 | Loss: 0.0008117849356494844 | Time:1.2160797119140625
2025-03-15 10:47:42,992 - Epoch: 47 Step: 2/79 | Loss: 0.00011842005915241316 | Time:1.6604177951812744
2025-03-15 10:47:44,268 - Epoch: 47 Step: 3/79 | Loss: 0.00033023746800608933 | Time:1.2674620151519775
2025-03-15 10:47:45,447 - Epoch: 47 Step: 4/79 | Loss: 0.0001196720331790857 | Time:1.188542366027832
2025-03-15 10:47:46,480 - Epoch: 47 Step: 5/79 | Loss: 0.0007075687753967941 | Time:1.0327978134155273
2025-03-15 10:47:47,684 - Epoch: 47 Step: 6/79 | Loss: 0.000299090170301497 | Time:1.1886506080627441
2025-03-15 10:47:48,951 - Epoch: 47 Step: 7/79 | Loss: 7.984852709341794e-05 | Time:1.283414363861084
2025-03-15 10:47:50,107 - Epoch: 47 Step: 8/79 | Loss: 0.006741800345480442 | Time:1.155803918838501
2025-03-15 10:47:51,422 - Epoch: 47 Step: 9/79 | Loss: 0.047762952744960785 | Time:1.314291000366211
2025-03-15 10:47:52,642 - Epoch: 47 Step: 10/79 | Loss: 0.0004067816771566868 | Time:1.2207109928131104
2025-03-15 10:47:53,784 - Epoch: 47 Step: 11/79 | Loss: 8.253398118540645e-05 | Time:1.1411006450653076
2025-03-15 10:47:55,004 - Epoch: 47 Step: 12/79 | Loss: 4.606053335010074e-05 | Time:1.21982741355896
2025-03-15 10:47:56,147 - Epoch: 47 Step: 13/79 | Loss: 0.0002939412952400744 | Time:1.1434037685394287
2025-03-15 10:47:57,194 - Epoch: 47 Step: 14/79 | Loss: 8.82828826433979e-05 | Time:1.0319750308990479
2025-03-15 10:47:58,540 - Epoch: 47 Step: 15/79 | Loss: 0.00011133318912470713 | Time:1.3612234592437744
2025-03-15 10:47:59,805 - Epoch: 47 Step: 16/79 | Loss: 5.339369090506807e-05 | Time:1.2654931545257568
2025-03-15 10:48:00,824 - Epoch: 47 Step: 17/79 | Loss: 0.00024342133838217705 | Time:1.0181605815887451
2025-03-15 10:48:02,294 - Epoch: 47 Step: 18/79 | Loss: 8.177295239875093e-05 | Time:1.4700422286987305
2025-03-15 10:48:03,655 - Epoch: 47 Step: 19/79 | Loss: 8.653519762447104e-05 | Time:1.3608691692352295
2025-03-15 10:48:04,594 - Epoch: 47 Step: 20/79 | Loss: 5.4236592404777184e-05 | Time:0.9391870498657227
2025-03-15 10:48:05,767 - Epoch: 47 Step: 21/79 | Loss: 0.0003002070006914437 | Time:1.1719269752502441
2025-03-15 10:48:07,002 - Epoch: 47 Step: 22/79 | Loss: 0.00013311635120771825 | Time:1.2361102104187012
2025-03-15 10:48:08,129 - Epoch: 47 Step: 23/79 | Loss: 0.002436844864860177 | Time:1.1272706985473633
2025-03-15 10:48:09,271 - Epoch: 47 Step: 24/79 | Loss: 0.0007349293446168303 | Time:1.1415231227874756
2025-03-15 10:48:10,508 - Epoch: 47 Step: 25/79 | Loss: 0.004617564380168915 | Time:1.2377777099609375
2025-03-15 10:48:11,822 - Epoch: 47 Step: 26/79 | Loss: 0.00018512949463911355 | Time:1.3132224082946777
2025-03-15 10:48:12,979 - Epoch: 47 Step: 27/79 | Loss: 0.009852721355855465 | Time:1.1572563648223877
2025-03-15 10:48:14,073 - Epoch: 47 Step: 28/79 | Loss: 0.0037520534824579954 | Time:1.0945539474487305
2025-03-15 10:48:15,185 - Epoch: 47 Step: 29/79 | Loss: 7.132683822419494e-05 | Time:1.111255407333374
2025-03-15 10:48:16,462 - Epoch: 47 Step: 30/79 | Loss: 0.0003014066314790398 | Time:1.2652640342712402
2025-03-15 10:48:17,562 - Epoch: 47 Step: 31/79 | Loss: 8.824167889542878e-05 | Time:1.1120433807373047
2025-03-15 10:48:18,578 - Epoch: 47 Step: 32/79 | Loss: 4.926708061248064e-05 | Time:1.016404151916504
2025-03-15 10:48:19,907 - Epoch: 47 Step: 33/79 | Loss: 0.000618294405285269 | Time:1.3291490077972412
2025-03-15 10:48:21,113 - Epoch: 47 Step: 34/79 | Loss: 0.0009775911457836628 | Time:1.2067687511444092
2025-03-15 10:48:22,255 - Epoch: 47 Step: 35/79 | Loss: 9.091357060242444e-05 | Time:1.140357494354248
2025-03-15 10:48:23,397 - Epoch: 47 Step: 36/79 | Loss: 0.00023223209427669644 | Time:1.1427795886993408
2025-03-15 10:48:24,570 - Epoch: 47 Step: 37/79 | Loss: 0.00024280369689222425 | Time:1.172257900238037
2025-03-15 10:48:25,822 - Epoch: 47 Step: 38/79 | Loss: 0.04677259549498558 | Time:1.2523820400238037
2025-03-15 10:48:26,824 - Epoch: 47 Step: 39/79 | Loss: 0.0029659077990800142 | Time:1.0022056102752686
2025-03-15 10:48:28,123 - Epoch: 47 Step: 40/79 | Loss: 0.00010329471115255728 | Time:1.2990188598632812
2025-03-15 10:48:29,469 - Epoch: 47 Step: 41/79 | Loss: 0.00018085152260027826 | Time:1.329251766204834
2025-03-15 10:48:30,766 - Epoch: 47 Step: 42/79 | Loss: 0.0006290656165219843 | Time:1.2975668907165527
2025-03-15 10:48:32,143 - Epoch: 47 Step: 43/79 | Loss: 0.00029449921566993 | Time:1.3927249908447266
2025-03-15 10:48:33,552 - Epoch: 47 Step: 44/79 | Loss: 0.0005964049487374723 | Time:1.3935837745666504
2025-03-15 10:48:34,803 - Epoch: 47 Step: 45/79 | Loss: 6.297783693298697e-05 | Time:1.2662086486816406
2025-03-15 10:48:35,897 - Epoch: 47 Step: 46/79 | Loss: 9.804492583498359e-05 | Time:1.1017978191375732
2025-03-15 10:48:37,196 - Epoch: 47 Step: 47/79 | Loss: 9.008387860376388e-05 | Time:1.2914483547210693
2025-03-15 10:48:38,421 - Epoch: 47 Step: 48/79 | Loss: 9.964424680219963e-05 | Time:1.2205734252929688
2025-03-15 10:48:39,621 - Epoch: 47 Step: 49/79 | Loss: 0.00012020712165394798 | Time:1.204638957977295
2025-03-15 10:48:40,857 - Epoch: 47 Step: 50/79 | Loss: 0.001171452458947897 | Time:1.2357256412506104
2025-03-15 10:48:42,045 - Epoch: 47 Step: 51/79 | Loss: 7.946477126097307e-05 | Time:1.1952769756317139
2025-03-15 10:48:43,267 - Epoch: 47 Step: 52/79 | Loss: 0.00013375189155340195 | Time:1.2145180702209473
2025-03-15 10:48:44,392 - Epoch: 47 Step: 53/79 | Loss: 0.0003369151963852346 | Time:1.125734806060791
2025-03-15 10:48:45,842 - Epoch: 47 Step: 54/79 | Loss: 0.0005670188693329692 | Time:1.4391179084777832
2025-03-15 10:48:47,005 - Epoch: 47 Step: 55/79 | Loss: 6.938604929018766e-05 | Time:1.1578900814056396
2025-03-15 10:48:48,366 - Epoch: 47 Step: 56/79 | Loss: 0.004895347636193037 | Time:1.3609511852264404
2025-03-15 10:48:49,663 - Epoch: 47 Step: 57/79 | Loss: 6.977945304242894e-05 | Time:1.2985694408416748
2025-03-15 10:48:50,680 - Epoch: 47 Step: 58/79 | Loss: 0.003764419350773096 | Time:1.017712116241455
2025-03-15 10:48:51,917 - Epoch: 47 Step: 59/79 | Loss: 0.0005484774010255933 | Time:1.2505643367767334
2025-03-15 10:48:53,154 - Epoch: 47 Step: 60/79 | Loss: 9.022392623592168e-05 | Time:1.2362899780273438
2025-03-15 10:48:54,325 - Epoch: 47 Step: 61/79 | Loss: 0.0001549288135720417 | Time:1.1715304851531982
2025-03-15 10:48:55,624 - Epoch: 47 Step: 62/79 | Loss: 0.031670935451984406 | Time:1.2835047245025635
2025-03-15 10:48:56,970 - Epoch: 47 Step: 63/79 | Loss: 3.3460590202594176e-05 | Time:1.3614904880523682
2025-03-15 10:48:58,191 - Epoch: 47 Step: 64/79 | Loss: 0.00034849983057938516 | Time:1.2049708366394043
2025-03-15 10:48:59,455 - Epoch: 47 Step: 65/79 | Loss: 0.10589761286973953 | Time:1.2644832134246826
2025-03-15 10:49:00,566 - Epoch: 47 Step: 66/79 | Loss: 5.4445554269477725e-05 | Time:1.1263983249664307
2025-03-15 10:49:01,693 - Epoch: 47 Step: 67/79 | Loss: 3.863782330881804e-05 | Time:1.111619472503662
2025-03-15 10:49:03,101 - Epoch: 47 Step: 68/79 | Loss: 0.000151112224557437 | Time:1.423518180847168
2025-03-15 10:49:04,352 - Epoch: 47 Step: 69/79 | Loss: 9.366710582980886e-05 | Time:1.2355594635009766
2025-03-15 10:49:05,447 - Epoch: 47 Step: 70/79 | Loss: 0.0010489342967048287 | Time:1.1196091175079346
2025-03-15 10:49:06,831 - Epoch: 47 Step: 71/79 | Loss: 0.039952248334884644 | Time:1.3663945198059082
2025-03-15 10:49:08,104 - Epoch: 47 Step: 72/79 | Loss: 7.479993655579165e-05 | Time:1.281583547592163
2025-03-15 10:49:09,341 - Epoch: 47 Step: 73/79 | Loss: 0.0004693872178904712 | Time:1.2372028827667236
2025-03-15 10:49:10,733 - Epoch: 47 Step: 74/79 | Loss: 0.0034094247967004776 | Time:1.392003059387207
2025-03-15 10:49:12,021 - Epoch: 47 Step: 75/79 | Loss: 6.0043421399313956e-05 | Time:1.2826647758483887
2025-03-15 10:49:13,111 - Epoch: 47 Step: 76/79 | Loss: 4.7190453187795356e-05 | Time:1.105877161026001
2025-03-15 10:49:14,450 - Epoch: 47 Step: 77/79 | Loss: 0.00031338343978859484 | Time:1.318427324295044
2025-03-15 10:49:15,755 - Epoch: 47 Step: 78/79 | Loss: 0.0003438190324231982 | Time:1.3143959045410156
2025-03-15 10:49:15,911 - Epoch: 47 Step: 79/79 | Loss: 4.9769382712838706e-06 | Time:0.20307493209838867
2025-03-15 10:49:16,803 - Val_Epoch:47.0 Step: 1/32 | Loss: 0.0022360270377248526 | Time:0
2025-03-15 10:49:17,836 - Val_Epoch:47.0 Step: 2/32 | Loss: 0.2867186963558197 | Time:0.8921375274658203
2025-03-15 10:49:19,213 - Val_Epoch:47.0 Step: 3/32 | Loss: 0.8923307657241821 | Time:1.0332248210906982
2025-03-15 10:49:20,261 - Val_Epoch:47.0 Step: 4/32 | Loss: 0.37202557921409607 | Time:1.376924753189087
2025-03-15 10:49:21,263 - Val_Epoch:47.0 Step: 5/32 | Loss: 0.0009307705913670361 | Time:1.0483272075653076
2025-03-15 10:49:22,235 - Val_Epoch:47.0 Step: 6/32 | Loss: 0.5362715125083923 | Time:1.0010859966278076
2025-03-15 10:49:23,266 - Val_Epoch:47.0 Step: 7/32 | Loss: 0.18020841479301453 | Time:0.9724576473236084
2025-03-15 10:49:24,720 - Val_Epoch:47.0 Step: 8/32 | Loss: 0.06891263276338577 | Time:1.032071828842163
2025-03-15 10:49:25,815 - Val_Epoch:47.0 Step: 9/32 | Loss: 0.1649540215730667 | Time:1.4685437679290771
2025-03-15 10:49:26,864 - Val_Epoch:47.0 Step: 10/32 | Loss: 0.004992292728275061 | Time:1.0807456970214844
2025-03-15 10:49:28,116 - Val_Epoch:47.0 Step: 11/32 | Loss: 0.25569915771484375 | Time:1.0472097396850586
2025-03-15 10:49:29,209 - Val_Epoch:47.0 Step: 12/32 | Loss: 0.2649208605289459 | Time:1.2522339820861816
2025-03-15 10:49:30,194 - Val_Epoch:47.0 Step: 13/32 | Loss: 0.4634960889816284 | Time:1.093684196472168
2025-03-15 10:49:31,226 - Val_Epoch:47.0 Step: 14/32 | Loss: 0.023782454431056976 | Time:0.9847748279571533
2025-03-15 10:49:32,229 - Val_Epoch:47.0 Step: 15/32 | Loss: 0.0310056209564209 | Time:1.0322213172912598
2025-03-15 10:49:33,457 - Val_Epoch:47.0 Step: 16/32 | Loss: 0.43202832341194153 | Time:1.0026423931121826
2025-03-15 10:49:34,590 - Val_Epoch:47.0 Step: 17/32 | Loss: 0.10629179328680038 | Time:1.2278573513031006
2025-03-15 10:49:35,748 - Val_Epoch:47.0 Step: 18/32 | Loss: 0.3108586072921753 | Time:1.1332483291625977
2025-03-15 10:49:36,873 - Val_Epoch:47.0 Step: 19/32 | Loss: 0.29946866631507874 | Time:1.15787935256958
2025-03-15 10:49:37,765 - Val_Epoch:47.0 Step: 20/32 | Loss: 0.3677714765071869 | Time:1.1246113777160645
2025-03-15 10:49:38,830 - Val_Epoch:47.0 Step: 21/32 | Loss: 0.05090406909584999 | Time:0.8923909664154053
2025-03-15 10:49:39,831 - Val_Epoch:47.0 Step: 22/32 | Loss: 0.6804041266441345 | Time:1.0805137157440186
2025-03-15 10:49:40,753 - Val_Epoch:47.0 Step: 23/32 | Loss: 0.4446074664592743 | Time:0.9855411052703857
2025-03-15 10:49:41,848 - Val_Epoch:47.0 Step: 24/32 | Loss: 0.8381964564323425 | Time:0.9223108291625977
2025-03-15 10:49:42,928 - Val_Epoch:47.0 Step: 25/32 | Loss: 0.0008736744639463723 | Time:1.0945019721984863
2025-03-15 10:49:44,135 - Val_Epoch:47.0 Step: 26/32 | Loss: 0.027711162343621254 | Time:1.0798428058624268
2025-03-15 10:49:45,322 - Val_Epoch:47.0 Step: 27/32 | Loss: 0.37966489791870117 | Time:1.2072069644927979
2025-03-15 10:49:46,369 - Val_Epoch:47.0 Step: 28/32 | Loss: 0.3335685729980469 | Time:1.1865432262420654
2025-03-15 10:49:47,229 - Val_Epoch:47.0 Step: 29/32 | Loss: 0.1298295557498932 | Time:1.0476832389831543
2025-03-15 10:49:48,184 - Val_Epoch:47.0 Step: 30/32 | Loss: 0.0008309410186484456 | Time:0.8601610660552979
2025-03-15 10:49:49,326 - Val_Epoch:47.0 Step: 31/32 | Loss: 0.8552728295326233 | Time:0.9547557830810547
2025-03-15 10:49:49,514 - Val_Epoch:47.0 Step: 32/32 | Loss: 0.4159553349018097 | Time:1.1418862342834473
2025-03-15 10:49:49,514 - Validation - Accuracy: 0.9459459459459459, Precision: 0.950381679389313, Recall: 0.8586206896551725, F1-Score: 0.9021739130434783
2025-03-15 10:49:49,514 - Saved model as model_epoch_47_acc_0.9459.pt
2025-03-15 10:49:49,514 - 
*** EPOCH: 48 ***

2025-03-15 10:49:50,813 - Epoch: 48 Step: 1/79 | Loss: 0.00016061004134826362 | Time:1.2273294925689697
2025-03-15 10:49:51,876 - Epoch: 48 Step: 2/79 | Loss: 0.00013220174878370017 | Time:1.0791444778442383
2025-03-15 10:49:53,253 - Epoch: 48 Step: 3/79 | Loss: 0.00020013963512610644 | Time:1.3697667121887207
2025-03-15 10:49:54,411 - Epoch: 48 Step: 4/79 | Loss: 4.830347825190984e-05 | Time:1.1628735065460205
2025-03-15 10:49:55,756 - Epoch: 48 Step: 5/79 | Loss: 0.0025855584535747766 | Time:1.340158462524414
2025-03-15 10:49:56,928 - Epoch: 48 Step: 6/79 | Loss: 7.020414341241121e-05 | Time:1.1567564010620117
2025-03-15 10:49:58,060 - Epoch: 48 Step: 7/79 | Loss: 6.11853101872839e-05 | Time:1.1508855819702148
2025-03-15 10:49:59,260 - Epoch: 48 Step: 8/79 | Loss: 0.00015527584764640778 | Time:1.195807695388794
2025-03-15 10:50:00,356 - Epoch: 48 Step: 9/79 | Loss: 0.0002883066772483289 | Time:1.0965418815612793
2025-03-15 10:50:01,529 - Epoch: 48 Step: 10/79 | Loss: 0.0003929999365936965 | Time:1.173091173171997
2025-03-15 10:50:02,843 - Epoch: 48 Step: 11/79 | Loss: 0.0006601777859032154 | Time:1.3136837482452393
2025-03-15 10:50:04,251 - Epoch: 48 Step: 12/79 | Loss: 0.0002737131144385785 | Time:1.407815933227539
2025-03-15 10:50:05,487 - Epoch: 48 Step: 13/79 | Loss: 1.807812077458948e-05 | Time:1.2370045185089111
2025-03-15 10:50:06,723 - Epoch: 48 Step: 14/79 | Loss: 0.00013538499479182065 | Time:1.2348268032073975
2025-03-15 10:50:08,052 - Epoch: 48 Step: 15/79 | Loss: 0.044084928929805756 | Time:1.3300435543060303
2025-03-15 10:50:09,383 - Epoch: 48 Step: 16/79 | Loss: 0.01924986019730568 | Time:1.330033779144287
2025-03-15 10:50:10,571 - Epoch: 48 Step: 17/79 | Loss: 2.62879748333944e-05 | Time:1.1888880729675293
2025-03-15 10:50:11,775 - Epoch: 48 Step: 18/79 | Loss: 0.00037283659912645817 | Time:1.2037696838378906
2025-03-15 10:50:12,948 - Epoch: 48 Step: 19/79 | Loss: 0.00694839796051383 | Time:1.173067331314087
2025-03-15 10:50:14,152 - Epoch: 48 Step: 20/79 | Loss: 5.216346471570432e-05 | Time:1.2037882804870605
2025-03-15 10:50:15,262 - Epoch: 48 Step: 21/79 | Loss: 7.020117482170463e-05 | Time:1.1099979877471924
2025-03-15 10:50:16,325 - Epoch: 48 Step: 22/79 | Loss: 9.572105773258954e-05 | Time:1.0627167224884033
2025-03-15 10:50:17,529 - Epoch: 48 Step: 23/79 | Loss: 0.004910263232886791 | Time:1.2044692039489746
2025-03-15 10:50:18,922 - Epoch: 48 Step: 24/79 | Loss: 0.0015410694759339094 | Time:1.3923826217651367
2025-03-15 10:50:20,016 - Epoch: 48 Step: 25/79 | Loss: 0.000969964952673763 | Time:1.0949242115020752
2025-03-15 10:50:21,300 - Epoch: 48 Step: 26/79 | Loss: 0.0005964713636785746 | Time:1.2833969593048096
2025-03-15 10:50:22,536 - Epoch: 48 Step: 27/79 | Loss: 9.533758566249162e-05 | Time:1.2360477447509766
2025-03-15 10:50:23,678 - Epoch: 48 Step: 28/79 | Loss: 0.1844523698091507 | Time:1.1265838146209717
2025-03-15 10:50:24,867 - Epoch: 48 Step: 29/79 | Loss: 0.0023100594989955425 | Time:1.206970453262329
2025-03-15 10:50:26,306 - Epoch: 48 Step: 30/79 | Loss: 0.0017319658072665334 | Time:1.4363138675689697
2025-03-15 10:50:27,400 - Epoch: 48 Step: 31/79 | Loss: 0.004899791441857815 | Time:1.0942811965942383
2025-03-15 10:50:28,823 - Epoch: 48 Step: 32/79 | Loss: 0.00023079285165295005 | Time:1.4229881763458252
2025-03-15 10:50:30,290 - Epoch: 48 Step: 33/79 | Loss: 0.0025916332378983498 | Time:1.4552946090698242
2025-03-15 10:50:31,437 - Epoch: 48 Step: 34/79 | Loss: 0.0010492766741663218 | Time:1.1576497554779053
2025-03-15 10:50:32,501 - Epoch: 48 Step: 35/79 | Loss: 7.328117499127984e-05 | Time:1.0646681785583496
2025-03-15 10:50:33,847 - Epoch: 48 Step: 36/79 | Loss: 0.020432747900485992 | Time:1.3462152481079102
2025-03-15 10:50:35,145 - Epoch: 48 Step: 37/79 | Loss: 0.0019571392331272364 | Time:1.2982606887817383
2025-03-15 10:50:36,239 - Epoch: 48 Step: 38/79 | Loss: 0.002814014907926321 | Time:1.0937204360961914
2025-03-15 10:50:37,538 - Epoch: 48 Step: 39/79 | Loss: 0.0006604903610423207 | Time:1.2988955974578857
2025-03-15 10:50:38,773 - Epoch: 48 Step: 40/79 | Loss: 0.0001157671504188329 | Time:1.234678030014038
2025-03-15 10:50:39,942 - Epoch: 48 Step: 41/79 | Loss: 0.00029117250232957304 | Time:1.1578454971313477
2025-03-15 10:50:41,167 - Epoch: 48 Step: 42/79 | Loss: 0.000141698241350241 | Time:1.236858606338501
2025-03-15 10:50:42,434 - Epoch: 48 Step: 43/79 | Loss: 0.00041985948337242007 | Time:1.2661261558532715
2025-03-15 10:50:43,607 - Epoch: 48 Step: 44/79 | Loss: 0.003226847853511572 | Time:1.1824452877044678
2025-03-15 10:50:44,952 - Epoch: 48 Step: 45/79 | Loss: 0.06069157272577286 | Time:1.3362629413604736
2025-03-15 10:50:46,266 - Epoch: 48 Step: 46/79 | Loss: 0.00011061959230573848 | Time:1.3137269020080566
2025-03-15 10:50:47,894 - Epoch: 48 Step: 47/79 | Loss: 0.0002967028704006225 | Time:1.6275746822357178
2025-03-15 10:50:49,101 - Epoch: 48 Step: 48/79 | Loss: 0.002228386467322707 | Time:1.204969882965088
2025-03-15 10:50:50,238 - Epoch: 48 Step: 49/79 | Loss: 0.00032483137329109013 | Time:1.1400508880615234
2025-03-15 10:50:51,396 - Epoch: 48 Step: 50/79 | Loss: 0.005068646743893623 | Time:1.142411708831787
2025-03-15 10:50:52,647 - Epoch: 48 Step: 51/79 | Loss: 0.006515454035252333 | Time:1.2660610675811768
2025-03-15 10:50:53,717 - Epoch: 48 Step: 52/79 | Loss: 0.006890944670885801 | Time:1.064821720123291
2025-03-15 10:50:54,775 - Epoch: 48 Step: 53/79 | Loss: 1.7768512407201342e-05 | Time:1.0550658702850342
2025-03-15 10:50:56,159 - Epoch: 48 Step: 54/79 | Loss: 0.00026220036670565605 | Time:1.3858213424682617
2025-03-15 10:50:57,291 - Epoch: 48 Step: 55/79 | Loss: 0.0008182876626960933 | Time:1.125828504562378
2025-03-15 10:50:58,592 - Epoch: 48 Step: 56/79 | Loss: 0.0001405331422574818 | Time:1.3138749599456787
2025-03-15 10:50:59,765 - Epoch: 48 Step: 57/79 | Loss: 0.010877052322030067 | Time:1.1569557189941406
2025-03-15 10:51:00,856 - Epoch: 48 Step: 58/79 | Loss: 7.699444540776312e-05 | Time:1.0952200889587402
2025-03-15 10:51:01,956 - Epoch: 48 Step: 59/79 | Loss: 0.024019578471779823 | Time:1.110654592514038
2025-03-15 10:51:03,069 - Epoch: 48 Step: 60/79 | Loss: 0.06163984537124634 | Time:1.111377239227295
2025-03-15 10:51:04,162 - Epoch: 48 Step: 61/79 | Loss: 0.00026730517856776714 | Time:1.0952122211456299
2025-03-15 10:51:05,256 - Epoch: 48 Step: 62/79 | Loss: 0.00043180148350074887 | Time:1.0947117805480957
2025-03-15 10:51:06,712 - Epoch: 48 Step: 63/79 | Loss: 0.0006641251966357231 | Time:1.4553234577178955
2025-03-15 10:51:07,760 - Epoch: 48 Step: 64/79 | Loss: 0.0009792312048375607 | Time:1.0481719970703125
2025-03-15 10:51:08,854 - Epoch: 48 Step: 65/79 | Loss: 0.0004191150364931673 | Time:1.0942769050598145
2025-03-15 10:51:10,043 - Epoch: 48 Step: 66/79 | Loss: 3.419970380491577e-05 | Time:1.189612865447998
2025-03-15 10:51:11,388 - Epoch: 48 Step: 67/79 | Loss: 0.00012123279884690419 | Time:1.3440213203430176
2025-03-15 10:51:12,593 - Epoch: 48 Step: 68/79 | Loss: 0.000168133236002177 | Time:1.2035744190216064
2025-03-15 10:51:13,797 - Epoch: 48 Step: 69/79 | Loss: 0.00022760486172046512 | Time:1.205657958984375
2025-03-15 10:51:14,986 - Epoch: 48 Step: 70/79 | Loss: 9.866915206657723e-05 | Time:1.1893560886383057
2025-03-15 10:51:16,286 - Epoch: 48 Step: 71/79 | Loss: 0.0004096685443073511 | Time:1.2992968559265137
2025-03-15 10:51:17,475 - Epoch: 48 Step: 72/79 | Loss: 0.00039763899985700846 | Time:1.1883723735809326
2025-03-15 10:51:18,648 - Epoch: 48 Step: 73/79 | Loss: 0.00039898965042084455 | Time:1.1740975379943848
2025-03-15 10:51:19,757 - Epoch: 48 Step: 74/79 | Loss: 0.0001334164262516424 | Time:1.1222052574157715
2025-03-15 10:51:20,711 - Epoch: 48 Step: 75/79 | Loss: 5.899370080442168e-05 | Time:0.941105842590332
2025-03-15 10:51:22,104 - Epoch: 48 Step: 76/79 | Loss: 0.08115747570991516 | Time:1.3770718574523926
2025-03-15 10:51:23,465 - Epoch: 48 Step: 77/79 | Loss: 0.0002966356696560979 | Time:1.3764326572418213
2025-03-15 10:51:24,842 - Epoch: 48 Step: 78/79 | Loss: 0.0019556188490241766 | Time:1.3764736652374268
2025-03-15 10:51:25,014 - Epoch: 48 Step: 79/79 | Loss: 1.7106254745158367e-05 | Time:0.2197260856628418
2025-03-15 10:51:25,905 - Val_Epoch:48.0 Step: 1/32 | Loss: 0.005257970187813044 | Time:0
2025-03-15 10:51:26,938 - Val_Epoch:48.0 Step: 2/32 | Loss: 0.24316532909870148 | Time:0.8909335136413574
2025-03-15 10:51:28,299 - Val_Epoch:48.0 Step: 3/32 | Loss: 0.8372655510902405 | Time:1.0331699848175049
2025-03-15 10:51:29,363 - Val_Epoch:48.0 Step: 4/32 | Loss: 0.40052634477615356 | Time:1.3603248596191406
2025-03-15 10:51:30,380 - Val_Epoch:48.0 Step: 5/32 | Loss: 0.0006089553353376687 | Time:1.0647926330566406
2025-03-15 10:51:31,317 - Val_Epoch:48.0 Step: 6/32 | Loss: 0.4626237452030182 | Time:1.0165977478027344
2025-03-15 10:51:32,350 - Val_Epoch:48.0 Step: 7/32 | Loss: 0.06952639669179916 | Time:0.9373612403869629
2025-03-15 10:51:33,821 - Val_Epoch:48.0 Step: 8/32 | Loss: 0.02862662635743618 | Time:1.0322351455688477
2025-03-15 10:51:34,900 - Val_Epoch:48.0 Step: 9/32 | Loss: 0.1888698935508728 | Time:1.4715251922607422
2025-03-15 10:51:35,965 - Val_Epoch:48.0 Step: 10/32 | Loss: 0.004799040965735912 | Time:1.0791702270507812
2025-03-15 10:51:37,216 - Val_Epoch:48.0 Step: 11/32 | Loss: 0.25379735231399536 | Time:1.0652153491973877
2025-03-15 10:51:38,311 - Val_Epoch:48.0 Step: 12/32 | Loss: 0.4459679126739502 | Time:1.250601053237915
2025-03-15 10:51:39,297 - Val_Epoch:48.0 Step: 13/32 | Loss: 0.3536815643310547 | Time:1.0949530601501465
2025-03-15 10:51:40,329 - Val_Epoch:48.0 Step: 14/32 | Loss: 0.034330982714891434 | Time:0.986037015914917
2025-03-15 10:51:41,330 - Val_Epoch:48.0 Step: 15/32 | Loss: 0.12124846875667572 | Time:1.031372308731079
2025-03-15 10:51:42,549 - Val_Epoch:48.0 Step: 16/32 | Loss: 0.37553682923316956 | Time:1.0013506412506104
2025-03-15 10:51:43,708 - Val_Epoch:48.0 Step: 17/32 | Loss: 0.0016235994407907128 | Time:1.2192976474761963
2025-03-15 10:51:44,849 - Val_Epoch:48.0 Step: 18/32 | Loss: 0.3207072913646698 | Time:1.159148931503296
2025-03-15 10:51:45,961 - Val_Epoch:48.0 Step: 19/32 | Loss: 0.30114734172821045 | Time:1.1409718990325928
2025-03-15 10:51:46,852 - Val_Epoch:48.0 Step: 20/32 | Loss: 0.36892610788345337 | Time:1.126225471496582
2025-03-15 10:51:47,931 - Val_Epoch:48.0 Step: 21/32 | Loss: 0.052261047065258026 | Time:0.8761186599731445
2025-03-15 10:51:48,917 - Val_Epoch:48.0 Step: 22/32 | Loss: 0.4559409022331238 | Time:1.079477071762085
2025-03-15 10:51:49,825 - Val_Epoch:48.0 Step: 23/32 | Loss: 0.34430181980133057 | Time:0.9860563278198242
2025-03-15 10:51:50,951 - Val_Epoch:48.0 Step: 24/32 | Loss: 0.59306800365448 | Time:0.9077272415161133
2025-03-15 10:51:51,999 - Val_Epoch:48.0 Step: 25/32 | Loss: 0.00015610472473781556 | Time:1.125992774963379
2025-03-15 10:51:53,187 - Val_Epoch:48.0 Step: 26/32 | Loss: 0.0022132967133075 | Time:1.0477054119110107
2025-03-15 10:51:54,400 - Val_Epoch:48.0 Step: 27/32 | Loss: 0.37387388944625854 | Time:1.1880602836608887
2025-03-15 10:51:55,440 - Val_Epoch:48.0 Step: 28/32 | Loss: 0.3419262766838074 | Time:1.2128798961639404
2025-03-15 10:51:56,285 - Val_Epoch:48.0 Step: 29/32 | Loss: 0.11731362342834473 | Time:1.039957046508789
2025-03-15 10:51:57,238 - Val_Epoch:48.0 Step: 30/32 | Loss: 0.0010646560695022345 | Time:0.845590353012085
2025-03-15 10:51:58,380 - Val_Epoch:48.0 Step: 31/32 | Loss: 0.4487341344356537 | Time:0.9526076316833496
2025-03-15 10:51:58,569 - Val_Epoch:48.0 Step: 32/32 | Loss: 0.4796353876590729 | Time:1.1425819396972656
2025-03-15 10:51:58,569 - Validation - Accuracy: 0.9529529529529529, Precision: 0.945054945054945, Recall: 0.8896551724137931, F1-Score: 0.91651865008881
2025-03-15 10:51:58,584 - Saved model as model_epoch_48_acc_0.9530.pt
2025-03-15 10:51:58,584 - 
*** EPOCH: 49 ***

2025-03-15 10:51:59,726 - Epoch: 49 Step: 1/79 | Loss: 0.026975611224770546 | Time:1.063492774963379
2025-03-15 10:52:00,916 - Epoch: 49 Step: 2/79 | Loss: 0.001578843337483704 | Time:1.2053742408752441
2025-03-15 10:52:02,213 - Epoch: 49 Step: 3/79 | Loss: 0.00012989676906727254 | Time:1.2975125312805176
2025-03-15 10:52:03,684 - Epoch: 49 Step: 4/79 | Loss: 0.00010324397590011358 | Time:1.4552748203277588
2025-03-15 10:52:04,919 - Epoch: 49 Step: 5/79 | Loss: 0.0025495802983641624 | Time:1.2510707378387451
2025-03-15 10:52:06,156 - Epoch: 49 Step: 6/79 | Loss: 0.0002854287449736148 | Time:1.241490364074707
2025-03-15 10:52:07,344 - Epoch: 49 Step: 7/79 | Loss: 0.0004055771860294044 | Time:1.1833374500274658
2025-03-15 10:52:08,549 - Epoch: 49 Step: 8/79 | Loss: 1.9433937268331647e-05 | Time:1.2045907974243164
2025-03-15 10:52:09,816 - Epoch: 49 Step: 9/79 | Loss: 0.0008921201224438846 | Time:1.266618013381958
2025-03-15 10:52:11,113 - Epoch: 49 Step: 10/79 | Loss: 0.0012051538797095418 | Time:1.2816424369812012
2025-03-15 10:52:12,160 - Epoch: 49 Step: 11/79 | Loss: 6.132947601145133e-05 | Time:1.0473933219909668
2025-03-15 10:52:13,161 - Epoch: 49 Step: 12/79 | Loss: 0.000472927262308076 | Time:1.000361680984497
2025-03-15 10:52:14,348 - Epoch: 49 Step: 13/79 | Loss: 0.020326778292655945 | Time:1.2034711837768555
2025-03-15 10:52:15,444 - Epoch: 49 Step: 14/79 | Loss: 8.598847489338368e-05 | Time:1.0950095653533936
2025-03-15 10:52:16,928 - Epoch: 49 Step: 15/79 | Loss: 0.087093286216259 | Time:1.4848814010620117
2025-03-15 10:52:18,085 - Epoch: 49 Step: 16/79 | Loss: 8.156641706591472e-05 | Time:1.1570799350738525
2025-03-15 10:52:19,273 - Epoch: 49 Step: 17/79 | Loss: 9.036860865307972e-05 | Time:1.1974754333496094
2025-03-15 10:52:20,584 - Epoch: 49 Step: 18/79 | Loss: 7.34364875825122e-05 | Time:1.2918970584869385
2025-03-15 10:52:21,967 - Epoch: 49 Step: 19/79 | Loss: 0.023677805438637733 | Time:1.3918581008911133
2025-03-15 10:52:22,968 - Epoch: 49 Step: 20/79 | Loss: 8.944166620494798e-05 | Time:1.0012264251708984
2025-03-15 10:52:24,157 - Epoch: 49 Step: 21/79 | Loss: 4.104352410649881e-05 | Time:1.1892998218536377
2025-03-15 10:52:25,550 - Epoch: 49 Step: 22/79 | Loss: 3.0019409678061493e-05 | Time:1.3927717208862305
2025-03-15 10:52:26,661 - Epoch: 49 Step: 23/79 | Loss: 0.002480493625625968 | Time:1.1107401847839355
2025-03-15 10:52:27,773 - Epoch: 49 Step: 24/79 | Loss: 0.00017497374210506678 | Time:1.1119029521942139
2025-03-15 10:52:28,961 - Epoch: 49 Step: 25/79 | Loss: 0.00017811918223742396 | Time:1.172635555267334
2025-03-15 10:52:30,150 - Epoch: 49 Step: 26/79 | Loss: 0.0002757699985522777 | Time:1.189584732055664
2025-03-15 10:52:31,371 - Epoch: 49 Step: 27/79 | Loss: 0.001151291886344552 | Time:1.2359654903411865
2025-03-15 10:52:32,591 - Epoch: 49 Step: 28/79 | Loss: 0.0007361089810729027 | Time:1.204200267791748
2025-03-15 10:52:33,793 - Epoch: 49 Step: 29/79 | Loss: 4.310909571358934e-05 | Time:1.2029216289520264
2025-03-15 10:52:34,966 - Epoch: 49 Step: 30/79 | Loss: 0.010173645801842213 | Time:1.1874306201934814
2025-03-15 10:52:36,394 - Epoch: 49 Step: 31/79 | Loss: 8.027200237847865e-05 | Time:1.412923812866211
2025-03-15 10:52:37,504 - Epoch: 49 Step: 32/79 | Loss: 0.14595305919647217 | Time:1.1262593269348145
2025-03-15 10:52:38,771 - Epoch: 49 Step: 33/79 | Loss: 5.5429889471270144e-05 | Time:1.2634360790252686
2025-03-15 10:52:40,266 - Epoch: 49 Step: 34/79 | Loss: 0.017538156360387802 | Time:1.4903321266174316
2025-03-15 10:52:41,556 - Epoch: 49 Step: 35/79 | Loss: 0.00045838727965019643 | Time:1.28263258934021
2025-03-15 10:52:42,556 - Epoch: 49 Step: 36/79 | Loss: 0.00045329565182328224 | Time:1.0154926776885986
2025-03-15 10:52:43,699 - Epoch: 49 Step: 37/79 | Loss: 0.0001730434305500239 | Time:1.1428332328796387
2025-03-15 10:52:45,013 - Epoch: 49 Step: 38/79 | Loss: 0.00010529827704885975 | Time:1.313704252243042
2025-03-15 10:52:46,453 - Epoch: 49 Step: 39/79 | Loss: 0.0020329186227172613 | Time:1.4388833045959473
2025-03-15 10:52:47,641 - Epoch: 49 Step: 40/79 | Loss: 0.0005388418212532997 | Time:1.1891508102416992
2025-03-15 10:52:48,933 - Epoch: 49 Step: 41/79 | Loss: 0.00019495141168590635 | Time:1.282458782196045
2025-03-15 10:52:50,034 - Epoch: 49 Step: 42/79 | Loss: 0.016340890899300575 | Time:1.111023187637329
2025-03-15 10:52:51,380 - Epoch: 49 Step: 43/79 | Loss: 0.0009540196624584496 | Time:1.3451735973358154
2025-03-15 10:52:52,709 - Epoch: 49 Step: 44/79 | Loss: 1.5987945516826585e-05 | Time:1.3298661708831787
2025-03-15 10:52:54,019 - Epoch: 49 Step: 45/79 | Loss: 0.006676726508885622 | Time:1.2979650497436523
2025-03-15 10:52:55,087 - Epoch: 49 Step: 46/79 | Loss: 0.012469679117202759 | Time:1.0928301811218262
2025-03-15 10:52:56,480 - Epoch: 49 Step: 47/79 | Loss: 0.0003630252613220364 | Time:1.3798551559448242
2025-03-15 10:52:57,620 - Epoch: 49 Step: 48/79 | Loss: 0.00018631515558809042 | Time:1.140192985534668
2025-03-15 10:52:59,111 - Epoch: 49 Step: 49/79 | Loss: 8.157352567650378e-05 | Time:1.487205982208252
2025-03-15 10:53:00,187 - Epoch: 49 Step: 50/79 | Loss: 0.007389500271528959 | Time:1.0878024101257324
2025-03-15 10:53:01,315 - Epoch: 49 Step: 51/79 | Loss: 4.499285205383785e-05 | Time:1.1037142276763916
2025-03-15 10:53:02,519 - Epoch: 49 Step: 52/79 | Loss: 0.0015974142588675022 | Time:1.2198898792266846
2025-03-15 10:53:03,754 - Epoch: 49 Step: 53/79 | Loss: 0.00018757686484605074 | Time:1.2344505786895752
2025-03-15 10:53:04,772 - Epoch: 49 Step: 54/79 | Loss: 0.003331714076921344 | Time:1.0170445442199707
2025-03-15 10:53:05,835 - Epoch: 49 Step: 55/79 | Loss: 0.004086714703589678 | Time:1.0648009777069092
2025-03-15 10:53:07,009 - Epoch: 49 Step: 56/79 | Loss: 0.0004098889767192304 | Time:1.1734585762023926
2025-03-15 10:53:08,228 - Epoch: 49 Step: 57/79 | Loss: 0.0031121564097702503 | Time:1.2190008163452148
2025-03-15 10:53:09,527 - Epoch: 49 Step: 58/79 | Loss: 0.00040842112503014505 | Time:1.299306869506836
2025-03-15 10:53:10,825 - Epoch: 49 Step: 59/79 | Loss: 0.00027011235943064094 | Time:1.298062801361084
2025-03-15 10:53:12,061 - Epoch: 49 Step: 60/79 | Loss: 0.0004690403293352574 | Time:1.2357239723205566
2025-03-15 10:53:13,328 - Epoch: 49 Step: 61/79 | Loss: 0.02362922392785549 | Time:1.2674777507781982
2025-03-15 10:53:14,814 - Epoch: 49 Step: 62/79 | Loss: 0.00018562177137937397 | Time:1.4700114727020264
2025-03-15 10:53:16,128 - Epoch: 49 Step: 63/79 | Loss: 0.002667914144694805 | Time:1.3300721645355225
2025-03-15 10:53:17,332 - Epoch: 49 Step: 64/79 | Loss: 0.001881117234006524 | Time:1.2038753032684326
2025-03-15 10:53:18,677 - Epoch: 49 Step: 65/79 | Loss: 0.0003039620933122933 | Time:1.3482942581176758
2025-03-15 10:53:19,991 - Epoch: 49 Step: 66/79 | Loss: 0.0017611037474125624 | Time:1.3101115226745605
2025-03-15 10:53:21,086 - Epoch: 49 Step: 67/79 | Loss: 0.0003806620661634952 | Time:1.0951507091522217
2025-03-15 10:53:22,321 - Epoch: 49 Step: 68/79 | Loss: 0.0009499072330072522 | Time:1.2352054119110107
2025-03-15 10:53:23,494 - Epoch: 49 Step: 69/79 | Loss: 0.030124153941869736 | Time:1.1728026866912842
2025-03-15 10:53:24,745 - Epoch: 49 Step: 70/79 | Loss: 0.00018897993140853941 | Time:1.2507917881011963
2025-03-15 10:53:26,073 - Epoch: 49 Step: 71/79 | Loss: 0.0007857483578845859 | Time:1.3132309913635254
2025-03-15 10:53:27,246 - Epoch: 49 Step: 72/79 | Loss: 0.00022229907335713506 | Time:1.1880781650543213
2025-03-15 10:53:28,402 - Epoch: 49 Step: 73/79 | Loss: 4.42948003183119e-05 | Time:1.1564955711364746
2025-03-15 10:53:29,559 - Epoch: 49 Step: 74/79 | Loss: 0.0064998515881598 | Time:1.156606912612915
2025-03-15 10:53:30,622 - Epoch: 49 Step: 75/79 | Loss: 0.00023796374443918467 | Time:1.0634052753448486
2025-03-15 10:53:31,670 - Epoch: 49 Step: 76/79 | Loss: 0.00012756185606122017 | Time:1.0471537113189697
2025-03-15 10:53:32,718 - Epoch: 49 Step: 77/79 | Loss: 0.0004115319170523435 | Time:1.0324218273162842
2025-03-15 10:53:33,765 - Epoch: 49 Step: 78/79 | Loss: 0.03752664849162102 | Time:1.0627799034118652
2025-03-15 10:53:33,952 - Epoch: 49 Step: 79/79 | Loss: 1.4394114259630442e-05 | Time:0.23431968688964844
2025-03-15 10:53:34,843 - Val_Epoch:49.0 Step: 1/32 | Loss: 0.006176173686981201 | Time:0
2025-03-15 10:53:35,875 - Val_Epoch:49.0 Step: 2/32 | Loss: 0.2960143983364105 | Time:0.8912818431854248
2025-03-15 10:53:37,220 - Val_Epoch:49.0 Step: 3/32 | Loss: 0.6469110250473022 | Time:1.0320243835449219
2025-03-15 10:53:38,283 - Val_Epoch:49.0 Step: 4/32 | Loss: 0.41012781858444214 | Time:1.3446388244628906
2025-03-15 10:53:39,300 - Val_Epoch:49.0 Step: 5/32 | Loss: 0.031090211123228073 | Time:1.0629420280456543
2025-03-15 10:53:40,254 - Val_Epoch:49.0 Step: 6/32 | Loss: 0.5120862722396851 | Time:1.0171539783477783
2025-03-15 10:53:41,286 - Val_Epoch:49.0 Step: 7/32 | Loss: 0.14336124062538147 | Time:0.9541213512420654
2025-03-15 10:53:42,771 - Val_Epoch:49.0 Step: 8/32 | Loss: 0.15907686948776245 | Time:1.031972885131836
2025-03-15 10:53:43,849 - Val_Epoch:49.0 Step: 9/32 | Loss: 0.21498091518878937 | Time:1.484788417816162
2025-03-15 10:53:44,897 - Val_Epoch:49.0 Step: 10/32 | Loss: 0.0006645086104981601 | Time:1.0783743858337402
2025-03-15 10:53:46,132 - Val_Epoch:49.0 Step: 11/32 | Loss: 0.32178008556365967 | Time:1.0474956035614014
2025-03-15 10:53:47,227 - Val_Epoch:49.0 Step: 12/32 | Loss: 0.07830322533845901 | Time:1.2351891994476318
2025-03-15 10:53:48,212 - Val_Epoch:49.0 Step: 13/32 | Loss: 0.5828751921653748 | Time:1.094822883605957
2025-03-15 10:53:49,244 - Val_Epoch:49.0 Step: 14/32 | Loss: 0.1829020231962204 | Time:0.9847190380096436
2025-03-15 10:53:50,213 - Val_Epoch:49.0 Step: 15/32 | Loss: 0.1135583445429802 | Time:1.0324394702911377
2025-03-15 10:53:51,417 - Val_Epoch:49.0 Step: 16/32 | Loss: 0.3164973855018616 | Time:0.9689381122589111
2025-03-15 10:53:52,558 - Val_Epoch:49.0 Step: 17/32 | Loss: 0.019688541069626808 | Time:1.204160213470459
2025-03-15 10:53:53,684 - Val_Epoch:49.0 Step: 18/32 | Loss: 0.30206021666526794 | Time:1.1403825283050537
2025-03-15 10:53:54,811 - Val_Epoch:49.0 Step: 19/32 | Loss: 0.29704830050468445 | Time:1.141737461090088
2025-03-15 10:53:55,719 - Val_Epoch:49.0 Step: 20/32 | Loss: 0.3168010413646698 | Time:1.1114881038665771
2025-03-15 10:53:56,798 - Val_Epoch:49.0 Step: 21/32 | Loss: 0.008720518089830875 | Time:0.9082121849060059
2025-03-15 10:53:57,768 - Val_Epoch:49.0 Step: 22/32 | Loss: 0.45332276821136475 | Time:1.0786170959472656
2025-03-15 10:53:58,692 - Val_Epoch:49.0 Step: 23/32 | Loss: 0.268095463514328 | Time:0.9708271026611328
2025-03-15 10:53:59,810 - Val_Epoch:49.0 Step: 24/32 | Loss: 0.6734074354171753 | Time:0.9232549667358398
2025-03-15 10:54:00,873 - Val_Epoch:49.0 Step: 25/32 | Loss: 0.00018417037790641189 | Time:1.1181166172027588
2025-03-15 10:54:02,079 - Val_Epoch:49.0 Step: 26/32 | Loss: 0.0024361356627196074 | Time:1.0634863376617432
2025-03-15 10:54:03,265 - Val_Epoch:49.0 Step: 27/32 | Loss: 0.2194470465183258 | Time:1.2052953243255615
2025-03-15 10:54:04,330 - Val_Epoch:49.0 Step: 28/32 | Loss: 0.357218474149704 | Time:1.1868507862091064
2025-03-15 10:54:05,206 - Val_Epoch:49.0 Step: 29/32 | Loss: 0.02565089799463749 | Time:1.0643830299377441
2025-03-15 10:54:06,160 - Val_Epoch:49.0 Step: 30/32 | Loss: 0.0018892758525907993 | Time:0.8761816024780273
2025-03-15 10:54:07,286 - Val_Epoch:49.0 Step: 31/32 | Loss: 0.4627390205860138 | Time:0.9540050029754639
2025-03-15 10:54:07,490 - Val_Epoch:49.0 Step: 32/32 | Loss: 0.009006285108625889 | Time:1.1263651847839355
2025-03-15 10:54:07,490 - Validation - Accuracy: 0.9519519519519519, Precision: 0.9481481481481482, Recall: 0.8827586206896552, F1-Score: 0.9142857142857144
2025-03-15 10:54:07,490 - Saved model as model_epoch_49_acc_0.9520.pt
2025-03-15 10:54:07,490 - 
*** EPOCH: 50 ***

2025-03-15 10:54:08,633 - Epoch: 50 Step: 1/79 | Loss: 2.0710631360998377e-05 | Time:1.0229170322418213
2025-03-15 10:54:09,854 - Epoch: 50 Step: 2/79 | Loss: 9.790628246264532e-05 | Time:1.278243064880371
2025-03-15 10:54:10,839 - Epoch: 50 Step: 3/79 | Loss: 0.00041081011295318604 | Time:0.9854235649108887
2025-03-15 10:54:12,068 - Epoch: 50 Step: 4/79 | Loss: 0.0001438007311662659 | Time:1.2446248531341553
2025-03-15 10:54:13,248 - Epoch: 50 Step: 5/79 | Loss: 0.013122400268912315 | Time:1.1639776229858398
2025-03-15 10:54:14,547 - Epoch: 50 Step: 6/79 | Loss: 0.0002117652475135401 | Time:1.2991323471069336
2025-03-15 10:54:15,828 - Epoch: 50 Step: 7/79 | Loss: 0.003871985711157322 | Time:1.2815003395080566
2025-03-15 10:54:17,003 - Epoch: 50 Step: 8/79 | Loss: 0.0007026256062090397 | Time:1.1741595268249512
2025-03-15 10:54:18,276 - Epoch: 50 Step: 9/79 | Loss: 0.00047509834985248744 | Time:1.266594648361206
2025-03-15 10:54:19,584 - Epoch: 50 Step: 10/79 | Loss: 0.0037964351940900087 | Time:1.3145945072174072
2025-03-15 10:54:20,991 - Epoch: 50 Step: 11/79 | Loss: 0.007238520309329033 | Time:1.407329797744751
2025-03-15 10:54:22,008 - Epoch: 50 Step: 12/79 | Loss: 0.002392685506492853 | Time:1.0011298656463623
2025-03-15 10:54:23,024 - Epoch: 50 Step: 13/79 | Loss: 9.00017130334163e-06 | Time:1.0321574211120605
2025-03-15 10:54:24,104 - Epoch: 50 Step: 14/79 | Loss: 3.022499367943965e-05 | Time:1.0796916484832764
2025-03-15 10:54:25,434 - Epoch: 50 Step: 15/79 | Loss: 0.00013144637341611087 | Time:1.3305296897888184
2025-03-15 10:54:26,717 - Epoch: 50 Step: 16/79 | Loss: 6.718868826283142e-05 | Time:1.2824840545654297
2025-03-15 10:54:27,922 - Epoch: 50 Step: 17/79 | Loss: 0.00013241256237961352 | Time:1.2049927711486816
2025-03-15 10:54:29,236 - Epoch: 50 Step: 18/79 | Loss: 6.717573705827817e-05 | Time:1.3139946460723877
2025-03-15 10:54:30,432 - Epoch: 50 Step: 19/79 | Loss: 0.00026872140006162226 | Time:1.1966631412506104
2025-03-15 10:54:31,824 - Epoch: 50 Step: 20/79 | Loss: 0.0004696621326729655 | Time:1.3916945457458496
2025-03-15 10:54:33,123 - Epoch: 50 Step: 21/79 | Loss: 0.0004989673616364598 | Time:1.2988479137420654
2025-03-15 10:54:34,359 - Epoch: 50 Step: 22/79 | Loss: 3.418554479139857e-05 | Time:1.2358500957489014
2025-03-15 10:54:35,813 - Epoch: 50 Step: 23/79 | Loss: 0.002476056106388569 | Time:1.4563782215118408
2025-03-15 10:54:36,860 - Epoch: 50 Step: 24/79 | Loss: 0.00025889711105264723 | Time:1.044738531112671
2025-03-15 10:54:38,110 - Epoch: 50 Step: 25/79 | Loss: 0.0002069696638500318 | Time:1.2496991157531738
2025-03-15 10:54:39,516 - Epoch: 50 Step: 26/79 | Loss: 0.05709889903664589 | Time:1.4062449932098389
2025-03-15 10:54:40,861 - Epoch: 50 Step: 27/79 | Loss: 0.00025361840380355716 | Time:1.3296360969543457
2025-03-15 10:54:41,878 - Epoch: 50 Step: 28/79 | Loss: 0.007153671700507402 | Time:1.0162854194641113
2025-03-15 10:54:43,082 - Epoch: 50 Step: 29/79 | Loss: 0.00011588173219934106 | Time:1.2197027206420898
2025-03-15 10:54:44,098 - Epoch: 50 Step: 30/79 | Loss: 0.00013412920816335827 | Time:1.0159802436828613
2025-03-15 10:54:45,272 - Epoch: 50 Step: 31/79 | Loss: 8.898862142814323e-05 | Time:1.1739318370819092
2025-03-15 10:54:46,570 - Epoch: 50 Step: 32/79 | Loss: 0.007706338539719582 | Time:1.2988605499267578
2025-03-15 10:54:47,759 - Epoch: 50 Step: 33/79 | Loss: 4.706269464804791e-05 | Time:1.1889066696166992
2025-03-15 10:54:48,917 - Epoch: 50 Step: 34/79 | Loss: 0.0012692767195403576 | Time:1.1572556495666504
2025-03-15 10:54:50,053 - Epoch: 50 Step: 35/79 | Loss: 9.170573321171105e-05 | Time:1.1269583702087402
2025-03-15 10:54:51,201 - Epoch: 50 Step: 36/79 | Loss: 3.1430128728970885e-05 | Time:1.1577584743499756
2025-03-15 10:54:52,367 - Epoch: 50 Step: 37/79 | Loss: 0.0001929806312546134 | Time:1.1667835712432861
2025-03-15 10:54:53,408 - Epoch: 50 Step: 38/79 | Loss: 7.303489837795496e-05 | Time:1.0393850803375244
2025-03-15 10:54:54,802 - Epoch: 50 Step: 39/79 | Loss: 4.2699131881818175e-05 | Time:1.4045941829681396
2025-03-15 10:54:55,803 - Epoch: 50 Step: 40/79 | Loss: 0.0001957480126293376 | Time:0.9907913208007812
2025-03-15 10:54:56,960 - Epoch: 50 Step: 41/79 | Loss: 0.0013807608047500253 | Time:1.1600358486175537
2025-03-15 10:54:58,087 - Epoch: 50 Step: 42/79 | Loss: 0.0011090274201706052 | Time:1.1079912185668945
2025-03-15 10:54:59,137 - Epoch: 50 Step: 43/79 | Loss: 0.00010370185191277415 | Time:1.0639216899871826
2025-03-15 10:55:00,247 - Epoch: 50 Step: 44/79 | Loss: 1.5116489521460608e-05 | Time:1.1122627258300781
2025-03-15 10:55:01,420 - Epoch: 50 Step: 45/79 | Loss: 0.017587199807167053 | Time:1.1726677417755127
2025-03-15 10:55:02,531 - Epoch: 50 Step: 46/79 | Loss: 9.499320003669709e-05 | Time:1.0952427387237549
2025-03-15 10:55:03,845 - Epoch: 50 Step: 47/79 | Loss: 0.01661507785320282 | Time:1.3298354148864746
2025-03-15 10:55:05,081 - Epoch: 50 Step: 48/79 | Loss: 3.0786228307988495e-05 | Time:1.2362089157104492
2025-03-15 10:55:06,506 - Epoch: 50 Step: 49/79 | Loss: 0.0002025412832153961 | Time:1.4246397018432617
2025-03-15 10:55:08,008 - Epoch: 50 Step: 50/79 | Loss: 0.0003879984433297068 | Time:1.5021836757659912
2025-03-15 10:55:09,431 - Epoch: 50 Step: 51/79 | Loss: 0.004983216989785433 | Time:1.4234390258789062
2025-03-15 10:55:10,885 - Epoch: 50 Step: 52/79 | Loss: 0.0016089966520667076 | Time:1.4535670280456543
2025-03-15 10:55:12,058 - Epoch: 50 Step: 53/79 | Loss: 0.0022525631356984377 | Time:1.1731412410736084
2025-03-15 10:55:13,294 - Epoch: 50 Step: 54/79 | Loss: 0.0025683999992907047 | Time:1.2204973697662354
2025-03-15 10:55:14,498 - Epoch: 50 Step: 55/79 | Loss: 0.00023927559959702194 | Time:1.2197318077087402
2025-03-15 10:55:15,671 - Epoch: 50 Step: 56/79 | Loss: 0.0035952553153038025 | Time:1.1732103824615479
2025-03-15 10:55:17,049 - Epoch: 50 Step: 57/79 | Loss: 0.0004068140115123242 | Time:1.3773815631866455
2025-03-15 10:55:18,285 - Epoch: 50 Step: 58/79 | Loss: 0.002835238119587302 | Time:1.2203857898712158
2025-03-15 10:55:19,427 - Epoch: 50 Step: 59/79 | Loss: 0.0005459142266772687 | Time:1.1576099395751953
2025-03-15 10:55:20,507 - Epoch: 50 Step: 60/79 | Loss: 0.011781438253819942 | Time:1.079772710800171
2025-03-15 10:55:21,618 - Epoch: 50 Step: 61/79 | Loss: 0.0008220646996051073 | Time:1.1127002239227295
2025-03-15 10:55:22,806 - Epoch: 50 Step: 62/79 | Loss: 6.505379133159295e-05 | Time:1.1714730262756348
2025-03-15 10:55:24,215 - Epoch: 50 Step: 63/79 | Loss: 0.013988007791340351 | Time:1.424424171447754
2025-03-15 10:55:25,310 - Epoch: 50 Step: 64/79 | Loss: 0.00024667580146342516 | Time:1.0945396423339844
2025-03-15 10:55:26,500 - Epoch: 50 Step: 65/79 | Loss: 0.03892681747674942 | Time:1.1899476051330566
2025-03-15 10:55:27,767 - Epoch: 50 Step: 66/79 | Loss: 0.00038953195326030254 | Time:1.267451524734497
2025-03-15 10:55:29,081 - Epoch: 50 Step: 67/79 | Loss: 0.0019115664763376117 | Time:1.3135325908660889
2025-03-15 10:55:30,176 - Epoch: 50 Step: 68/79 | Loss: 0.0002254666615044698 | Time:1.0797088146209717
2025-03-15 10:55:31,616 - Epoch: 50 Step: 69/79 | Loss: 0.00010655450751073658 | Time:1.4552764892578125
2025-03-15 10:55:32,695 - Epoch: 50 Step: 70/79 | Loss: 5.257867815089412e-05 | Time:1.0792584419250488
2025-03-15 10:55:33,881 - Epoch: 50 Step: 71/79 | Loss: 0.0001754154363879934 | Time:1.1872844696044922
2025-03-15 10:55:35,134 - Epoch: 50 Step: 72/79 | Loss: 0.004169612191617489 | Time:1.2520828247070312
2025-03-15 10:55:36,360 - Epoch: 50 Step: 73/79 | Loss: 0.00011690585233736783 | Time:1.2196850776672363
2025-03-15 10:55:37,597 - Epoch: 50 Step: 74/79 | Loss: 0.00019660922407638282 | Time:1.2375540733337402
2025-03-15 10:55:38,904 - Epoch: 50 Step: 75/79 | Loss: 0.0010796006536111236 | Time:1.2972042560577393
2025-03-15 10:55:40,362 - Epoch: 50 Step: 76/79 | Loss: 0.00042586211930029094 | Time:1.4725618362426758
2025-03-15 10:55:41,656 - Epoch: 50 Step: 77/79 | Loss: 0.01424378901720047 | Time:1.2946512699127197
2025-03-15 10:55:42,956 - Epoch: 50 Step: 78/79 | Loss: 0.0001342409523203969 | Time:1.299354076385498
2025-03-15 10:55:43,143 - Epoch: 50 Step: 79/79 | Loss: 0.00034499220782890916 | Time:0.23478102684020996
2025-03-15 10:55:44,036 - Val_Epoch:50.0 Step: 1/32 | Loss: 0.00949831586331129 | Time:0
2025-03-15 10:55:45,052 - Val_Epoch:50.0 Step: 2/32 | Loss: 0.2902885377407074 | Time:0.8922932147979736
2025-03-15 10:55:46,398 - Val_Epoch:50.0 Step: 3/32 | Loss: 0.40393561124801636 | Time:1.0163404941558838
2025-03-15 10:55:47,461 - Val_Epoch:50.0 Step: 4/32 | Loss: 0.3996763825416565 | Time:1.3615615367889404
2025-03-15 10:55:48,478 - Val_Epoch:50.0 Step: 5/32 | Loss: 0.3299248218536377 | Time:1.047943353652954
2025-03-15 10:55:49,464 - Val_Epoch:50.0 Step: 6/32 | Loss: 0.3518233001232147 | Time:1.0166537761688232
2025-03-15 10:55:50,497 - Val_Epoch:50.0 Step: 7/32 | Loss: 0.00021953230316285044 | Time:0.98642897605896
2025-03-15 10:55:51,968 - Val_Epoch:50.0 Step: 8/32 | Loss: 0.061157822608947754 | Time:1.032719373703003
2025-03-15 10:55:53,015 - Val_Epoch:50.0 Step: 9/32 | Loss: 0.39455217123031616 | Time:1.471027135848999
2025-03-15 10:55:54,178 - Val_Epoch:50.0 Step: 10/32 | Loss: 0.0020787257235497236 | Time:1.0628931522369385
2025-03-15 10:55:55,438 - Val_Epoch:50.0 Step: 11/32 | Loss: 0.5477465987205505 | Time:1.146833896636963
2025-03-15 10:55:56,502 - Val_Epoch:50.0 Step: 12/32 | Loss: 0.4209408164024353 | Time:1.2599880695343018
2025-03-15 10:55:57,487 - Val_Epoch:50.0 Step: 13/32 | Loss: 0.233267679810524 | Time:1.064032793045044
2025-03-15 10:55:58,536 - Val_Epoch:50.0 Step: 14/32 | Loss: 0.4011995196342468 | Time:0.9851493835449219
2025-03-15 10:55:59,522 - Val_Epoch:50.0 Step: 15/32 | Loss: 0.1737940013408661 | Time:1.048919677734375
2025-03-15 10:56:00,742 - Val_Epoch:50.0 Step: 16/32 | Loss: 0.2672252058982849 | Time:0.986126184463501
2025-03-15 10:56:01,868 - Val_Epoch:50.0 Step: 17/32 | Loss: 0.0026679695583879948 | Time:1.2199692726135254
2025-03-15 10:56:03,010 - Val_Epoch:50.0 Step: 18/32 | Loss: 0.25608840584754944 | Time:1.1415915489196777
2025-03-15 10:56:04,136 - Val_Epoch:50.0 Step: 19/32 | Loss: 0.2614632546901703 | Time:1.1262249946594238
2025-03-15 10:56:05,027 - Val_Epoch:50.0 Step: 20/32 | Loss: 0.2595771849155426 | Time:1.1258151531219482
2025-03-15 10:56:06,091 - Val_Epoch:50.0 Step: 21/32 | Loss: 0.06241938844323158 | Time:0.8914909362792969
2025-03-15 10:56:07,075 - Val_Epoch:50.0 Step: 22/32 | Loss: 0.17361578345298767 | Time:1.0633208751678467
2025-03-15 10:56:07,983 - Val_Epoch:50.0 Step: 23/32 | Loss: 0.05969113111495972 | Time:0.9847965240478516
2025-03-15 10:56:09,078 - Val_Epoch:50.0 Step: 24/32 | Loss: 0.3050472140312195 | Time:0.9075946807861328
2025-03-15 10:56:10,140 - Val_Epoch:50.0 Step: 25/32 | Loss: 0.001705099712125957 | Time:1.0948688983917236
2025-03-15 10:56:11,330 - Val_Epoch:50.0 Step: 26/32 | Loss: 0.0016298068221658468 | Time:1.0625674724578857
2025-03-15 10:56:12,502 - Val_Epoch:50.0 Step: 27/32 | Loss: 0.1500985324382782 | Time:1.189218282699585
2025-03-15 10:56:13,551 - Val_Epoch:50.0 Step: 28/32 | Loss: 0.3048333525657654 | Time:1.1729021072387695
2025-03-15 10:56:14,410 - Val_Epoch:50.0 Step: 29/32 | Loss: 0.1400340497493744 | Time:1.0480585098266602
2025-03-15 10:56:15,349 - Val_Epoch:50.0 Step: 30/32 | Loss: 0.05697982385754585 | Time:0.8596787452697754
2025-03-15 10:56:16,477 - Val_Epoch:50.0 Step: 31/32 | Loss: 0.39462506771087646 | Time:0.9383354187011719
2025-03-15 10:56:16,666 - Val_Epoch:50.0 Step: 32/32 | Loss: 0.7327049970626831 | Time:1.1279382705688477
2025-03-15 10:56:16,666 - Validation - Accuracy: 0.9519519519519519, Precision: 0.8980263157894737, Recall: 0.9413793103448276, F1-Score: 0.9191919191919192
2025-03-15 10:56:16,666 - Saved model as model_epoch_50_acc_0.9520.pt
2025-03-15 10:56:16,680 - 
*** EPOCH: 51 ***

2025-03-15 10:56:17,697 - Epoch: 51 Step: 1/79 | Loss: 0.00032300225575454533 | Time:0.9232480525970459
2025-03-15 10:56:18,864 - Epoch: 51 Step: 2/79 | Loss: 0.00016052457795012742 | Time:1.2051138877868652
2025-03-15 10:56:19,960 - Epoch: 51 Step: 3/79 | Loss: 0.044814251363277435 | Time:1.0885272026062012
2025-03-15 10:56:21,227 - Epoch: 51 Step: 4/79 | Loss: 0.0004209072794765234 | Time:1.2678911685943604
2025-03-15 10:56:22,369 - Epoch: 51 Step: 5/79 | Loss: 0.09781506657600403 | Time:1.1416006088256836
2025-03-15 10:56:23,379 - Epoch: 51 Step: 6/79 | Loss: 0.0014350225683301687 | Time:1.0013597011566162
2025-03-15 10:56:24,521 - Epoch: 51 Step: 7/79 | Loss: 0.0026577655225992203 | Time:1.1353039741516113
2025-03-15 10:56:26,006 - Epoch: 51 Step: 8/79 | Loss: 0.0014071844052523375 | Time:1.4997859001159668
2025-03-15 10:56:27,287 - Epoch: 51 Step: 9/79 | Loss: 0.0003968894889112562 | Time:1.2820932865142822
2025-03-15 10:56:28,538 - Epoch: 51 Step: 10/79 | Loss: 8.845851698424667e-05 | Time:1.2508773803710938
2025-03-15 10:56:29,772 - Epoch: 51 Step: 11/79 | Loss: 0.0004039968189317733 | Time:1.218675136566162
2025-03-15 10:56:31,039 - Epoch: 51 Step: 12/79 | Loss: 0.0062125264666974545 | Time:1.282097339630127
2025-03-15 10:56:32,289 - Epoch: 51 Step: 13/79 | Loss: 5.9587131545413285e-05 | Time:1.2504198551177979
2025-03-15 10:56:33,524 - Epoch: 51 Step: 14/79 | Loss: 0.0004614845383912325 | Time:1.2347795963287354
2025-03-15 10:56:34,696 - Epoch: 51 Step: 15/79 | Loss: 0.0005390300648286939 | Time:1.1722850799560547
2025-03-15 10:56:35,853 - Epoch: 51 Step: 16/79 | Loss: 0.0001859347685240209 | Time:1.1409409046173096
2025-03-15 10:56:37,011 - Epoch: 51 Step: 17/79 | Loss: 0.05045905336737633 | Time:1.1727054119110107
2025-03-15 10:56:38,214 - Epoch: 51 Step: 18/79 | Loss: 6.97128489264287e-05 | Time:1.2040183544158936
2025-03-15 10:56:39,355 - Epoch: 51 Step: 19/79 | Loss: 9.569738176651299e-05 | Time:1.14048171043396
2025-03-15 10:56:40,465 - Epoch: 51 Step: 20/79 | Loss: 2.8198104701004922e-05 | Time:1.109799861907959
2025-03-15 10:56:41,699 - Epoch: 51 Step: 21/79 | Loss: 0.004925386048853397 | Time:1.2349114418029785
2025-03-15 10:56:43,075 - Epoch: 51 Step: 22/79 | Loss: 0.004394283052533865 | Time:1.375319480895996
2025-03-15 10:56:44,420 - Epoch: 51 Step: 23/79 | Loss: 0.00029217515839263797 | Time:1.3448827266693115
2025-03-15 10:56:45,546 - Epoch: 51 Step: 24/79 | Loss: 0.0005316556198522449 | Time:1.1262974739074707
2025-03-15 10:56:46,781 - Epoch: 51 Step: 25/79 | Loss: 0.14479480683803558 | Time:1.2351961135864258
2025-03-15 10:56:48,000 - Epoch: 51 Step: 26/79 | Loss: 0.019679807126522064 | Time:1.218371868133545
2025-03-15 10:56:49,268 - Epoch: 51 Step: 27/79 | Loss: 0.0007890793494880199 | Time:1.268397331237793
2025-03-15 10:56:50,644 - Epoch: 51 Step: 28/79 | Loss: 0.00021936358825769275 | Time:1.376013994216919
2025-03-15 10:56:51,846 - Epoch: 51 Step: 29/79 | Loss: 0.0002224554045824334 | Time:1.2042670249938965
2025-03-15 10:56:53,194 - Epoch: 51 Step: 30/79 | Loss: 0.000147300394019112 | Time:1.3614473342895508
2025-03-15 10:56:54,461 - Epoch: 51 Step: 31/79 | Loss: 0.0017337929457426071 | Time:1.2611241340637207
2025-03-15 10:56:55,665 - Epoch: 51 Step: 32/79 | Loss: 0.002572364639490843 | Time:1.2102646827697754
2025-03-15 10:56:56,807 - Epoch: 51 Step: 33/79 | Loss: 0.0006084530614316463 | Time:1.125971794128418
2025-03-15 10:56:58,169 - Epoch: 51 Step: 34/79 | Loss: 0.0005866771098226309 | Time:1.3617887496948242
2025-03-15 10:56:59,373 - Epoch: 51 Step: 35/79 | Loss: 4.228230318403803e-05 | Time:1.2199759483337402
2025-03-15 10:57:00,670 - Epoch: 51 Step: 36/79 | Loss: 0.005514140240848064 | Time:1.2817411422729492
2025-03-15 10:57:01,796 - Epoch: 51 Step: 37/79 | Loss: 0.004156667273491621 | Time:1.1254985332489014
2025-03-15 10:57:02,859 - Epoch: 51 Step: 38/79 | Loss: 1.1730712685675826e-05 | Time:1.0628719329833984
2025-03-15 10:57:04,015 - Epoch: 51 Step: 39/79 | Loss: 0.0020657957065850496 | Time:1.1571934223175049
2025-03-15 10:57:05,266 - Epoch: 51 Step: 40/79 | Loss: 0.0035719559527933598 | Time:1.2500882148742676
2025-03-15 10:57:06,766 - Epoch: 51 Step: 41/79 | Loss: 0.032657988369464874 | Time:1.5004401206970215
2025-03-15 10:57:07,923 - Epoch: 51 Step: 42/79 | Loss: 0.0001229559857165441 | Time:1.1570212841033936
2025-03-15 10:57:09,330 - Epoch: 51 Step: 43/79 | Loss: 0.0004594236088450998 | Time:1.406891107559204
2025-03-15 10:57:10,503 - Epoch: 51 Step: 44/79 | Loss: 0.0012021444272249937 | Time:1.172739028930664
2025-03-15 10:57:11,838 - Epoch: 51 Step: 45/79 | Loss: 0.00013926644169259816 | Time:1.3354694843292236
2025-03-15 10:57:13,028 - Epoch: 51 Step: 46/79 | Loss: 0.006467643193900585 | Time:1.1892409324645996
2025-03-15 10:57:14,168 - Epoch: 51 Step: 47/79 | Loss: 4.123501275898889e-05 | Time:1.1406116485595703
2025-03-15 10:57:15,562 - Epoch: 51 Step: 48/79 | Loss: 0.00012191737187094986 | Time:1.3778040409088135
2025-03-15 10:57:16,891 - Epoch: 51 Step: 49/79 | Loss: 0.0030529473442584276 | Time:1.3447175025939941
2025-03-15 10:57:18,018 - Epoch: 51 Step: 50/79 | Loss: 0.0002331226714886725 | Time:1.1272547245025635
2025-03-15 10:57:19,300 - Epoch: 51 Step: 51/79 | Loss: 0.012978377752006054 | Time:1.2812974452972412
2025-03-15 10:57:20,598 - Epoch: 51 Step: 52/79 | Loss: 0.00862423051148653 | Time:1.2981088161468506
2025-03-15 10:57:21,786 - Epoch: 51 Step: 53/79 | Loss: 0.00850194226950407 | Time:1.18798828125
2025-03-15 10:57:23,054 - Epoch: 51 Step: 54/79 | Loss: 0.0006788503960706294 | Time:1.268537998199463
2025-03-15 10:57:24,382 - Epoch: 51 Step: 55/79 | Loss: 0.00020244231563992798 | Time:1.3438799381256104
2025-03-15 10:57:25,698 - Epoch: 51 Step: 56/79 | Loss: 0.0006415537791326642 | Time:1.2998392581939697
2025-03-15 10:57:27,011 - Epoch: 51 Step: 57/79 | Loss: 0.00029474898474290967 | Time:1.313521146774292
2025-03-15 10:57:28,216 - Epoch: 51 Step: 58/79 | Loss: 0.0004951512673869729 | Time:1.2044305801391602
2025-03-15 10:57:29,578 - Epoch: 51 Step: 59/79 | Loss: 0.0016775117255747318 | Time:1.3611280918121338
2025-03-15 10:57:30,751 - Epoch: 51 Step: 60/79 | Loss: 0.0013732495717704296 | Time:1.1737918853759766
2025-03-15 10:57:31,939 - Epoch: 51 Step: 61/79 | Loss: 0.00018103017646353692 | Time:1.1882483959197998
2025-03-15 10:57:33,065 - Epoch: 51 Step: 62/79 | Loss: 0.0006569895776920021 | Time:1.1259121894836426
2025-03-15 10:57:34,050 - Epoch: 51 Step: 63/79 | Loss: 0.0020359863992780447 | Time:0.9855782985687256
2025-03-15 10:57:35,475 - Epoch: 51 Step: 64/79 | Loss: 0.002299126237630844 | Time:1.4241242408752441
2025-03-15 10:57:36,614 - Epoch: 51 Step: 65/79 | Loss: 0.0016459207981824875 | Time:1.1399691104888916
2025-03-15 10:57:37,710 - Epoch: 51 Step: 66/79 | Loss: 0.0007050081039778888 | Time:1.0957205295562744
2025-03-15 10:57:39,119 - Epoch: 51 Step: 67/79 | Loss: 0.0002881636319216341 | Time:1.4083435535430908
2025-03-15 10:57:40,323 - Epoch: 51 Step: 68/79 | Loss: 0.03110680542886257 | Time:1.204604148864746
2025-03-15 10:57:41,621 - Epoch: 51 Step: 69/79 | Loss: 0.04664840176701546 | Time:1.2977173328399658
2025-03-15 10:57:42,905 - Epoch: 51 Step: 70/79 | Loss: 2.808556382660754e-05 | Time:1.283698558807373
2025-03-15 10:57:44,124 - Epoch: 51 Step: 71/79 | Loss: 0.0008759016636759043 | Time:1.2193613052368164
2025-03-15 10:57:45,301 - Epoch: 51 Step: 72/79 | Loss: 0.0018177509773522615 | Time:1.1731691360473633
2025-03-15 10:57:46,464 - Epoch: 51 Step: 73/79 | Loss: 0.0018054519314318895 | Time:1.157257080078125
2025-03-15 10:57:47,502 - Epoch: 51 Step: 74/79 | Loss: 0.00022174787591211498 | Time:1.0476408004760742
2025-03-15 10:57:48,581 - Epoch: 51 Step: 75/79 | Loss: 0.00015298606012947857 | Time:1.0794188976287842
2025-03-15 10:57:49,832 - Epoch: 51 Step: 76/79 | Loss: 0.0004165672289673239 | Time:1.2505266666412354
2025-03-15 10:57:51,115 - Epoch: 51 Step: 77/79 | Loss: 0.004612818360328674 | Time:1.283477544784546
2025-03-15 10:57:52,366 - Epoch: 51 Step: 78/79 | Loss: 3.427326009841636e-05 | Time:1.2503411769866943
2025-03-15 10:57:52,539 - Epoch: 51 Step: 79/79 | Loss: 4.4703443791149766e-07 | Time:0.22003459930419922
2025-03-15 10:57:53,423 - Val_Epoch:51.0 Step: 1/32 | Loss: 0.005351588595658541 | Time:0
2025-03-15 10:57:54,448 - Val_Epoch:51.0 Step: 2/32 | Loss: 0.2912873923778534 | Time:0.8843340873718262
2025-03-15 10:57:55,823 - Val_Epoch:51.0 Step: 3/32 | Loss: 0.5636788010597229 | Time:1.0247352123260498
2025-03-15 10:57:56,872 - Val_Epoch:51.0 Step: 4/32 | Loss: 0.37414926290512085 | Time:1.3751981258392334
2025-03-15 10:57:57,905 - Val_Epoch:51.0 Step: 5/32 | Loss: 0.15104693174362183 | Time:1.048485517501831
2025-03-15 10:57:58,859 - Val_Epoch:51.0 Step: 6/32 | Loss: 0.2976522445678711 | Time:1.033200740814209
2025-03-15 10:57:59,891 - Val_Epoch:51.0 Step: 7/32 | Loss: 0.0009255647310055792 | Time:0.9541926383972168
2025-03-15 10:58:01,378 - Val_Epoch:51.0 Step: 8/32 | Loss: 0.22284340858459473 | Time:1.0320289134979248
2025-03-15 10:58:02,457 - Val_Epoch:51.0 Step: 9/32 | Loss: 0.23991262912750244 | Time:1.4865977764129639
2025-03-15 10:58:03,506 - Val_Epoch:51.0 Step: 10/32 | Loss: 0.0002441605902276933 | Time:1.07940673828125
2025-03-15 10:58:04,772 - Val_Epoch:51.0 Step: 11/32 | Loss: 0.591897189617157 | Time:1.0491435527801514
2025-03-15 10:58:05,851 - Val_Epoch:51.0 Step: 12/32 | Loss: 0.32357603311538696 | Time:1.265366554260254
2025-03-15 10:58:06,821 - Val_Epoch:51.0 Step: 13/32 | Loss: 0.47911936044692993 | Time:1.079084873199463
2025-03-15 10:58:07,886 - Val_Epoch:51.0 Step: 14/32 | Loss: 0.3244574964046478 | Time:0.9704139232635498
2025-03-15 10:58:08,871 - Val_Epoch:51.0 Step: 15/32 | Loss: 0.14516864717006683 | Time:1.0644199848175049
2025-03-15 10:58:10,075 - Val_Epoch:51.0 Step: 16/32 | Loss: 0.36391428112983704 | Time:0.9849772453308105
2025-03-15 10:58:11,233 - Val_Epoch:51.0 Step: 17/32 | Loss: 0.00013687441241927445 | Time:1.204514503479004
2025-03-15 10:58:12,375 - Val_Epoch:51.0 Step: 18/32 | Loss: 0.20369873940944672 | Time:1.1576521396636963
2025-03-15 10:58:13,486 - Val_Epoch:51.0 Step: 19/32 | Loss: 0.26501166820526123 | Time:1.1422173976898193
2025-03-15 10:58:14,403 - Val_Epoch:51.0 Step: 20/32 | Loss: 0.33087339997291565 | Time:1.111079216003418
2025-03-15 10:58:15,472 - Val_Epoch:51.0 Step: 21/32 | Loss: 0.0780959278345108 | Time:0.9174704551696777
2025-03-15 10:58:16,473 - Val_Epoch:51.0 Step: 22/32 | Loss: 0.3859233558177948 | Time:1.0840401649475098
2025-03-15 10:58:17,380 - Val_Epoch:51.0 Step: 23/32 | Loss: 0.056341491639614105 | Time:0.9859499931335449
2025-03-15 10:58:18,492 - Val_Epoch:51.0 Step: 24/32 | Loss: 0.35092225670814514 | Time:0.9067478179931641
2025-03-15 10:58:19,556 - Val_Epoch:51.0 Step: 25/32 | Loss: 0.0031439601443707943 | Time:1.1121773719787598
2025-03-15 10:58:20,759 - Val_Epoch:51.0 Step: 26/32 | Loss: 0.0030518374405801296 | Time:1.0637774467468262
2025-03-15 10:58:21,948 - Val_Epoch:51.0 Step: 27/32 | Loss: 0.08370556682348251 | Time:1.2031707763671875
2025-03-15 10:58:22,981 - Val_Epoch:51.0 Step: 28/32 | Loss: 0.30208346247673035 | Time:1.1887435913085938
2025-03-15 10:58:23,841 - Val_Epoch:51.0 Step: 29/32 | Loss: 0.15388290584087372 | Time:1.033219337463379
2025-03-15 10:58:24,812 - Val_Epoch:51.0 Step: 30/32 | Loss: 0.026540789753198624 | Time:0.8597943782806396
2025-03-15 10:58:25,937 - Val_Epoch:51.0 Step: 31/32 | Loss: 0.3138004541397095 | Time:0.970428466796875
2025-03-15 10:58:26,140 - Val_Epoch:51.0 Step: 32/32 | Loss: 0.6381292343139648 | Time:1.125870943069458
2025-03-15 10:58:26,141 - Validation - Accuracy: 0.950950950950951, Precision: 0.9057239057239057, Recall: 0.9275862068965517, F1-Score: 0.9165247018739352
2025-03-15 10:58:26,142 - Saved model as model_epoch_51_acc_0.9510.pt
2025-03-15 10:58:26,142 - 
*** EPOCH: 52 ***

2025-03-15 10:58:27,268 - Epoch: 52 Step: 1/79 | Loss: 0.0028521688655018806 | Time:1.0482323169708252
2025-03-15 10:58:28,654 - Epoch: 52 Step: 2/79 | Loss: 0.017741257324814796 | Time:1.391585350036621
2025-03-15 10:58:29,943 - Epoch: 52 Step: 3/79 | Loss: 0.0007477495237253606 | Time:1.2993695735931396
2025-03-15 10:58:31,007 - Epoch: 52 Step: 4/79 | Loss: 0.00022901715419720858 | Time:1.063450813293457
2025-03-15 10:58:31,992 - Epoch: 52 Step: 5/79 | Loss: 0.0003273945185355842 | Time:0.9849157333374023
2025-03-15 10:58:33,289 - Epoch: 52 Step: 6/79 | Loss: 0.00019569879805203527 | Time:1.312037467956543
2025-03-15 10:58:34,541 - Epoch: 52 Step: 7/79 | Loss: 4.3060703319497406e-05 | Time:1.2371010780334473
2025-03-15 10:58:35,777 - Epoch: 52 Step: 8/79 | Loss: 0.004200362134724855 | Time:1.2360002994537354
2025-03-15 10:58:37,184 - Epoch: 52 Step: 9/79 | Loss: 0.0012481914600357413 | Time:1.4068248271942139
2025-03-15 10:58:38,606 - Epoch: 52 Step: 10/79 | Loss: 6.159742770250887e-05 | Time:1.4067740440368652
2025-03-15 10:58:39,846 - Epoch: 52 Step: 11/79 | Loss: 6.889812357258052e-05 | Time:1.2508354187011719
2025-03-15 10:58:40,811 - Epoch: 52 Step: 12/79 | Loss: 0.00010182040568906814 | Time:0.969874382019043
2025-03-15 10:58:41,986 - Epoch: 52 Step: 13/79 | Loss: 0.0002513667568564415 | Time:1.1743433475494385
2025-03-15 10:58:43,314 - Epoch: 52 Step: 14/79 | Loss: 0.0005977053660899401 | Time:1.328784704208374
2025-03-15 10:58:44,440 - Epoch: 52 Step: 15/79 | Loss: 0.0001274615788133815 | Time:1.1406517028808594
2025-03-15 10:58:45,535 - Epoch: 52 Step: 16/79 | Loss: 0.0002127557818312198 | Time:1.0804517269134521
2025-03-15 10:58:46,770 - Epoch: 52 Step: 17/79 | Loss: 0.000567810726352036 | Time:1.2347095012664795
2025-03-15 10:58:47,834 - Epoch: 52 Step: 18/79 | Loss: 0.00011342156358296052 | Time:1.0641508102416992
2025-03-15 10:58:49,008 - Epoch: 52 Step: 19/79 | Loss: 7.665355951758102e-05 | Time:1.1724865436553955
2025-03-15 10:58:50,556 - Epoch: 52 Step: 20/79 | Loss: 0.005855537950992584 | Time:1.5592408180236816
2025-03-15 10:58:51,714 - Epoch: 52 Step: 21/79 | Loss: 5.136997060617432e-05 | Time:1.1509158611297607
2025-03-15 10:58:52,856 - Epoch: 52 Step: 22/79 | Loss: 0.007427699398249388 | Time:1.1388225555419922
2025-03-15 10:58:54,084 - Epoch: 52 Step: 23/79 | Loss: 5.2846015023533255e-05 | Time:1.220259428024292
2025-03-15 10:58:55,342 - Epoch: 52 Step: 24/79 | Loss: 0.02336285635828972 | Time:1.266045093536377
2025-03-15 10:58:56,563 - Epoch: 52 Step: 25/79 | Loss: 0.021897494792938232 | Time:1.2204995155334473
2025-03-15 10:58:57,753 - Epoch: 52 Step: 26/79 | Loss: 8.187811545212753e-06 | Time:1.194244384765625
2025-03-15 10:58:58,849 - Epoch: 52 Step: 27/79 | Loss: 3.7893747503403574e-05 | Time:1.0921578407287598
2025-03-15 10:59:00,068 - Epoch: 52 Step: 28/79 | Loss: 7.130481390049681e-05 | Time:1.2265474796295166
2025-03-15 10:59:01,288 - Epoch: 52 Step: 29/79 | Loss: 0.007173285353928804 | Time:1.223975419998169
2025-03-15 10:59:02,493 - Epoch: 52 Step: 30/79 | Loss: 0.0022849710658192635 | Time:1.1936569213867188
2025-03-15 10:59:03,604 - Epoch: 52 Step: 31/79 | Loss: 0.0007946922560222447 | Time:1.1105220317840576
2025-03-15 10:59:04,888 - Epoch: 52 Step: 32/79 | Loss: 0.0074316952377557755 | Time:1.2984914779663086
2025-03-15 10:59:05,982 - Epoch: 52 Step: 33/79 | Loss: 0.00010736086551332846 | Time:1.0795776844024658
2025-03-15 10:59:07,061 - Epoch: 52 Step: 34/79 | Loss: 0.0005444707931019366 | Time:1.0794649124145508
2025-03-15 10:59:08,531 - Epoch: 52 Step: 35/79 | Loss: 0.0026094422210007906 | Time:1.4701828956604004
2025-03-15 10:59:09,829 - Epoch: 52 Step: 36/79 | Loss: 0.00018063611059915274 | Time:1.2978153228759766
2025-03-15 10:59:11,027 - Epoch: 52 Step: 37/79 | Loss: 5.3793522965861484e-05 | Time:1.1978189945220947
2025-03-15 10:59:12,190 - Epoch: 52 Step: 38/79 | Loss: 1.6372163372579962e-05 | Time:1.1633169651031494
2025-03-15 10:59:13,463 - Epoch: 52 Step: 39/79 | Loss: 3.629638740676455e-05 | Time:1.2672903537750244
2025-03-15 10:59:14,663 - Epoch: 52 Step: 40/79 | Loss: 0.0004937709891237319 | Time:1.2056620121002197
2025-03-15 10:59:16,054 - Epoch: 52 Step: 41/79 | Loss: 0.0029092642944306135 | Time:1.3963639736175537
2025-03-15 10:59:17,119 - Epoch: 52 Step: 42/79 | Loss: 9.449964272789657e-05 | Time:1.058990240097046
2025-03-15 10:59:18,183 - Epoch: 52 Step: 43/79 | Loss: 0.0018910982180386782 | Time:1.0641124248504639
2025-03-15 10:59:19,481 - Epoch: 52 Step: 44/79 | Loss: 0.004772073123604059 | Time:1.297968864440918
2025-03-15 10:59:20,639 - Epoch: 52 Step: 45/79 | Loss: 0.0008592180674895644 | Time:1.1636672019958496
2025-03-15 10:59:21,968 - Epoch: 52 Step: 46/79 | Loss: 0.0016772631788626313 | Time:1.3238005638122559
2025-03-15 10:59:23,266 - Epoch: 52 Step: 47/79 | Loss: 5.852520189364441e-05 | Time:1.2978622913360596
2025-03-15 10:59:24,424 - Epoch: 52 Step: 48/79 | Loss: 0.0018911055522039533 | Time:1.157576084136963
2025-03-15 10:59:25,629 - Epoch: 52 Step: 49/79 | Loss: 0.001312054111622274 | Time:1.2055230140686035
2025-03-15 10:59:26,802 - Epoch: 52 Step: 50/79 | Loss: 0.00013583760301116854 | Time:1.1725783348083496
2025-03-15 10:59:28,194 - Epoch: 52 Step: 51/79 | Loss: 2.6688698198995553e-05 | Time:1.3924188613891602
2025-03-15 10:59:29,305 - Epoch: 52 Step: 52/79 | Loss: 0.0015526126371696591 | Time:1.1117494106292725
2025-03-15 10:59:30,511 - Epoch: 52 Step: 53/79 | Loss: 0.04060504585504532 | Time:1.2047991752624512
2025-03-15 10:59:31,854 - Epoch: 52 Step: 54/79 | Loss: 0.010539284907281399 | Time:1.350721836090088
2025-03-15 10:59:32,981 - Epoch: 52 Step: 55/79 | Loss: 0.03572703152894974 | Time:1.1197304725646973
2025-03-15 10:59:34,030 - Epoch: 52 Step: 56/79 | Loss: 1.2583321222336963e-05 | Time:1.0464329719543457
2025-03-15 10:59:35,369 - Epoch: 52 Step: 57/79 | Loss: 0.00020563082944136113 | Time:1.3305416107177734
2025-03-15 10:59:36,687 - Epoch: 52 Step: 58/79 | Loss: 2.4952410967671312e-05 | Time:1.3290278911590576
2025-03-15 10:59:38,048 - Epoch: 52 Step: 59/79 | Loss: 0.00039844238199293613 | Time:1.3454735279083252
2025-03-15 10:59:39,363 - Epoch: 52 Step: 60/79 | Loss: 0.0015038002748042345 | Time:1.330796718597412
2025-03-15 10:59:40,583 - Epoch: 52 Step: 61/79 | Loss: 2.9599235858768225e-05 | Time:1.2191879749298096
2025-03-15 10:59:41,678 - Epoch: 52 Step: 62/79 | Loss: 3.524010389810428e-05 | Time:1.0951142311096191
2025-03-15 10:59:43,007 - Epoch: 52 Step: 63/79 | Loss: 8.943903230829164e-05 | Time:1.3138437271118164
2025-03-15 10:59:44,337 - Epoch: 52 Step: 64/79 | Loss: 8.679321763338521e-05 | Time:1.3451614379882812
2025-03-15 10:59:45,541 - Epoch: 52 Step: 65/79 | Loss: 0.03725551441311836 | Time:1.2037770748138428
2025-03-15 10:59:46,838 - Epoch: 52 Step: 66/79 | Loss: 6.898336141603068e-05 | Time:1.2977283000946045
2025-03-15 10:59:48,090 - Epoch: 52 Step: 67/79 | Loss: 0.0027608179952949286 | Time:1.2515482902526855
2025-03-15 10:59:49,295 - Epoch: 52 Step: 68/79 | Loss: 8.749328117119148e-05 | Time:1.2052831649780273
2025-03-15 10:59:50,437 - Epoch: 52 Step: 69/79 | Loss: 0.0006249064463190734 | Time:1.1417968273162842
2025-03-15 10:59:51,736 - Epoch: 52 Step: 70/79 | Loss: 0.00010846270015463233 | Time:1.283431053161621
2025-03-15 10:59:52,940 - Epoch: 52 Step: 71/79 | Loss: 0.0003781016857828945 | Time:1.2201976776123047
2025-03-15 10:59:54,443 - Epoch: 52 Step: 72/79 | Loss: 0.0001953202299773693 | Time:1.5023384094238281
2025-03-15 10:59:55,679 - Epoch: 52 Step: 73/79 | Loss: 4.5327225961955264e-05 | Time:1.236217737197876
2025-03-15 10:59:56,899 - Epoch: 52 Step: 74/79 | Loss: 8.472555782645941e-05 | Time:1.2198927402496338
2025-03-15 10:59:58,244 - Epoch: 52 Step: 75/79 | Loss: 0.10372889041900635 | Time:1.329404354095459
2025-03-15 10:59:59,402 - Epoch: 52 Step: 76/79 | Loss: 0.00012423750013113022 | Time:1.1737744808197021
2025-03-15 11:00:00,623 - Epoch: 52 Step: 77/79 | Loss: 0.00012350897304713726 | Time:1.220555305480957
2025-03-15 11:00:01,858 - Epoch: 52 Step: 78/79 | Loss: 0.0004389266250655055 | Time:1.2354083061218262
2025-03-15 11:00:02,171 - Epoch: 52 Step: 79/79 | Loss: 0.0009080017916858196 | Time:0.35988593101501465
2025-03-15 11:00:03,047 - Val_Epoch:52.0 Step: 1/32 | Loss: 0.0034442327450960875 | Time:0
2025-03-15 11:00:04,080 - Val_Epoch:52.0 Step: 2/32 | Loss: 0.3429189622402191 | Time:0.8756742477416992
2025-03-15 11:00:05,441 - Val_Epoch:52.0 Step: 3/32 | Loss: 0.3633352816104889 | Time:1.033308744430542
2025-03-15 11:00:06,474 - Val_Epoch:52.0 Step: 4/32 | Loss: 0.4047393202781677 | Time:1.360499620437622
2025-03-15 11:00:07,491 - Val_Epoch:52.0 Step: 5/32 | Loss: 0.220351442694664 | Time:1.0334227085113525
2025-03-15 11:00:08,430 - Val_Epoch:52.0 Step: 6/32 | Loss: 0.20329859852790833 | Time:1.0168836116790771
2025-03-15 11:00:09,446 - Val_Epoch:52.0 Step: 7/32 | Loss: 0.0018534939736127853 | Time:0.9390764236450195
2025-03-15 11:00:10,916 - Val_Epoch:52.0 Step: 8/32 | Loss: 0.19872108101844788 | Time:1.016446828842163
2025-03-15 11:00:11,994 - Val_Epoch:52.0 Step: 9/32 | Loss: 0.3189244568347931 | Time:1.469468355178833
2025-03-15 11:00:13,041 - Val_Epoch:52.0 Step: 10/32 | Loss: 0.0011579064885154366 | Time:1.0783302783966064
2025-03-15 11:00:14,292 - Val_Epoch:52.0 Step: 11/32 | Loss: 0.6610130667686462 | Time:1.0471341609954834
2025-03-15 11:00:15,371 - Val_Epoch:52.0 Step: 12/32 | Loss: 0.4999490976333618 | Time:1.2510719299316406
2025-03-15 11:00:16,340 - Val_Epoch:52.0 Step: 13/32 | Loss: 0.498056560754776 | Time:1.078956127166748
2025-03-15 11:00:17,388 - Val_Epoch:52.0 Step: 14/32 | Loss: 0.4483516812324524 | Time:0.969045877456665
2025-03-15 11:00:18,374 - Val_Epoch:52.0 Step: 15/32 | Loss: 0.218719482421875 | Time:1.047513484954834
2025-03-15 11:00:19,579 - Val_Epoch:52.0 Step: 16/32 | Loss: 0.20196674764156342 | Time:0.9858419895172119
2025-03-15 11:00:20,720 - Val_Epoch:52.0 Step: 17/32 | Loss: 6.390093039954081e-05 | Time:1.2053163051605225
2025-03-15 11:00:21,877 - Val_Epoch:52.0 Step: 18/32 | Loss: 0.26236456632614136 | Time:1.1411242485046387
2025-03-15 11:00:23,004 - Val_Epoch:52.0 Step: 19/32 | Loss: 0.318265438079834 | Time:1.1567416191101074
2025-03-15 11:00:23,881 - Val_Epoch:52.0 Step: 20/32 | Loss: 0.30776068568229675 | Time:1.127384901046753
2025-03-15 11:00:24,961 - Val_Epoch:52.0 Step: 21/32 | Loss: 0.02404984086751938 | Time:0.8762447834014893
2025-03-15 11:00:25,947 - Val_Epoch:52.0 Step: 22/32 | Loss: 0.1940784752368927 | Time:1.0959346294403076
2025-03-15 11:00:26,870 - Val_Epoch:52.0 Step: 23/32 | Loss: 0.17624430358409882 | Time:0.9700446128845215
2025-03-15 11:00:27,983 - Val_Epoch:52.0 Step: 24/32 | Loss: 0.4006209373474121 | Time:0.923285722732544
2025-03-15 11:00:29,046 - Val_Epoch:52.0 Step: 25/32 | Loss: 0.1613045334815979 | Time:1.1127362251281738
2025-03-15 11:00:30,236 - Val_Epoch:52.0 Step: 26/32 | Loss: 0.05635451525449753 | Time:1.063392162322998
2025-03-15 11:00:31,426 - Val_Epoch:52.0 Step: 27/32 | Loss: 0.32363471388816833 | Time:1.189915418624878
2025-03-15 11:00:32,476 - Val_Epoch:52.0 Step: 28/32 | Loss: 0.3003537356853485 | Time:1.1897246837615967
2025-03-15 11:00:33,320 - Val_Epoch:52.0 Step: 29/32 | Loss: 0.4140184223651886 | Time:1.0502934455871582
2025-03-15 11:00:34,260 - Val_Epoch:52.0 Step: 30/32 | Loss: 0.012048422358930111 | Time:0.844465970993042
2025-03-15 11:00:35,401 - Val_Epoch:52.0 Step: 31/32 | Loss: 0.34843167662620544 | Time:0.9552922248840332
2025-03-15 11:00:35,604 - Val_Epoch:52.0 Step: 32/32 | Loss: 1.1582406759262085 | Time:1.1249825954437256
2025-03-15 11:00:35,604 - Validation - Accuracy: 0.9419419419419419, Precision: 0.8717948717948718, Recall: 0.9379310344827586, F1-Score: 0.9036544850498339
2025-03-15 11:00:35,604 - Saved model as model_epoch_52_acc_0.9419.pt
2025-03-15 11:00:35,604 - 
*** EPOCH: 53 ***

2025-03-15 11:00:36,652 - Epoch: 53 Step: 1/79 | Loss: 0.0001395327562931925 | Time:0.9855058193206787
2025-03-15 11:00:37,732 - Epoch: 53 Step: 2/79 | Loss: 0.00016559736104682088 | Time:1.0790715217590332
2025-03-15 11:00:38,920 - Epoch: 53 Step: 3/79 | Loss: 0.0019750262144953012 | Time:1.188657283782959
2025-03-15 11:00:40,395 - Epoch: 53 Step: 4/79 | Loss: 0.0001743081520544365 | Time:1.4701464176177979
2025-03-15 11:00:41,813 - Epoch: 53 Step: 5/79 | Loss: 0.006581180263310671 | Time:1.4066386222839355
2025-03-15 11:00:43,146 - Epoch: 53 Step: 6/79 | Loss: 0.0017708904342725873 | Time:1.3489956855773926
2025-03-15 11:00:44,297 - Epoch: 53 Step: 7/79 | Loss: 0.0013583857798948884 | Time:1.150599718093872
2025-03-15 11:00:45,486 - Epoch: 53 Step: 8/79 | Loss: 0.0003657315974123776 | Time:1.1893904209136963
2025-03-15 11:00:47,221 - Epoch: 53 Step: 9/79 | Loss: 0.0025553039740771055 | Time:1.7349541187286377
2025-03-15 11:00:48,378 - Epoch: 53 Step: 10/79 | Loss: 0.0025165241677314043 | Time:1.1575300693511963
2025-03-15 11:00:49,474 - Epoch: 53 Step: 11/79 | Loss: 9.483048052061349e-05 | Time:1.101569652557373
2025-03-15 11:00:50,562 - Epoch: 53 Step: 12/79 | Loss: 0.0005539823323488235 | Time:1.0728473663330078
2025-03-15 11:00:51,492 - Epoch: 53 Step: 13/79 | Loss: 0.00015450036153197289 | Time:0.939598560333252
2025-03-15 11:00:52,697 - Epoch: 53 Step: 14/79 | Loss: 5.713410064345226e-05 | Time:1.204206943511963
2025-03-15 11:00:53,902 - Epoch: 53 Step: 15/79 | Loss: 0.0029627203475683928 | Time:1.2048218250274658
2025-03-15 11:00:55,122 - Epoch: 53 Step: 16/79 | Loss: 0.0004319486615713686 | Time:1.220118761062622
2025-03-15 11:00:56,374 - Epoch: 53 Step: 17/79 | Loss: 0.00019139962387271225 | Time:1.2517116069793701
2025-03-15 11:00:57,610 - Epoch: 53 Step: 18/79 | Loss: 0.0028350891079753637 | Time:1.2371187210083008
2025-03-15 11:00:58,925 - Epoch: 53 Step: 19/79 | Loss: 0.0009695442859083414 | Time:1.2993485927581787
2025-03-15 11:01:00,193 - Epoch: 53 Step: 20/79 | Loss: 0.012048687785863876 | Time:1.2832598686218262
2025-03-15 11:01:01,319 - Epoch: 53 Step: 21/79 | Loss: 0.04657595977187157 | Time:1.125791311264038
2025-03-15 11:01:02,546 - Epoch: 53 Step: 22/79 | Loss: 0.0004934585886076093 | Time:1.2201378345489502
2025-03-15 11:01:03,853 - Epoch: 53 Step: 23/79 | Loss: 6.236885383259505e-05 | Time:1.314145803451538
2025-03-15 11:01:05,245 - Epoch: 53 Step: 24/79 | Loss: 0.00032672513043507934 | Time:1.3919785022735596
2025-03-15 11:01:06,497 - Epoch: 53 Step: 25/79 | Loss: 0.0011005218839272857 | Time:1.2517540454864502
2025-03-15 11:01:07,592 - Epoch: 53 Step: 26/79 | Loss: 3.2223606467596255e-06 | Time:1.0952298641204834
2025-03-15 11:01:08,844 - Epoch: 53 Step: 27/79 | Loss: 0.00023966687149368227 | Time:1.2514863014221191
2025-03-15 11:01:10,048 - Epoch: 53 Step: 28/79 | Loss: 0.05892901122570038 | Time:1.2043609619140625
2025-03-15 11:01:11,236 - Epoch: 53 Step: 29/79 | Loss: 7.512143929488957e-05 | Time:1.1884994506835938
2025-03-15 11:01:12,363 - Epoch: 53 Step: 30/79 | Loss: 1.720187174214516e-05 | Time:1.1268751621246338
2025-03-15 11:01:13,474 - Epoch: 53 Step: 31/79 | Loss: 0.005770904943346977 | Time:1.109955072402954
2025-03-15 11:01:14,760 - Epoch: 53 Step: 32/79 | Loss: 0.010395536199212074 | Time:1.2859816551208496
2025-03-15 11:01:15,917 - Epoch: 53 Step: 33/79 | Loss: 0.012081840075552464 | Time:1.1417264938354492
2025-03-15 11:01:17,036 - Epoch: 53 Step: 34/79 | Loss: 0.028274524956941605 | Time:1.1271791458129883
2025-03-15 11:01:18,342 - Epoch: 53 Step: 35/79 | Loss: 0.00025445729261264205 | Time:1.314244270324707
2025-03-15 11:01:19,735 - Epoch: 53 Step: 36/79 | Loss: 0.004231645725667477 | Time:1.3915603160858154
2025-03-15 11:01:21,111 - Epoch: 53 Step: 37/79 | Loss: 0.0018615290755406022 | Time:1.3771357536315918
2025-03-15 11:01:22,442 - Epoch: 53 Step: 38/79 | Loss: 0.005109780468046665 | Time:1.3300187587738037
2025-03-15 11:01:23,599 - Epoch: 53 Step: 39/79 | Loss: 0.017062077298760414 | Time:1.1582345962524414
2025-03-15 11:01:24,883 - Epoch: 53 Step: 40/79 | Loss: 0.0002253968414152041 | Time:1.2858314514160156
2025-03-15 11:01:25,979 - Epoch: 53 Step: 41/79 | Loss: 0.0006229880964383483 | Time:1.0780348777770996
2025-03-15 11:01:27,152 - Epoch: 53 Step: 42/79 | Loss: 0.0020998481195420027 | Time:1.1883268356323242
2025-03-15 11:01:28,417 - Epoch: 53 Step: 43/79 | Loss: 0.0004546034033410251 | Time:1.2665596008300781
2025-03-15 11:01:29,622 - Epoch: 53 Step: 44/79 | Loss: 0.001196982804685831 | Time:1.1880171298980713
2025-03-15 11:01:30,717 - Epoch: 53 Step: 45/79 | Loss: 0.0018715121550485492 | Time:1.1109914779663086
2025-03-15 11:01:31,890 - Epoch: 53 Step: 46/79 | Loss: 0.0026378463953733444 | Time:1.173313856124878
2025-03-15 11:01:33,001 - Epoch: 53 Step: 47/79 | Loss: 3.2959243981167674e-05 | Time:1.0956692695617676
2025-03-15 11:01:34,299 - Epoch: 53 Step: 48/79 | Loss: 4.482506847125478e-05 | Time:1.3129751682281494
2025-03-15 11:01:35,645 - Epoch: 53 Step: 49/79 | Loss: 0.006212759297341108 | Time:1.3461129665374756
2025-03-15 11:01:36,802 - Epoch: 53 Step: 50/79 | Loss: 0.0031930850818753242 | Time:1.157212734222412
2025-03-15 11:01:37,803 - Epoch: 53 Step: 51/79 | Loss: 1.3547938578994945e-05 | Time:0.9846079349517822
2025-03-15 11:01:38,976 - Epoch: 53 Step: 52/79 | Loss: 0.00013132509775459766 | Time:1.1886119842529297
2025-03-15 11:01:40,133 - Epoch: 53 Step: 53/79 | Loss: 4.127971260459162e-05 | Time:1.1693615913391113
2025-03-15 11:01:41,588 - Epoch: 53 Step: 54/79 | Loss: 0.0024798610247671604 | Time:1.4433915615081787
2025-03-15 11:01:42,792 - Epoch: 53 Step: 55/79 | Loss: 0.00020554044749587774 | Time:1.2039902210235596
2025-03-15 11:01:44,138 - Epoch: 53 Step: 56/79 | Loss: 0.0008992684888653457 | Time:1.3298344612121582
2025-03-15 11:01:45,546 - Epoch: 53 Step: 57/79 | Loss: 0.011075291782617569 | Time:1.4236834049224854
2025-03-15 11:01:46,594 - Epoch: 53 Step: 58/79 | Loss: 0.0001600466639501974 | Time:1.0485928058624268
2025-03-15 11:01:47,581 - Epoch: 53 Step: 59/79 | Loss: 0.0006090821698307991 | Time:0.986161470413208
2025-03-15 11:01:48,940 - Epoch: 53 Step: 60/79 | Loss: 0.01347159780561924 | Time:1.3589797019958496
2025-03-15 11:01:50,333 - Epoch: 53 Step: 61/79 | Loss: 0.011084022000432014 | Time:1.3921051025390625
2025-03-15 11:01:51,380 - Epoch: 53 Step: 62/79 | Loss: 0.0005114760133437812 | Time:1.0621416568756104
2025-03-15 11:01:52,617 - Epoch: 53 Step: 63/79 | Loss: 0.00045163597678765655 | Time:1.223097562789917
2025-03-15 11:01:54,148 - Epoch: 53 Step: 64/79 | Loss: 0.039077550172805786 | Time:1.515235424041748
2025-03-15 11:01:55,573 - Epoch: 53 Step: 65/79 | Loss: 0.0012124839704483747 | Time:1.440675973892212
2025-03-15 11:01:56,713 - Epoch: 53 Step: 66/79 | Loss: 0.0027126455679535866 | Time:1.1404566764831543
2025-03-15 11:01:57,637 - Epoch: 53 Step: 67/79 | Loss: 0.0005126252654008567 | Time:0.9237945079803467
2025-03-15 11:01:58,921 - Epoch: 53 Step: 68/79 | Loss: 0.0005835725460201502 | Time:1.2661385536193848
2025-03-15 11:02:00,045 - Epoch: 53 Step: 69/79 | Loss: 0.00023752333072479814 | Time:1.1420822143554688
2025-03-15 11:02:01,156 - Epoch: 53 Step: 70/79 | Loss: 0.023872658610343933 | Time:1.1109755039215088
2025-03-15 11:02:02,127 - Epoch: 53 Step: 71/79 | Loss: 6.6430373408366e-05 | Time:0.9708280563354492
2025-03-15 11:02:03,191 - Epoch: 53 Step: 72/79 | Loss: 6.69020737404935e-05 | Time:1.0635740756988525
2025-03-15 11:02:04,583 - Epoch: 53 Step: 73/79 | Loss: 0.013655375689268112 | Time:1.39127516746521
2025-03-15 11:02:05,725 - Epoch: 53 Step: 74/79 | Loss: 0.0002982661535497755 | Time:1.1276183128356934
2025-03-15 11:02:06,976 - Epoch: 53 Step: 75/79 | Loss: 0.0005633343243971467 | Time:1.266275405883789
2025-03-15 11:02:08,275 - Epoch: 53 Step: 76/79 | Loss: 9.814596705837175e-05 | Time:1.2987284660339355
2025-03-15 11:02:09,511 - Epoch: 53 Step: 77/79 | Loss: 0.00017346162348985672 | Time:1.236398458480835
2025-03-15 11:02:10,825 - Epoch: 53 Step: 78/79 | Loss: 0.0005054846405982971 | Time:1.3141727447509766
2025-03-15 11:02:11,044 - Epoch: 53 Step: 79/79 | Loss: 0.00025745059247128665 | Time:0.26607775688171387
2025-03-15 11:02:11,921 - Val_Epoch:53.0 Step: 1/32 | Loss: 0.01736474223434925 | Time:0
2025-03-15 11:02:12,969 - Val_Epoch:53.0 Step: 2/32 | Loss: 0.3267950415611267 | Time:0.8766212463378906
2025-03-15 11:02:14,330 - Val_Epoch:53.0 Step: 3/32 | Loss: 0.7696890830993652 | Time:1.0475702285766602
2025-03-15 11:02:15,393 - Val_Epoch:53.0 Step: 4/32 | Loss: 0.4134419858455658 | Time:1.3613996505737305
2025-03-15 11:02:16,411 - Val_Epoch:53.0 Step: 5/32 | Loss: 0.03648874908685684 | Time:1.0631225109100342
2025-03-15 11:02:17,365 - Val_Epoch:53.0 Step: 6/32 | Loss: 0.29103899002075195 | Time:1.0178420543670654
2025-03-15 11:02:18,366 - Val_Epoch:53.0 Step: 7/32 | Loss: 0.024057283997535706 | Time:0.954317569732666
2025-03-15 11:02:19,865 - Val_Epoch:53.0 Step: 8/32 | Loss: 0.01473793014883995 | Time:1.0006556510925293
2025-03-15 11:02:20,933 - Val_Epoch:53.0 Step: 9/32 | Loss: 0.266867995262146 | Time:1.4990251064300537
2025-03-15 11:02:21,981 - Val_Epoch:53.0 Step: 10/32 | Loss: 0.00034886234789155424 | Time:1.0678751468658447
2025-03-15 11:02:23,262 - Val_Epoch:53.0 Step: 11/32 | Loss: 0.5656483769416809 | Time:1.0478644371032715
2025-03-15 11:02:24,342 - Val_Epoch:53.0 Step: 12/32 | Loss: 0.42886558175086975 | Time:1.2815461158752441
2025-03-15 11:02:25,311 - Val_Epoch:53.0 Step: 13/32 | Loss: 0.5501402616500854 | Time:1.0798966884613037
2025-03-15 11:02:26,359 - Val_Epoch:53.0 Step: 14/32 | Loss: 0.17634183168411255 | Time:0.9688928127288818
2025-03-15 11:02:27,376 - Val_Epoch:53.0 Step: 15/32 | Loss: 0.016755344346165657 | Time:1.048241138458252
2025-03-15 11:02:28,581 - Val_Epoch:53.0 Step: 16/32 | Loss: 0.24029046297073364 | Time:1.0166740417480469
2025-03-15 11:02:29,724 - Val_Epoch:53.0 Step: 17/32 | Loss: 0.02824479527771473 | Time:1.205064058303833
2025-03-15 11:02:30,866 - Val_Epoch:53.0 Step: 18/32 | Loss: 0.11979251354932785 | Time:1.1425120830535889
2025-03-15 11:02:32,007 - Val_Epoch:53.0 Step: 19/32 | Loss: 0.28881585597991943 | Time:1.1421964168548584
2025-03-15 11:02:32,914 - Val_Epoch:53.0 Step: 20/32 | Loss: 0.36224114894866943 | Time:1.141085147857666
2025-03-15 11:02:33,993 - Val_Epoch:53.0 Step: 21/32 | Loss: 0.0033910213969647884 | Time:0.9070436954498291
2025-03-15 11:02:34,979 - Val_Epoch:53.0 Step: 22/32 | Loss: 0.6249839663505554 | Time:1.0795745849609375
2025-03-15 11:02:35,903 - Val_Epoch:53.0 Step: 23/32 | Loss: 0.1932901293039322 | Time:0.9860575199127197
2025-03-15 11:02:36,998 - Val_Epoch:53.0 Step: 24/32 | Loss: 0.5275132060050964 | Time:0.9234933853149414
2025-03-15 11:02:38,061 - Val_Epoch:53.0 Step: 25/32 | Loss: 0.005095811560750008 | Time:1.0949711799621582
2025-03-15 11:02:39,275 - Val_Epoch:53.0 Step: 26/32 | Loss: 0.014792646281421185 | Time:1.0630345344543457
2025-03-15 11:02:40,455 - Val_Epoch:53.0 Step: 27/32 | Loss: 0.3776707351207733 | Time:1.2153913974761963
2025-03-15 11:02:41,502 - Val_Epoch:53.0 Step: 28/32 | Loss: 0.32755202054977417 | Time:1.179004192352295
2025-03-15 11:02:42,363 - Val_Epoch:53.0 Step: 29/32 | Loss: 0.28139448165893555 | Time:1.0469532012939453
2025-03-15 11:02:43,331 - Val_Epoch:53.0 Step: 30/32 | Loss: 0.004061581566929817 | Time:0.86092209815979
2025-03-15 11:02:44,444 - Val_Epoch:53.0 Step: 31/32 | Loss: 0.4937410354614258 | Time:0.9688475131988525
2025-03-15 11:02:44,647 - Val_Epoch:53.0 Step: 32/32 | Loss: 0.7824376821517944 | Time:1.112090826034546
2025-03-15 11:02:44,647 - Validation - Accuracy: 0.948948948948949, Precision: 0.9134948096885813, Recall: 0.9103448275862069, F1-Score: 0.9119170984455959
2025-03-15 11:02:44,647 - Saved model as model_epoch_53_acc_0.9489.pt
2025-03-15 11:02:44,647 - 
*** EPOCH: 54 ***

2025-03-15 11:02:45,914 - Epoch: 54 Step: 1/79 | Loss: 0.12477630376815796 | Time:1.1579906940460205
2025-03-15 11:02:47,181 - Epoch: 54 Step: 2/79 | Loss: 0.0001858449395513162 | Time:1.3136131763458252
2025-03-15 11:02:48,292 - Epoch: 54 Step: 3/79 | Loss: 0.0008941130945459008 | Time:1.1104905605316162
2025-03-15 11:02:49,669 - Epoch: 54 Step: 4/79 | Loss: 0.0002723120851442218 | Time:1.3834757804870605
2025-03-15 11:02:50,905 - Epoch: 54 Step: 5/79 | Loss: 0.00010271659266436473 | Time:1.2293241024017334
2025-03-15 11:02:52,204 - Epoch: 54 Step: 6/79 | Loss: 4.0070077375276014e-05 | Time:1.2988758087158203
2025-03-15 11:02:53,407 - Epoch: 54 Step: 7/79 | Loss: 6.244760152185336e-05 | Time:1.1882600784301758
2025-03-15 11:02:54,675 - Epoch: 54 Step: 8/79 | Loss: 8.154114766512066e-05 | Time:1.2835321426391602
2025-03-15 11:02:55,988 - Epoch: 54 Step: 9/79 | Loss: 6.904710608068854e-05 | Time:1.3126070499420166
2025-03-15 11:02:57,106 - Epoch: 54 Step: 10/79 | Loss: 0.0003535607538651675 | Time:1.1113722324371338
2025-03-15 11:02:58,257 - Epoch: 54 Step: 11/79 | Loss: 0.002013314049690962 | Time:1.1580369472503662
2025-03-15 11:02:59,352 - Epoch: 54 Step: 12/79 | Loss: 0.002695983275771141 | Time:1.0948758125305176
2025-03-15 11:03:00,917 - Epoch: 54 Step: 13/79 | Loss: 0.0033297231420874596 | Time:1.5645182132720947
2025-03-15 11:03:01,917 - Epoch: 54 Step: 14/79 | Loss: 0.009867675602436066 | Time:1.00068998336792
2025-03-15 11:03:03,277 - Epoch: 54 Step: 15/79 | Loss: 0.0002986769541166723 | Time:1.359572410583496
2025-03-15 11:03:04,451 - Epoch: 54 Step: 16/79 | Loss: 0.004508405923843384 | Time:1.1731183528900146
2025-03-15 11:03:05,592 - Epoch: 54 Step: 17/79 | Loss: 9.148833487415686e-05 | Time:1.1420447826385498
2025-03-15 11:03:06,798 - Epoch: 54 Step: 18/79 | Loss: 5.3275660320650786e-05 | Time:1.2041943073272705
2025-03-15 11:03:08,425 - Epoch: 54 Step: 19/79 | Loss: 0.010299713350832462 | Time:1.627631425857544
2025-03-15 11:03:09,473 - Epoch: 54 Step: 20/79 | Loss: 0.0032827090471982956 | Time:1.0481221675872803
2025-03-15 11:03:10,614 - Epoch: 54 Step: 21/79 | Loss: 6.704682891722769e-05 | Time:1.1423592567443848
2025-03-15 11:03:12,038 - Epoch: 54 Step: 22/79 | Loss: 0.027845939621329308 | Time:1.4231104850769043
2025-03-15 11:03:13,211 - Epoch: 54 Step: 23/79 | Loss: 9.122982191911433e-06 | Time:1.1573114395141602
2025-03-15 11:03:14,446 - Epoch: 54 Step: 24/79 | Loss: 0.00023566333402413875 | Time:1.235853672027588
2025-03-15 11:03:15,634 - Epoch: 54 Step: 25/79 | Loss: 0.0033398079685866833 | Time:1.2036855220794678
2025-03-15 11:03:17,120 - Epoch: 54 Step: 26/79 | Loss: 0.0011927179293707013 | Time:1.486004114151001
2025-03-15 11:03:18,373 - Epoch: 54 Step: 27/79 | Loss: 2.5499648472759873e-05 | Time:1.2527258396148682
2025-03-15 11:03:19,547 - Epoch: 54 Step: 28/79 | Loss: 0.0018940892769023776 | Time:1.172309398651123
2025-03-15 11:03:20,719 - Epoch: 54 Step: 29/79 | Loss: 0.00020363120711408556 | Time:1.1731188297271729
2025-03-15 11:03:21,954 - Epoch: 54 Step: 30/79 | Loss: 0.0003141491033602506 | Time:1.2350199222564697
2025-03-15 11:03:23,362 - Epoch: 54 Step: 31/79 | Loss: 0.00021613189892377704 | Time:1.4087839126586914
2025-03-15 11:03:24,348 - Epoch: 54 Step: 32/79 | Loss: 0.000895893492270261 | Time:0.9704277515411377
2025-03-15 11:03:25,851 - Epoch: 54 Step: 33/79 | Loss: 0.00010505528189241886 | Time:1.5178465843200684
2025-03-15 11:03:27,086 - Epoch: 54 Step: 34/79 | Loss: 1.7641301383264363e-05 | Time:1.2356188297271729
2025-03-15 11:03:28,370 - Epoch: 54 Step: 35/79 | Loss: 0.0001404237118549645 | Time:1.2833688259124756
2025-03-15 11:03:29,465 - Epoch: 54 Step: 36/79 | Loss: 0.0020295376889407635 | Time:1.0947074890136719
2025-03-15 11:03:30,575 - Epoch: 54 Step: 37/79 | Loss: 1.9812698155874386e-05 | Time:1.1107072830200195
2025-03-15 11:03:31,872 - Epoch: 54 Step: 38/79 | Loss: 6.982827471802011e-05 | Time:1.296870231628418
2025-03-15 11:03:33,014 - Epoch: 54 Step: 39/79 | Loss: 0.0005296843010000885 | Time:1.1418683528900146
2025-03-15 11:03:34,172 - Epoch: 54 Step: 40/79 | Loss: 0.0012670481810346246 | Time:1.1584901809692383
2025-03-15 11:03:35,329 - Epoch: 54 Step: 41/79 | Loss: 1.3399447198025882e-05 | Time:1.1407644748687744
2025-03-15 11:03:36,502 - Epoch: 54 Step: 42/79 | Loss: 0.04115774855017662 | Time:1.1891028881072998
2025-03-15 11:03:37,645 - Epoch: 54 Step: 43/79 | Loss: 2.6782361601362936e-05 | Time:1.1423993110656738
2025-03-15 11:03:38,926 - Epoch: 54 Step: 44/79 | Loss: 7.839658064767718e-05 | Time:1.2934067249298096
2025-03-15 11:03:40,068 - Epoch: 54 Step: 45/79 | Loss: 0.00023861558292992413 | Time:1.1300232410430908
2025-03-15 11:03:41,335 - Epoch: 54 Step: 46/79 | Loss: 0.00011701224138960242 | Time:1.2667109966278076
2025-03-15 11:03:42,508 - Epoch: 54 Step: 47/79 | Loss: 0.0069472091272473335 | Time:1.1735866069793701
2025-03-15 11:03:43,667 - Epoch: 54 Step: 48/79 | Loss: 0.003695423947647214 | Time:1.1586878299713135
2025-03-15 11:03:44,715 - Epoch: 54 Step: 49/79 | Loss: 5.5831140343798324e-05 | Time:1.0479092597961426
2025-03-15 11:03:45,950 - Epoch: 54 Step: 50/79 | Loss: 5.0775197451002896e-05 | Time:1.2355520725250244
2025-03-15 11:03:47,185 - Epoch: 54 Step: 51/79 | Loss: 0.00018424226436764002 | Time:1.2347087860107422
2025-03-15 11:03:48,266 - Epoch: 54 Step: 52/79 | Loss: 2.841163586708717e-05 | Time:1.0835058689117432
2025-03-15 11:03:49,391 - Epoch: 54 Step: 53/79 | Loss: 0.0005559701821766794 | Time:1.1226258277893066
2025-03-15 11:03:50,362 - Epoch: 54 Step: 54/79 | Loss: 5.3008043323643506e-05 | Time:0.9705333709716797
2025-03-15 11:03:51,551 - Epoch: 54 Step: 55/79 | Loss: 4.5977067202329636e-05 | Time:1.1892457008361816
2025-03-15 11:03:52,741 - Epoch: 54 Step: 56/79 | Loss: 0.0204481091350317 | Time:1.1897273063659668
2025-03-15 11:03:54,102 - Epoch: 54 Step: 57/79 | Loss: 0.00083637930219993 | Time:1.3607523441314697
2025-03-15 11:03:55,524 - Epoch: 54 Step: 58/79 | Loss: 0.014950201846659184 | Time:1.4223370552062988
2025-03-15 11:03:56,948 - Epoch: 54 Step: 59/79 | Loss: 9.35390853555873e-05 | Time:1.4270496368408203
2025-03-15 11:03:58,059 - Epoch: 54 Step: 60/79 | Loss: 4.158811498200521e-05 | Time:1.1161885261535645
2025-03-15 11:03:59,294 - Epoch: 54 Step: 61/79 | Loss: 1.154062647401588e-05 | Time:1.238004446029663
2025-03-15 11:04:00,545 - Epoch: 54 Step: 62/79 | Loss: 7.41806798032485e-05 | Time:1.2400970458984375
2025-03-15 11:04:01,702 - Epoch: 54 Step: 63/79 | Loss: 0.0007381070172414184 | Time:1.1414320468902588
2025-03-15 11:04:02,876 - Epoch: 54 Step: 64/79 | Loss: 0.008727715350687504 | Time:1.1740577220916748
2025-03-15 11:04:04,096 - Epoch: 54 Step: 65/79 | Loss: 0.00022731175704393536 | Time:1.2453956604003906
2025-03-15 11:04:05,253 - Epoch: 54 Step: 66/79 | Loss: 0.001975037157535553 | Time:1.1470060348510742
2025-03-15 11:04:06,458 - Epoch: 54 Step: 67/79 | Loss: 0.00042891871999017894 | Time:1.2037129402160645
2025-03-15 11:04:07,584 - Epoch: 54 Step: 68/79 | Loss: 8.943174179876223e-05 | Time:1.1267139911651611
2025-03-15 11:04:08,834 - Epoch: 54 Step: 69/79 | Loss: 0.011185785755515099 | Time:1.2538342475891113
2025-03-15 11:04:10,102 - Epoch: 54 Step: 70/79 | Loss: 0.0022002272307872772 | Time:1.2646684646606445
2025-03-15 11:04:11,458 - Epoch: 54 Step: 71/79 | Loss: 0.0015583682106807828 | Time:1.3449413776397705
2025-03-15 11:04:12,589 - Epoch: 54 Step: 72/79 | Loss: 8.64999856275972e-06 | Time:1.1421124935150146
2025-03-15 11:04:13,622 - Epoch: 54 Step: 73/79 | Loss: 8.619817526778206e-05 | Time:1.032947301864624
2025-03-15 11:04:14,905 - Epoch: 54 Step: 74/79 | Loss: 8.969347982201725e-05 | Time:1.282963514328003
2025-03-15 11:04:16,235 - Epoch: 54 Step: 75/79 | Loss: 0.00013393184053711593 | Time:1.3293030261993408
2025-03-15 11:04:17,472 - Epoch: 54 Step: 76/79 | Loss: 2.4719698558328673e-05 | Time:1.2369298934936523
2025-03-15 11:04:18,692 - Epoch: 54 Step: 77/79 | Loss: 0.0005286028026603162 | Time:1.2218871116638184
2025-03-15 11:04:19,912 - Epoch: 54 Step: 78/79 | Loss: 7.618824747623876e-05 | Time:1.2186963558197021
2025-03-15 11:04:20,239 - Epoch: 54 Step: 79/79 | Loss: 6.91661552991718e-05 | Time:0.37411975860595703
2025-03-15 11:04:21,132 - Val_Epoch:54.0 Step: 1/32 | Loss: 0.034051816910505295 | Time:0
2025-03-15 11:04:22,168 - Val_Epoch:54.0 Step: 2/32 | Loss: 0.35406479239463806 | Time:0.8945980072021484
2025-03-15 11:04:23,524 - Val_Epoch:54.0 Step: 3/32 | Loss: 1.0187751054763794 | Time:1.0341057777404785
2025-03-15 11:04:24,589 - Val_Epoch:54.0 Step: 4/32 | Loss: 0.4617231786251068 | Time:1.3563010692596436
2025-03-15 11:04:25,590 - Val_Epoch:54.0 Step: 5/32 | Loss: 0.15002155303955078 | Time:1.0645465850830078
2025-03-15 11:04:26,544 - Val_Epoch:54.0 Step: 6/32 | Loss: 0.34800097346305847 | Time:1.001375675201416
2025-03-15 11:04:27,575 - Val_Epoch:54.0 Step: 7/32 | Loss: 0.0025260159745812416 | Time:0.9536147117614746
2025-03-15 11:04:29,047 - Val_Epoch:54.0 Step: 8/32 | Loss: 0.005587850231677294 | Time:1.0315639972686768
2025-03-15 11:04:30,143 - Val_Epoch:54.0 Step: 9/32 | Loss: 0.3205778896808624 | Time:1.4718372821807861
2025-03-15 11:04:31,205 - Val_Epoch:54.0 Step: 10/32 | Loss: 0.001984474016353488 | Time:1.0963280200958252
2025-03-15 11:04:32,473 - Val_Epoch:54.0 Step: 11/32 | Loss: 0.6474015116691589 | Time:1.0613577365875244
2025-03-15 11:04:33,551 - Val_Epoch:54.0 Step: 12/32 | Loss: 0.5458677411079407 | Time:1.2678332328796387
2025-03-15 11:04:34,552 - Val_Epoch:54.0 Step: 13/32 | Loss: 0.5372040271759033 | Time:1.0782487392425537
2025-03-15 11:04:35,600 - Val_Epoch:54.0 Step: 14/32 | Loss: 0.479716956615448 | Time:1.0014064311981201
2025-03-15 11:04:36,585 - Val_Epoch:54.0 Step: 15/32 | Loss: 0.12747666239738464 | Time:1.0480372905731201
2025-03-15 11:04:37,789 - Val_Epoch:54.0 Step: 16/32 | Loss: 0.18484129011631012 | Time:1.0008108615875244
2025-03-15 11:04:38,947 - Val_Epoch:54.0 Step: 17/32 | Loss: 0.039361774921417236 | Time:1.1880533695220947
2025-03-15 11:04:40,090 - Val_Epoch:54.0 Step: 18/32 | Loss: 0.22953037917613983 | Time:1.1574270725250244
2025-03-15 11:04:41,199 - Val_Epoch:54.0 Step: 19/32 | Loss: 0.2870221436023712 | Time:1.1437115669250488
2025-03-15 11:04:42,092 - Val_Epoch:54.0 Step: 20/32 | Loss: 0.36209991574287415 | Time:1.1091296672821045
2025-03-15 11:04:43,188 - Val_Epoch:54.0 Step: 21/32 | Loss: 0.016365911811590195 | Time:0.9078428745269775
2025-03-15 11:04:44,157 - Val_Epoch:54.0 Step: 22/32 | Loss: 0.6120879650115967 | Time:1.0806849002838135
2025-03-15 11:04:45,080 - Val_Epoch:54.0 Step: 23/32 | Loss: 0.15511593222618103 | Time:0.969404935836792
2025-03-15 11:04:46,191 - Val_Epoch:54.0 Step: 24/32 | Loss: 0.40892666578292847 | Time:0.9227216243743896
2025-03-15 11:04:47,269 - Val_Epoch:54.0 Step: 25/32 | Loss: 0.017583826556801796 | Time:1.1109778881072998
2025-03-15 11:04:48,472 - Val_Epoch:54.0 Step: 26/32 | Loss: 0.09157004207372665 | Time:1.0781500339508057
2025-03-15 11:04:49,674 - Val_Epoch:54.0 Step: 27/32 | Loss: 0.3964420557022095 | Time:1.2028264999389648
2025-03-15 11:04:50,725 - Val_Epoch:54.0 Step: 28/32 | Loss: 0.3380906879901886 | Time:1.2016997337341309
2025-03-15 11:04:51,602 - Val_Epoch:54.0 Step: 29/32 | Loss: 0.4980224668979645 | Time:1.051692008972168
2025-03-15 11:04:52,556 - Val_Epoch:54.0 Step: 30/32 | Loss: 0.047248490154743195 | Time:0.876378059387207
2025-03-15 11:04:53,700 - Val_Epoch:54.0 Step: 31/32 | Loss: 0.5437029004096985 | Time:0.9542782306671143
2025-03-15 11:04:53,886 - Val_Epoch:54.0 Step: 32/32 | Loss: 1.0089079141616821 | Time:1.1435208320617676
2025-03-15 11:04:53,886 - Validation - Accuracy: 0.9409409409409409, Precision: 0.8762214983713354, Recall: 0.9275862068965517, F1-Score: 0.9011725293132328
2025-03-15 11:04:53,902 - Saved model as model_epoch_54_acc_0.9409.pt
2025-03-15 11:04:53,902 - 
*** EPOCH: 55 ***

2025-03-15 11:04:55,231 - Epoch: 55 Step: 1/79 | Loss: 0.00033285541576333344 | Time:1.2044296264648438
2025-03-15 11:04:56,592 - Epoch: 55 Step: 2/79 | Loss: 0.03323119506239891 | Time:1.423337459564209
2025-03-15 11:04:57,969 - Epoch: 55 Step: 3/79 | Loss: 1.828542008297518e-05 | Time:1.3770232200622559
2025-03-15 11:04:59,439 - Epoch: 55 Step: 4/79 | Loss: 0.00042056836537085474 | Time:1.4685893058776855
2025-03-15 11:05:00,676 - Epoch: 55 Step: 5/79 | Loss: 3.648249548859894e-05 | Time:1.222658634185791
2025-03-15 11:05:01,675 - Epoch: 55 Step: 6/79 | Loss: 5.896043876418844e-05 | Time:1.0150494575500488
2025-03-15 11:05:03,006 - Epoch: 55 Step: 7/79 | Loss: 9.872495866147801e-05 | Time:1.3374221324920654
2025-03-15 11:05:04,023 - Epoch: 55 Step: 8/79 | Loss: 3.38697645929642e-05 | Time:1.012481451034546
2025-03-15 11:05:05,211 - Epoch: 55 Step: 9/79 | Loss: 0.00019159876683261245 | Time:1.1856961250305176
2025-03-15 11:05:06,384 - Epoch: 55 Step: 10/79 | Loss: 8.711246482562274e-05 | Time:1.157371997833252
2025-03-15 11:05:07,637 - Epoch: 55 Step: 11/79 | Loss: 0.0001314911205554381 | Time:1.2685291767120361
2025-03-15 11:05:08,934 - Epoch: 55 Step: 12/79 | Loss: 5.958782639936544e-05 | Time:1.2974390983581543
2025-03-15 11:05:10,295 - Epoch: 55 Step: 13/79 | Loss: 0.00022763069136999547 | Time:1.3610200881958008
2025-03-15 11:05:11,562 - Epoch: 55 Step: 14/79 | Loss: 0.006763695739209652 | Time:1.2508671283721924
2025-03-15 11:05:12,674 - Epoch: 55 Step: 15/79 | Loss: 5.998904089210555e-05 | Time:1.1271049976348877
2025-03-15 11:05:14,050 - Epoch: 55 Step: 16/79 | Loss: 0.0009831794304773211 | Time:1.3765034675598145
2025-03-15 11:05:15,221 - Epoch: 55 Step: 17/79 | Loss: 0.0005380217917263508 | Time:1.1717345714569092
2025-03-15 11:05:16,598 - Epoch: 55 Step: 18/79 | Loss: 0.0032017151825129986 | Time:1.376408576965332
2025-03-15 11:05:17,973 - Epoch: 55 Step: 19/79 | Loss: 8.142500155372545e-05 | Time:1.3589158058166504
2025-03-15 11:05:19,224 - Epoch: 55 Step: 20/79 | Loss: 6.558150198543444e-05 | Time:1.271871566772461
2025-03-15 11:05:20,491 - Epoch: 55 Step: 21/79 | Loss: 0.0002466081641614437 | Time:1.2625408172607422
2025-03-15 11:05:21,868 - Epoch: 55 Step: 22/79 | Loss: 0.005236892960965633 | Time:1.3772685527801514
2025-03-15 11:05:22,837 - Epoch: 55 Step: 23/79 | Loss: 0.001210821676068008 | Time:0.9689645767211914
2025-03-15 11:05:24,151 - Epoch: 55 Step: 24/79 | Loss: 0.0004372019902803004 | Time:1.314012050628662
2025-03-15 11:05:25,325 - Epoch: 55 Step: 25/79 | Loss: 3.2994292268995196e-05 | Time:1.173830270767212
2025-03-15 11:05:26,500 - Epoch: 55 Step: 26/79 | Loss: 0.0005096925888210535 | Time:1.1739187240600586
2025-03-15 11:05:27,908 - Epoch: 55 Step: 27/79 | Loss: 7.449159602401778e-05 | Time:1.4075140953063965
2025-03-15 11:05:29,220 - Epoch: 55 Step: 28/79 | Loss: 3.6922134313499555e-05 | Time:1.3138067722320557
2025-03-15 11:05:30,691 - Epoch: 55 Step: 29/79 | Loss: 0.00026656946283765137 | Time:1.4702701568603516
2025-03-15 11:05:32,067 - Epoch: 55 Step: 30/79 | Loss: 0.004482800140976906 | Time:1.376528024673462
2025-03-15 11:05:33,084 - Epoch: 55 Step: 31/79 | Loss: 2.9182805519667454e-05 | Time:1.0165386199951172
2025-03-15 11:05:34,054 - Epoch: 55 Step: 32/79 | Loss: 7.174660277087241e-05 | Time:0.9703948497772217
2025-03-15 11:05:35,118 - Epoch: 55 Step: 33/79 | Loss: 0.0001512406306574121 | Time:1.0635097026824951
2025-03-15 11:05:36,134 - Epoch: 55 Step: 34/79 | Loss: 2.3426620828104205e-05 | Time:1.0167486667633057
2025-03-15 11:05:37,514 - Epoch: 55 Step: 35/79 | Loss: 0.0005924865254200995 | Time:1.3762702941894531
2025-03-15 11:05:38,747 - Epoch: 55 Step: 36/79 | Loss: 0.00031182251404970884 | Time:1.2358417510986328
2025-03-15 11:05:39,795 - Epoch: 55 Step: 37/79 | Loss: 3.1189367291517556e-05 | Time:1.0485272407531738
2025-03-15 11:05:40,998 - Epoch: 55 Step: 38/79 | Loss: 4.134138362132944e-05 | Time:1.2030065059661865
2025-03-15 11:05:42,485 - Epoch: 55 Step: 39/79 | Loss: 0.004392961040139198 | Time:1.4874329566955566
2025-03-15 11:05:43,689 - Epoch: 55 Step: 40/79 | Loss: 0.00016785177285782993 | Time:1.2019188404083252
2025-03-15 11:05:44,987 - Epoch: 55 Step: 41/79 | Loss: 0.0005704039358533919 | Time:1.3024179935455322
2025-03-15 11:05:46,208 - Epoch: 55 Step: 42/79 | Loss: 0.007089246064424515 | Time:1.217111349105835
2025-03-15 11:05:47,333 - Epoch: 55 Step: 43/79 | Loss: 7.994251063792035e-05 | Time:1.1263980865478516
2025-03-15 11:05:48,601 - Epoch: 55 Step: 44/79 | Loss: 8.623670146334916e-05 | Time:1.2673885822296143
2025-03-15 11:05:49,789 - Epoch: 55 Step: 45/79 | Loss: 0.00012243671517353505 | Time:1.1894524097442627
2025-03-15 11:05:50,947 - Epoch: 55 Step: 46/79 | Loss: 0.000763006042689085 | Time:1.1568257808685303
2025-03-15 11:05:52,282 - Epoch: 55 Step: 47/79 | Loss: 0.0006051390082575381 | Time:1.3306176662445068
2025-03-15 11:05:53,341 - Epoch: 55 Step: 48/79 | Loss: 0.0006639679195359349 | Time:1.0638351440429688
2025-03-15 11:05:54,655 - Epoch: 55 Step: 49/79 | Loss: 7.136100612115115e-05 | Time:1.3135623931884766
2025-03-15 11:05:56,000 - Epoch: 55 Step: 50/79 | Loss: 0.0001831255794968456 | Time:1.3444626331329346
2025-03-15 11:05:57,049 - Epoch: 55 Step: 51/79 | Loss: 0.000332123163389042 | Time:1.0489892959594727
2025-03-15 11:05:58,347 - Epoch: 55 Step: 52/79 | Loss: 0.00015054005780257285 | Time:1.2986645698547363
2025-03-15 11:05:59,645 - Epoch: 55 Step: 53/79 | Loss: 0.046171415597200394 | Time:1.3057260513305664
2025-03-15 11:06:00,740 - Epoch: 55 Step: 54/79 | Loss: 0.00015579887258354574 | Time:1.087557315826416
2025-03-15 11:06:02,004 - Epoch: 55 Step: 55/79 | Loss: 4.683430233853869e-05 | Time:1.2517564296722412
2025-03-15 11:06:03,290 - Epoch: 55 Step: 56/79 | Loss: 0.0001332391839241609 | Time:1.2977313995361328
2025-03-15 11:06:04,511 - Epoch: 55 Step: 57/79 | Loss: 0.0002433584741083905 | Time:1.2212133407592773
2025-03-15 11:06:05,716 - Epoch: 55 Step: 58/79 | Loss: 3.5772744013229385e-05 | Time:1.2046799659729004
2025-03-15 11:06:07,031 - Epoch: 55 Step: 59/79 | Loss: 7.587184518342838e-05 | Time:1.2998077869415283
2025-03-15 11:06:08,124 - Epoch: 55 Step: 60/79 | Loss: 6.148166721686721e-05 | Time:1.0937535762786865
2025-03-15 11:06:09,173 - Epoch: 55 Step: 61/79 | Loss: 0.0096944160759449 | Time:1.0645427703857422
2025-03-15 11:06:10,425 - Epoch: 55 Step: 62/79 | Loss: 7.028912659734488e-05 | Time:1.2502210140228271
2025-03-15 11:06:11,700 - Epoch: 55 Step: 63/79 | Loss: 0.00011649484076770023 | Time:1.267423391342163
2025-03-15 11:06:12,975 - Epoch: 55 Step: 64/79 | Loss: 0.00014961944543756545 | Time:1.2824664115905762
2025-03-15 11:06:14,022 - Epoch: 55 Step: 65/79 | Loss: 3.652432860690169e-05 | Time:1.0320372581481934
2025-03-15 11:06:15,321 - Epoch: 55 Step: 66/79 | Loss: 1.2922178029839415e-05 | Time:1.3157660961151123
2025-03-15 11:06:16,214 - Epoch: 55 Step: 67/79 | Loss: 0.0001560837699798867 | Time:0.891777515411377
2025-03-15 11:06:17,590 - Epoch: 55 Step: 68/79 | Loss: 5.900332689634524e-05 | Time:1.3759703636169434
2025-03-15 11:06:18,716 - Epoch: 55 Step: 69/79 | Loss: 9.41733469517203e-06 | Time:1.126814603805542
2025-03-15 11:06:19,858 - Epoch: 55 Step: 70/79 | Loss: 8.679791790200397e-06 | Time:1.141645908355713
2025-03-15 11:06:21,063 - Epoch: 55 Step: 71/79 | Loss: 2.1408501197583973e-05 | Time:1.189404010772705
2025-03-15 11:06:22,127 - Epoch: 55 Step: 72/79 | Loss: 4.2441322875674814e-05 | Time:1.0646774768829346
2025-03-15 11:06:23,128 - Epoch: 55 Step: 73/79 | Loss: 7.195808575488627e-05 | Time:1.0156419277191162
2025-03-15 11:06:24,504 - Epoch: 55 Step: 74/79 | Loss: 0.20359215140342712 | Time:1.3747055530548096
2025-03-15 11:06:25,677 - Epoch: 55 Step: 75/79 | Loss: 0.00011837701458716765 | Time:1.158775806427002
2025-03-15 11:06:26,960 - Epoch: 55 Step: 76/79 | Loss: 0.0001385141076752916 | Time:1.2983417510986328
2025-03-15 11:06:28,164 - Epoch: 55 Step: 77/79 | Loss: 3.6775905755348504e-05 | Time:1.1889209747314453
2025-03-15 11:06:29,430 - Epoch: 55 Step: 78/79 | Loss: 7.69946418586187e-05 | Time:1.281545877456665
2025-03-15 11:06:29,602 - Epoch: 55 Step: 79/79 | Loss: 9.63325728662312e-05 | Time:0.21883058547973633
2025-03-15 11:06:30,477 - Val_Epoch:55.0 Step: 1/32 | Loss: 0.008639775216579437 | Time:0
2025-03-15 11:06:31,510 - Val_Epoch:55.0 Step: 2/32 | Loss: 0.33802512288093567 | Time:0.8754034042358398
2025-03-15 11:06:32,870 - Val_Epoch:55.0 Step: 3/32 | Loss: 0.9044021368026733 | Time:1.0321931838989258
2025-03-15 11:06:33,901 - Val_Epoch:55.0 Step: 4/32 | Loss: 0.44739484786987305 | Time:1.3603019714355469
2025-03-15 11:06:34,901 - Val_Epoch:55.0 Step: 5/32 | Loss: 0.08364244550466537 | Time:1.0311248302459717
2025-03-15 11:06:35,855 - Val_Epoch:55.0 Step: 6/32 | Loss: 0.3878457248210907 | Time:0.9998161792755127
2025-03-15 11:06:37,027 - Val_Epoch:55.0 Step: 7/32 | Loss: 0.018449164927005768 | Time:0.9540212154388428
2025-03-15 11:06:38,512 - Val_Epoch:55.0 Step: 8/32 | Loss: 0.005185727495700121 | Time:1.1717853546142578
2025-03-15 11:06:39,591 - Val_Epoch:55.0 Step: 9/32 | Loss: 0.2729990780353546 | Time:1.4850695133209229
2025-03-15 11:06:40,653 - Val_Epoch:55.0 Step: 10/32 | Loss: 0.0006010129582136869 | Time:1.0787968635559082
2025-03-15 11:06:41,904 - Val_Epoch:55.0 Step: 11/32 | Loss: 0.6223453879356384 | Time:1.062800407409668
2025-03-15 11:06:42,967 - Val_Epoch:55.0 Step: 12/32 | Loss: 0.4455030560493469 | Time:1.2502174377441406
2025-03-15 11:06:43,951 - Val_Epoch:55.0 Step: 13/32 | Loss: 0.5369204878807068 | Time:1.0631282329559326
2025-03-15 11:06:44,983 - Val_Epoch:55.0 Step: 14/32 | Loss: 0.33496934175491333 | Time:0.9844851493835449
2025-03-15 11:06:45,952 - Val_Epoch:55.0 Step: 15/32 | Loss: 0.0678144320845604 | Time:1.032158613204956
2025-03-15 11:06:47,172 - Val_Epoch:55.0 Step: 16/32 | Loss: 0.20637281239032745 | Time:0.9690368175506592
2025-03-15 11:06:48,297 - Val_Epoch:55.0 Step: 17/32 | Loss: 0.007834210991859436 | Time:1.2199945449829102
2025-03-15 11:06:49,439 - Val_Epoch:55.0 Step: 18/32 | Loss: 0.24324414134025574 | Time:1.1249167919158936
2025-03-15 11:06:50,564 - Val_Epoch:55.0 Step: 19/32 | Loss: 0.28802451491355896 | Time:1.1412937641143799
2025-03-15 11:06:51,470 - Val_Epoch:55.0 Step: 20/32 | Loss: 0.3578677773475647 | Time:1.1249058246612549
2025-03-15 11:06:52,534 - Val_Epoch:55.0 Step: 21/32 | Loss: 0.020792163908481598 | Time:0.9069709777832031
2025-03-15 11:06:53,503 - Val_Epoch:55.0 Step: 22/32 | Loss: 0.538894772529602 | Time:1.0633890628814697
2025-03-15 11:06:54,410 - Val_Epoch:55.0 Step: 23/32 | Loss: 0.12053541839122772 | Time:0.9693357944488525
2025-03-15 11:06:55,520 - Val_Epoch:55.0 Step: 24/32 | Loss: 0.41188979148864746 | Time:0.906541109085083
2025-03-15 11:06:56,590 - Val_Epoch:55.0 Step: 25/32 | Loss: 0.01207131240516901 | Time:1.1101486682891846
2025-03-15 11:06:57,795 - Val_Epoch:55.0 Step: 26/32 | Loss: 0.0586676225066185 | Time:1.070204496383667
2025-03-15 11:06:59,077 - Val_Epoch:55.0 Step: 27/32 | Loss: 0.4203031659126282 | Time:1.2045478820800781
2025-03-15 11:07:00,142 - Val_Epoch:55.0 Step: 28/32 | Loss: 0.3402123749256134 | Time:1.282092571258545
2025-03-15 11:07:01,001 - Val_Epoch:55.0 Step: 29/32 | Loss: 0.3746524751186371 | Time:1.0648548603057861
2025-03-15 11:07:01,960 - Val_Epoch:55.0 Step: 30/32 | Loss: 0.0173957422375679 | Time:0.8595778942108154
2025-03-15 11:07:03,066 - Val_Epoch:55.0 Step: 31/32 | Loss: 0.542453944683075 | Time:0.9590373039245605
2025-03-15 11:07:03,269 - Val_Epoch:55.0 Step: 32/32 | Loss: 0.8597427010536194 | Time:1.1055755615234375
2025-03-15 11:07:03,269 - Validation - Accuracy: 0.9469469469469469, Precision: 0.898989898989899, Recall: 0.9206896551724137, F1-Score: 0.909710391822828
2025-03-15 11:07:03,269 - Saved model as model_epoch_55_acc_0.9469.pt
2025-03-15 11:07:03,269 - 
*** EPOCH: 56 ***

2025-03-15 11:07:04,522 - Epoch: 56 Step: 1/79 | Loss: 7.149811426643282e-05 | Time:1.1585118770599365
2025-03-15 11:07:05,804 - Epoch: 56 Step: 2/79 | Loss: 8.082181011559442e-05 | Time:1.3136951923370361
2025-03-15 11:07:06,945 - Epoch: 56 Step: 3/79 | Loss: 0.00018693720630835742 | Time:1.125765323638916
2025-03-15 11:07:08,182 - Epoch: 56 Step: 4/79 | Loss: 0.00014377885963767767 | Time:1.252368688583374
2025-03-15 11:07:09,276 - Epoch: 56 Step: 5/79 | Loss: 2.8171391022624448e-05 | Time:1.0944764614105225
2025-03-15 11:07:10,528 - Epoch: 56 Step: 6/79 | Loss: 2.316268000868149e-05 | Time:1.251518726348877
2025-03-15 11:07:11,700 - Epoch: 56 Step: 7/79 | Loss: 0.0379631333053112 | Time:1.1723003387451172
2025-03-15 11:07:12,780 - Epoch: 56 Step: 8/79 | Loss: 0.00010330200893804431 | Time:1.0796735286712646
2025-03-15 11:07:14,187 - Epoch: 56 Step: 9/79 | Loss: 0.012734422460198402 | Time:1.4084711074829102
2025-03-15 11:07:15,581 - Epoch: 56 Step: 10/79 | Loss: 0.0006528544472530484 | Time:1.3924334049224854
2025-03-15 11:07:16,800 - Epoch: 56 Step: 11/79 | Loss: 1.7286687580053695e-05 | Time:1.2189586162567139
2025-03-15 11:07:17,910 - Epoch: 56 Step: 12/79 | Loss: 0.0005461142864078283 | Time:1.1105146408081055
2025-03-15 11:07:19,084 - Epoch: 56 Step: 13/79 | Loss: 0.00012760961544699967 | Time:1.1742744445800781
2025-03-15 11:07:20,257 - Epoch: 56 Step: 14/79 | Loss: 0.00048693708959035575 | Time:1.172295331954956
2025-03-15 11:07:21,665 - Epoch: 56 Step: 15/79 | Loss: 0.006334500387310982 | Time:1.4086923599243164
2025-03-15 11:07:22,902 - Epoch: 56 Step: 16/79 | Loss: 0.0006400380516424775 | Time:1.2498557567596436
2025-03-15 11:07:24,293 - Epoch: 56 Step: 17/79 | Loss: 2.2361662558978423e-05 | Time:1.3779349327087402
2025-03-15 11:07:25,498 - Epoch: 56 Step: 18/79 | Loss: 0.000101203411759343 | Time:1.205275535583496
2025-03-15 11:07:26,734 - Epoch: 56 Step: 19/79 | Loss: 0.00013190363824833184 | Time:1.2352142333984375
2025-03-15 11:07:27,877 - Epoch: 56 Step: 20/79 | Loss: 0.00019256668747402728 | Time:1.1434330940246582
2025-03-15 11:07:28,940 - Epoch: 56 Step: 21/79 | Loss: 4.8292524297721684e-05 | Time:1.0628759860992432
2025-03-15 11:07:30,177 - Epoch: 56 Step: 22/79 | Loss: 4.240654379827902e-05 | Time:1.2366344928741455
2025-03-15 11:07:31,397 - Epoch: 56 Step: 23/79 | Loss: 0.0008190810331143439 | Time:1.2199773788452148
2025-03-15 11:07:32,632 - Epoch: 56 Step: 24/79 | Loss: 3.304741403553635e-05 | Time:1.2353198528289795
2025-03-15 11:07:34,052 - Epoch: 56 Step: 25/79 | Loss: 7.46069781598635e-05 | Time:1.4079205989837646
2025-03-15 11:07:35,213 - Epoch: 56 Step: 26/79 | Loss: 0.00010680174455046654 | Time:1.1575086116790771
2025-03-15 11:07:36,433 - Epoch: 56 Step: 27/79 | Loss: 0.00015172794519457966 | Time:1.2349648475646973
2025-03-15 11:07:37,794 - Epoch: 56 Step: 28/79 | Loss: 0.015075718984007835 | Time:1.3620128631591797
2025-03-15 11:07:38,889 - Epoch: 56 Step: 29/79 | Loss: 0.00011027222353732213 | Time:1.0950310230255127
2025-03-15 11:07:40,108 - Epoch: 56 Step: 30/79 | Loss: 0.0021523358300328255 | Time:1.2266581058502197
2025-03-15 11:07:41,376 - Epoch: 56 Step: 31/79 | Loss: 4.6146516979206353e-05 | Time:1.2603285312652588
2025-03-15 11:07:42,519 - Epoch: 56 Step: 32/79 | Loss: 1.2080801752745174e-05 | Time:1.126631498336792
2025-03-15 11:07:43,988 - Epoch: 56 Step: 33/79 | Loss: 0.00021167231898289174 | Time:1.4846477508544922
2025-03-15 11:07:45,395 - Epoch: 56 Step: 34/79 | Loss: 0.002527317265048623 | Time:1.407620906829834
2025-03-15 11:07:46,554 - Epoch: 56 Step: 35/79 | Loss: 4.16438197134994e-05 | Time:1.1584575176239014
2025-03-15 11:07:47,697 - Epoch: 56 Step: 36/79 | Loss: 0.0015692354645580053 | Time:1.1424903869628906
2025-03-15 11:07:48,791 - Epoch: 56 Step: 37/79 | Loss: 1.1179187822563108e-05 | Time:1.094534158706665
2025-03-15 11:07:50,136 - Epoch: 56 Step: 38/79 | Loss: 0.003946771379560232 | Time:1.345289707183838
2025-03-15 11:07:51,199 - Epoch: 56 Step: 39/79 | Loss: 9.476950253883842e-06 | Time:1.0634613037109375
2025-03-15 11:07:52,546 - Epoch: 56 Step: 40/79 | Loss: 0.0003976748848799616 | Time:1.346299409866333
2025-03-15 11:07:53,929 - Epoch: 56 Step: 41/79 | Loss: 3.9840771933086216e-05 | Time:1.3758344650268555
2025-03-15 11:07:55,330 - Epoch: 56 Step: 42/79 | Loss: 0.00045007659355178475 | Time:1.4082560539245605
2025-03-15 11:07:56,692 - Epoch: 56 Step: 43/79 | Loss: 0.00010764390754047781 | Time:1.361952304840088
2025-03-15 11:07:57,724 - Epoch: 56 Step: 44/79 | Loss: 4.3149731936864555e-05 | Time:1.0322394371032715
2025-03-15 11:07:58,943 - Epoch: 56 Step: 45/79 | Loss: 2.1310212105163373e-05 | Time:1.219099760055542
2025-03-15 11:08:00,165 - Epoch: 56 Step: 46/79 | Loss: 0.00010987302812281996 | Time:1.221696138381958
2025-03-15 11:08:01,322 - Epoch: 56 Step: 47/79 | Loss: 0.000575428013689816 | Time:1.1573419570922852
2025-03-15 11:08:02,370 - Epoch: 56 Step: 48/79 | Loss: 2.8272588679101318e-05 | Time:1.0480868816375732
2025-03-15 11:08:03,716 - Epoch: 56 Step: 49/79 | Loss: 0.00027359824161976576 | Time:1.3473033905029297
2025-03-15 11:08:04,968 - Epoch: 56 Step: 50/79 | Loss: 2.8313224902376533e-05 | Time:1.2494926452636719
2025-03-15 11:08:06,094 - Epoch: 56 Step: 51/79 | Loss: 9.704193871584721e-06 | Time:1.1265385150909424
2025-03-15 11:08:07,407 - Epoch: 56 Step: 52/79 | Loss: 0.010216820985078812 | Time:1.3125743865966797
2025-03-15 11:08:08,688 - Epoch: 56 Step: 53/79 | Loss: 9.477818093728274e-05 | Time:1.282381296157837
2025-03-15 11:08:09,861 - Epoch: 56 Step: 54/79 | Loss: 0.010682820342481136 | Time:1.156895637512207
2025-03-15 11:08:11,238 - Epoch: 56 Step: 55/79 | Loss: 0.00027182899066247046 | Time:1.3762140274047852
2025-03-15 11:08:12,490 - Epoch: 56 Step: 56/79 | Loss: 0.0009597368771210313 | Time:1.2681810855865479
2025-03-15 11:08:13,688 - Epoch: 56 Step: 57/79 | Loss: 4.259732668288052e-05 | Time:1.1882212162017822
2025-03-15 11:08:14,945 - Epoch: 56 Step: 58/79 | Loss: 3.427117189858109e-05 | Time:1.2672021389007568
2025-03-15 11:08:16,041 - Epoch: 56 Step: 59/79 | Loss: 0.0005433556507341564 | Time:1.0954818725585938
2025-03-15 11:08:17,322 - Epoch: 56 Step: 60/79 | Loss: 1.797737058950588e-05 | Time:1.2814929485321045
2025-03-15 11:08:18,481 - Epoch: 56 Step: 61/79 | Loss: 0.00016060139751061797 | Time:1.1585595607757568
2025-03-15 11:08:19,685 - Epoch: 56 Step: 62/79 | Loss: 6.566123920492828e-05 | Time:1.2039432525634766
2025-03-15 11:08:20,764 - Epoch: 56 Step: 63/79 | Loss: 5.778992272098549e-05 | Time:1.0789399147033691
2025-03-15 11:08:21,985 - Epoch: 56 Step: 64/79 | Loss: 0.0060948762111365795 | Time:1.220677375793457
2025-03-15 11:08:23,095 - Epoch: 56 Step: 65/79 | Loss: 0.00010990307055180892 | Time:1.094670295715332
2025-03-15 11:08:24,315 - Epoch: 56 Step: 66/79 | Loss: 0.0007239591213874519 | Time:1.2357885837554932
2025-03-15 11:08:25,567 - Epoch: 56 Step: 67/79 | Loss: 0.0003224779502488673 | Time:1.257295846939087
2025-03-15 11:08:26,959 - Epoch: 56 Step: 68/79 | Loss: 4.604354762705043e-05 | Time:1.3864080905914307
2025-03-15 11:08:28,179 - Epoch: 56 Step: 69/79 | Loss: 0.005664365831762552 | Time:1.2204875946044922
2025-03-15 11:08:29,509 - Epoch: 56 Step: 70/79 | Loss: 0.0023398506455123425 | Time:1.314077615737915
2025-03-15 11:08:30,628 - Epoch: 56 Step: 71/79 | Loss: 3.24310312862508e-05 | Time:1.1258704662322998
2025-03-15 11:08:31,871 - Epoch: 56 Step: 72/79 | Loss: 0.00012640691420529038 | Time:1.2361884117126465
2025-03-15 11:08:32,949 - Epoch: 56 Step: 73/79 | Loss: 0.00040013741818256676 | Time:1.0943827629089355
2025-03-15 11:08:33,966 - Epoch: 56 Step: 74/79 | Loss: 0.005795117001980543 | Time:1.0158076286315918
2025-03-15 11:08:35,139 - Epoch: 56 Step: 75/79 | Loss: 2.2652928237221204e-05 | Time:1.1735284328460693
2025-03-15 11:08:36,250 - Epoch: 56 Step: 76/79 | Loss: 0.0001964183320524171 | Time:1.1161985397338867
2025-03-15 11:08:37,485 - Epoch: 56 Step: 77/79 | Loss: 0.0004256576066836715 | Time:1.2305808067321777
2025-03-15 11:08:38,689 - Epoch: 56 Step: 78/79 | Loss: 6.6382926888763905e-06 | Time:1.2034950256347656
2025-03-15 11:08:38,894 - Epoch: 56 Step: 79/79 | Loss: 1.6807944120955653e-05 | Time:0.25130414962768555
2025-03-15 11:08:39,797 - Val_Epoch:56.0 Step: 1/32 | Loss: 0.002685373416170478 | Time:0
2025-03-15 11:08:40,833 - Val_Epoch:56.0 Step: 2/32 | Loss: 0.32230159640312195 | Time:0.9047095775604248
2025-03-15 11:08:42,193 - Val_Epoch:56.0 Step: 3/32 | Loss: 0.7953252792358398 | Time:1.034332513809204
2025-03-15 11:08:43,239 - Val_Epoch:56.0 Step: 4/32 | Loss: 0.4335992932319641 | Time:1.3601398468017578
2025-03-15 11:08:44,271 - Val_Epoch:56.0 Step: 5/32 | Loss: 0.053422678261995316 | Time:1.0467722415924072
2025-03-15 11:08:45,209 - Val_Epoch:56.0 Step: 6/32 | Loss: 0.40212133526802063 | Time:1.0318350791931152
2025-03-15 11:08:46,225 - Val_Epoch:56.0 Step: 7/32 | Loss: 0.09440241754055023 | Time:0.9378526210784912
2025-03-15 11:08:47,711 - Val_Epoch:56.0 Step: 8/32 | Loss: 0.013314450159668922 | Time:1.0160889625549316
2025-03-15 11:08:48,789 - Val_Epoch:56.0 Step: 9/32 | Loss: 0.2229004055261612 | Time:1.4855382442474365
2025-03-15 11:08:49,839 - Val_Epoch:56.0 Step: 10/32 | Loss: 0.0005532378563657403 | Time:1.0786511898040771
2025-03-15 11:08:51,104 - Val_Epoch:56.0 Step: 11/32 | Loss: 0.60006183385849 | Time:1.0493853092193604
2025-03-15 11:08:52,183 - Val_Epoch:56.0 Step: 12/32 | Loss: 0.35748663544654846 | Time:1.2655105590820312
2025-03-15 11:08:53,169 - Val_Epoch:56.0 Step: 13/32 | Loss: 0.5568193793296814 | Time:1.0784258842468262
2025-03-15 11:08:54,217 - Val_Epoch:56.0 Step: 14/32 | Loss: 0.19655318558216095 | Time:0.9858405590057373
2025-03-15 11:08:55,219 - Val_Epoch:56.0 Step: 15/32 | Loss: 0.030988546088337898 | Time:1.0644526481628418
2025-03-15 11:08:56,428 - Val_Epoch:56.0 Step: 16/32 | Loss: 0.24612273275852203 | Time:0.9857347011566162
2025-03-15 11:08:57,549 - Val_Epoch:56.0 Step: 17/32 | Loss: 0.003391556441783905 | Time:1.2093076705932617
2025-03-15 11:08:58,707 - Val_Epoch:56.0 Step: 18/32 | Loss: 0.24334126710891724 | Time:1.1209173202514648
2025-03-15 11:08:59,819 - Val_Epoch:56.0 Step: 19/32 | Loss: 0.2887052297592163 | Time:1.1580500602722168
2025-03-15 11:09:00,710 - Val_Epoch:56.0 Step: 20/32 | Loss: 0.3596514165401459 | Time:1.1117815971374512
2025-03-15 11:09:01,790 - Val_Epoch:56.0 Step: 21/32 | Loss: 0.041708312928676605 | Time:0.8912501335144043
2025-03-15 11:09:02,774 - Val_Epoch:56.0 Step: 22/32 | Loss: 0.5699589252471924 | Time:1.0798015594482422
2025-03-15 11:09:03,697 - Val_Epoch:56.0 Step: 23/32 | Loss: 0.15043847262859344 | Time:0.9841179847717285
2025-03-15 11:09:04,823 - Val_Epoch:56.0 Step: 24/32 | Loss: 0.48552206158638 | Time:0.9233827590942383
2025-03-15 11:09:05,871 - Val_Epoch:56.0 Step: 25/32 | Loss: 0.0059457262977957726 | Time:1.125863790512085
2025-03-15 11:09:07,059 - Val_Epoch:56.0 Step: 26/32 | Loss: 0.07551028579473495 | Time:1.0482125282287598
2025-03-15 11:09:08,248 - Val_Epoch:56.0 Step: 27/32 | Loss: 0.3574202358722687 | Time:1.187741756439209
2025-03-15 11:09:09,296 - Val_Epoch:56.0 Step: 28/32 | Loss: 0.3341507613658905 | Time:1.1888089179992676
2025-03-15 11:09:10,141 - Val_Epoch:56.0 Step: 29/32 | Loss: 0.24674633145332336 | Time:1.0481469631195068
2025-03-15 11:09:11,080 - Val_Epoch:56.0 Step: 30/32 | Loss: 0.00604793569073081 | Time:0.8447515964508057
2025-03-15 11:09:12,221 - Val_Epoch:56.0 Step: 31/32 | Loss: 0.5310465693473816 | Time:0.9388082027435303
2025-03-15 11:09:12,408 - Val_Epoch:56.0 Step: 32/32 | Loss: 0.7495325803756714 | Time:1.1410677433013916
2025-03-15 11:09:12,408 - Validation - Accuracy: 0.9469469469469469, Precision: 0.9128919860627178, Recall: 0.903448275862069, F1-Score: 0.9081455805892548
2025-03-15 11:09:12,408 - Saved model as model_epoch_56_acc_0.9469.pt
2025-03-15 11:09:12,408 - 
*** EPOCH: 57 ***

2025-03-15 11:09:13,802 - Epoch: 57 Step: 1/79 | Loss: 6.216212932486087e-05 | Time:1.3156287670135498
2025-03-15 11:09:14,938 - Epoch: 57 Step: 2/79 | Loss: 0.0004259120032656938 | Time:1.1423156261444092
2025-03-15 11:09:16,025 - Epoch: 57 Step: 3/79 | Loss: 0.0003049825318157673 | Time:1.0964441299438477
2025-03-15 11:09:17,323 - Epoch: 57 Step: 4/79 | Loss: 0.000559227482881397 | Time:1.2980587482452393
2025-03-15 11:09:18,622 - Epoch: 57 Step: 5/79 | Loss: 3.598860348574817e-05 | Time:1.2989611625671387
2025-03-15 11:09:20,047 - Epoch: 57 Step: 6/79 | Loss: 0.0005318736657500267 | Time:1.4244725704193115
2025-03-15 11:09:21,064 - Epoch: 57 Step: 7/79 | Loss: 2.9464365070452914e-05 | Time:1.017104148864746
2025-03-15 11:09:22,377 - Epoch: 57 Step: 8/79 | Loss: 3.990012555732392e-05 | Time:1.3136019706726074
2025-03-15 11:09:23,693 - Epoch: 57 Step: 9/79 | Loss: 6.839484558440745e-05 | Time:1.3153338432312012
2025-03-15 11:09:25,124 - Epoch: 57 Step: 10/79 | Loss: 0.00012587317905854434 | Time:1.4242734909057617
2025-03-15 11:09:26,164 - Epoch: 57 Step: 11/79 | Loss: 1.816748408600688e-05 | Time:1.0471570491790771
2025-03-15 11:09:27,275 - Epoch: 57 Step: 12/79 | Loss: 1.1153054401802365e-05 | Time:1.110579490661621
2025-03-15 11:09:28,557 - Epoch: 57 Step: 13/79 | Loss: 8.3047867519781e-05 | Time:1.2826144695281982
2025-03-15 11:09:29,746 - Epoch: 57 Step: 14/79 | Loss: 9.933994442690164e-05 | Time:1.1888301372528076
2025-03-15 11:09:31,123 - Epoch: 57 Step: 15/79 | Loss: 0.0007066161488182843 | Time:1.3768095970153809
2025-03-15 11:09:32,264 - Epoch: 57 Step: 16/79 | Loss: 0.02171965315937996 | Time:1.1415657997131348
2025-03-15 11:09:33,313 - Epoch: 57 Step: 17/79 | Loss: 3.670836304081604e-05 | Time:1.0479607582092285
2025-03-15 11:09:34,360 - Epoch: 57 Step: 18/79 | Loss: 0.0008983174921013415 | Time:1.0478949546813965
2025-03-15 11:09:35,565 - Epoch: 57 Step: 19/79 | Loss: 5.1505350711522624e-05 | Time:1.2050526142120361
2025-03-15 11:09:36,692 - Epoch: 57 Step: 20/79 | Loss: 3.484055196167901e-05 | Time:1.1263267993927002
2025-03-15 11:09:37,739 - Epoch: 57 Step: 21/79 | Loss: 1.2866583347204141e-05 | Time:1.0393741130828857
2025-03-15 11:09:39,037 - Epoch: 57 Step: 22/79 | Loss: 5.935754597885534e-05 | Time:1.2910420894622803
2025-03-15 11:09:40,085 - Epoch: 57 Step: 23/79 | Loss: 9.551851690048352e-05 | Time:1.047731876373291
2025-03-15 11:09:41,404 - Epoch: 57 Step: 24/79 | Loss: 0.1924707144498825 | Time:1.3338220119476318
2025-03-15 11:09:42,655 - Epoch: 57 Step: 25/79 | Loss: 0.0003204183012712747 | Time:1.2514145374298096
2025-03-15 11:09:44,032 - Epoch: 57 Step: 26/79 | Loss: 0.0023217040579766035 | Time:1.3613603115081787
2025-03-15 11:09:45,207 - Epoch: 57 Step: 27/79 | Loss: 1.943738607224077e-05 | Time:1.1888396739959717
2025-03-15 11:09:46,393 - Epoch: 57 Step: 28/79 | Loss: 1.486700784880668e-05 | Time:1.187856912612915
2025-03-15 11:09:47,724 - Epoch: 57 Step: 29/79 | Loss: 0.0052696168422698975 | Time:1.3400580883026123
2025-03-15 11:09:49,069 - Epoch: 57 Step: 30/79 | Loss: 0.0014451633905991912 | Time:1.335697889328003
2025-03-15 11:09:50,242 - Epoch: 57 Step: 31/79 | Loss: 1.9138968127663247e-05 | Time:1.1571695804595947
2025-03-15 11:09:51,258 - Epoch: 57 Step: 32/79 | Loss: 0.000490340928081423 | Time:1.0323209762573242
2025-03-15 11:09:52,292 - Epoch: 57 Step: 33/79 | Loss: 0.0013950479915365577 | Time:1.0238327980041504
2025-03-15 11:09:53,445 - Epoch: 57 Step: 34/79 | Loss: 0.0012573900166898966 | Time:1.1500592231750488
2025-03-15 11:09:54,730 - Epoch: 57 Step: 35/79 | Loss: 0.000435168418334797 | Time:1.2977776527404785
2025-03-15 11:09:56,124 - Epoch: 57 Step: 36/79 | Loss: 0.0019083361839875579 | Time:1.3943071365356445
2025-03-15 11:09:57,453 - Epoch: 57 Step: 37/79 | Loss: 0.14126671850681305 | Time:1.3278405666351318
2025-03-15 11:09:58,533 - Epoch: 57 Step: 38/79 | Loss: 0.00017309343093074858 | Time:1.0643770694732666
2025-03-15 11:09:59,909 - Epoch: 57 Step: 39/79 | Loss: 0.004621514584869146 | Time:1.3925960063934326
2025-03-15 11:10:01,239 - Epoch: 57 Step: 40/79 | Loss: 0.0003467034548521042 | Time:1.3302688598632812
2025-03-15 11:10:02,460 - Epoch: 57 Step: 41/79 | Loss: 0.002679895143955946 | Time:1.2196190357208252
2025-03-15 11:10:03,821 - Epoch: 57 Step: 42/79 | Loss: 0.001284942147321999 | Time:1.3614284992218018
2025-03-15 11:10:05,182 - Epoch: 57 Step: 43/79 | Loss: 0.0012689627474173903 | Time:1.361433506011963
2025-03-15 11:10:06,325 - Epoch: 57 Step: 44/79 | Loss: 0.002786121563985944 | Time:1.1427745819091797
2025-03-15 11:10:07,591 - Epoch: 57 Step: 45/79 | Loss: 0.0015413400251418352 | Time:1.2666747570037842
2025-03-15 11:10:08,733 - Epoch: 57 Step: 46/79 | Loss: 0.005451694130897522 | Time:1.1413557529449463
2025-03-15 11:10:09,968 - Epoch: 57 Step: 47/79 | Loss: 0.00016886708908714354 | Time:1.235600471496582
2025-03-15 11:10:11,016 - Epoch: 57 Step: 48/79 | Loss: 0.0009552539559081197 | Time:1.0470342636108398
2025-03-15 11:10:12,282 - Epoch: 57 Step: 49/79 | Loss: 0.00022916409943718463 | Time:1.266430377960205
2025-03-15 11:10:13,407 - Epoch: 57 Step: 50/79 | Loss: 0.00016159271763172 | Time:1.1255884170532227
2025-03-15 11:10:14,393 - Epoch: 57 Step: 51/79 | Loss: 0.00013552542077377439 | Time:0.9856188297271729
2025-03-15 11:10:15,534 - Epoch: 57 Step: 52/79 | Loss: 3.261017263866961e-05 | Time:1.1254634857177734
2025-03-15 11:10:16,925 - Epoch: 57 Step: 53/79 | Loss: 0.038794223219156265 | Time:1.4070944786071777
2025-03-15 11:10:18,239 - Epoch: 57 Step: 54/79 | Loss: 0.00014671761891804636 | Time:1.3130829334259033
2025-03-15 11:10:19,694 - Epoch: 57 Step: 55/79 | Loss: 0.03497617319226265 | Time:1.4390525817871094
2025-03-15 11:10:20,850 - Epoch: 57 Step: 56/79 | Loss: 0.0028851677197963 | Time:1.1726551055908203
2025-03-15 11:10:21,961 - Epoch: 57 Step: 57/79 | Loss: 0.0013227962190285325 | Time:1.1099133491516113
2025-03-15 11:10:22,994 - Epoch: 57 Step: 58/79 | Loss: 0.00015559887106064707 | Time:1.0327460765838623
2025-03-15 11:10:24,511 - Epoch: 57 Step: 59/79 | Loss: 0.00807445589452982 | Time:1.517937183380127
2025-03-15 11:10:25,575 - Epoch: 57 Step: 60/79 | Loss: 0.0001162135522463359 | Time:1.0637903213500977
2025-03-15 11:10:26,904 - Epoch: 57 Step: 61/79 | Loss: 0.00041600660188123584 | Time:1.313772201538086
2025-03-15 11:10:28,000 - Epoch: 57 Step: 62/79 | Loss: 0.002113501774147153 | Time:1.1111423969268799
2025-03-15 11:10:29,344 - Epoch: 57 Step: 63/79 | Loss: 0.0006368678295984864 | Time:1.344489336013794
2025-03-15 11:10:30,692 - Epoch: 57 Step: 64/79 | Loss: 0.00027139249141328037 | Time:1.347423791885376
2025-03-15 11:10:31,912 - Epoch: 57 Step: 65/79 | Loss: 0.00013385021884460002 | Time:1.2200391292572021
2025-03-15 11:10:33,116 - Epoch: 57 Step: 66/79 | Loss: 0.014157402329146862 | Time:1.2045776844024658
2025-03-15 11:10:34,337 - Epoch: 57 Step: 67/79 | Loss: 0.00011433015606598929 | Time:1.2203397750854492
2025-03-15 11:10:35,588 - Epoch: 57 Step: 68/79 | Loss: 0.00026709825033321977 | Time:1.2515692710876465
2025-03-15 11:10:36,762 - Epoch: 57 Step: 69/79 | Loss: 0.0010200696997344494 | Time:1.173813819885254
2025-03-15 11:10:37,842 - Epoch: 57 Step: 70/79 | Loss: 0.010310845449566841 | Time:1.08003568649292
2025-03-15 11:10:39,031 - Epoch: 57 Step: 71/79 | Loss: 8.318123582284898e-05 | Time:1.188784122467041
2025-03-15 11:10:40,267 - Epoch: 57 Step: 72/79 | Loss: 5.4422664106823504e-05 | Time:1.2360470294952393
2025-03-15 11:10:41,675 - Epoch: 57 Step: 73/79 | Loss: 0.005952203180640936 | Time:1.3929500579833984
2025-03-15 11:10:42,952 - Epoch: 57 Step: 74/79 | Loss: 0.009338279254734516 | Time:1.2820868492126465
2025-03-15 11:10:44,100 - Epoch: 57 Step: 75/79 | Loss: 0.00206484436057508 | Time:1.1576788425445557
2025-03-15 11:10:45,164 - Epoch: 57 Step: 76/79 | Loss: 0.00038153506466187537 | Time:1.0647225379943848
2025-03-15 11:10:46,303 - Epoch: 57 Step: 77/79 | Loss: 0.00015190994599834085 | Time:1.1387205123901367
2025-03-15 11:10:47,679 - Epoch: 57 Step: 78/79 | Loss: 0.01776089146733284 | Time:1.3758485317230225
2025-03-15 11:10:47,977 - Epoch: 57 Step: 79/79 | Loss: 5.8228677517035976e-05 | Time:0.3452584743499756
2025-03-15 11:10:48,868 - Val_Epoch:57.0 Step: 1/32 | Loss: 0.004871843382716179 | Time:0
2025-03-15 11:10:49,900 - Val_Epoch:57.0 Step: 2/32 | Loss: 0.28157851099967957 | Time:0.8909096717834473
2025-03-15 11:10:51,278 - Val_Epoch:57.0 Step: 3/32 | Loss: 0.5624794960021973 | Time:1.0323288440704346
2025-03-15 11:10:52,327 - Val_Epoch:57.0 Step: 4/32 | Loss: 0.3309817314147949 | Time:1.3772177696228027
2025-03-15 11:10:53,328 - Val_Epoch:57.0 Step: 5/32 | Loss: 0.04372525215148926 | Time:1.0494084358215332
2025-03-15 11:10:54,282 - Val_Epoch:57.0 Step: 6/32 | Loss: 0.25630947947502136 | Time:1.0013058185577393
2025-03-15 11:10:55,314 - Val_Epoch:57.0 Step: 7/32 | Loss: 0.08125413209199905 | Time:0.953667402267456
2025-03-15 11:10:56,802 - Val_Epoch:57.0 Step: 8/32 | Loss: 0.025337938219308853 | Time:1.0316483974456787
2025-03-15 11:10:57,896 - Val_Epoch:57.0 Step: 9/32 | Loss: 0.24370592832565308 | Time:1.4880495071411133
2025-03-15 11:10:58,976 - Val_Epoch:57.0 Step: 10/32 | Loss: 0.0011693185660988092 | Time:1.0947318077087402
2025-03-15 11:11:00,242 - Val_Epoch:57.0 Step: 11/32 | Loss: 0.5220299959182739 | Time:1.079364538192749
2025-03-15 11:11:01,322 - Val_Epoch:57.0 Step: 12/32 | Loss: 0.3835600018501282 | Time:1.2666921615600586
2025-03-15 11:11:02,323 - Val_Epoch:57.0 Step: 13/32 | Loss: 0.3898536264896393 | Time:1.0795180797576904
2025-03-15 11:11:03,372 - Val_Epoch:57.0 Step: 14/32 | Loss: 0.1940164864063263 | Time:1.001173496246338
2025-03-15 11:11:04,357 - Val_Epoch:57.0 Step: 15/32 | Loss: 0.05490854009985924 | Time:1.0487871170043945
2025-03-15 11:11:05,578 - Val_Epoch:57.0 Step: 16/32 | Loss: 0.34101402759552 | Time:0.9851057529449463
2025-03-15 11:11:06,720 - Val_Epoch:57.0 Step: 17/32 | Loss: 0.011783942580223083 | Time:1.2211804389953613
2025-03-15 11:11:07,861 - Val_Epoch:57.0 Step: 18/32 | Loss: 0.15097326040267944 | Time:1.141343593597412
2025-03-15 11:11:08,988 - Val_Epoch:57.0 Step: 19/32 | Loss: 0.22783656418323517 | Time:1.141911268234253
2025-03-15 11:11:09,894 - Val_Epoch:57.0 Step: 20/32 | Loss: 0.24690911173820496 | Time:1.126309871673584
2025-03-15 11:11:10,975 - Val_Epoch:57.0 Step: 21/32 | Loss: 0.033073171973228455 | Time:0.9067482948303223
2025-03-15 11:11:11,976 - Val_Epoch:57.0 Step: 22/32 | Loss: 0.4095182418823242 | Time:1.080719232559204
2025-03-15 11:11:12,882 - Val_Epoch:57.0 Step: 23/32 | Loss: 0.17246800661087036 | Time:1.000542402267456
2025-03-15 11:11:13,994 - Val_Epoch:57.0 Step: 24/32 | Loss: 0.4539363980293274 | Time:0.9066929817199707
2025-03-15 11:11:15,058 - Val_Epoch:57.0 Step: 25/32 | Loss: 0.05072680115699768 | Time:1.1112985610961914
2025-03-15 11:11:16,263 - Val_Epoch:57.0 Step: 26/32 | Loss: 0.08052456378936768 | Time:1.0641324520111084
2025-03-15 11:11:17,452 - Val_Epoch:57.0 Step: 27/32 | Loss: 0.26837438344955444 | Time:1.20522141456604
2025-03-15 11:11:18,517 - Val_Epoch:57.0 Step: 28/32 | Loss: 0.2684333622455597 | Time:1.1892046928405762
2025-03-15 11:11:19,376 - Val_Epoch:57.0 Step: 29/32 | Loss: 0.28520140051841736 | Time:1.0643129348754883
2025-03-15 11:11:20,331 - Val_Epoch:57.0 Step: 30/32 | Loss: 0.06385442614555359 | Time:0.859734296798706
2025-03-15 11:11:21,459 - Val_Epoch:57.0 Step: 31/32 | Loss: 0.4007916748523712 | Time:0.9549763202667236
2025-03-15 11:11:21,661 - Val_Epoch:57.0 Step: 32/32 | Loss: 0.6660858988761902 | Time:1.127258062362671
2025-03-15 11:11:21,661 - Validation - Accuracy: 0.9409409409409409, Precision: 0.8969072164948454, Recall: 0.9, F1-Score: 0.8984509466437177
2025-03-15 11:11:21,661 - Saved model as model_epoch_57_acc_0.9409.pt
2025-03-15 11:11:21,661 - 
*** EPOCH: 58 ***

2025-03-15 11:11:22,913 - Epoch: 58 Step: 1/79 | Loss: 0.00015984717174433172 | Time:1.1422531604766846
2025-03-15 11:11:24,070 - Epoch: 58 Step: 2/79 | Loss: 7.76247979956679e-05 | Time:1.204223394393921
2025-03-15 11:11:25,276 - Epoch: 58 Step: 3/79 | Loss: 3.9702597860014066e-05 | Time:1.2107608318328857
2025-03-15 11:11:26,464 - Epoch: 58 Step: 4/79 | Loss: 8.789096318650991e-05 | Time:1.1820971965789795
2025-03-15 11:11:27,761 - Epoch: 58 Step: 5/79 | Loss: 0.001219867030158639 | Time:1.2835257053375244
2025-03-15 11:11:29,185 - Epoch: 58 Step: 6/79 | Loss: 0.005844560917466879 | Time:1.438363790512085
2025-03-15 11:11:30,390 - Epoch: 58 Step: 7/79 | Loss: 0.00018059436115436256 | Time:1.2051942348480225
2025-03-15 11:11:31,344 - Epoch: 58 Step: 8/79 | Loss: 6.244759424589574e-05 | Time:0.9528515338897705
2025-03-15 11:11:32,533 - Epoch: 58 Step: 9/79 | Loss: 0.0017167783807963133 | Time:1.1741127967834473
2025-03-15 11:11:33,690 - Epoch: 58 Step: 10/79 | Loss: 0.00016133696772158146 | Time:1.1724493503570557
2025-03-15 11:11:34,706 - Epoch: 58 Step: 11/79 | Loss: 0.00017088052118197083 | Time:1.0165870189666748
2025-03-15 11:11:35,753 - Epoch: 58 Step: 12/79 | Loss: 0.0003974837891291827 | Time:1.0472614765167236
2025-03-15 11:11:37,083 - Epoch: 58 Step: 13/79 | Loss: 0.000168737635249272 | Time:1.329641580581665
2025-03-15 11:11:38,475 - Epoch: 58 Step: 14/79 | Loss: 0.0005592212546616793 | Time:1.3915250301361084
2025-03-15 11:11:39,819 - Epoch: 58 Step: 15/79 | Loss: 5.82039137952961e-05 | Time:1.3445656299591064
2025-03-15 11:11:41,195 - Epoch: 58 Step: 16/79 | Loss: 0.030835887417197227 | Time:1.3761775493621826
2025-03-15 11:11:42,509 - Epoch: 58 Step: 17/79 | Loss: 0.00012072589743183926 | Time:1.3137693405151367
2025-03-15 11:11:43,947 - Epoch: 58 Step: 18/79 | Loss: 0.00011181709851371124 | Time:1.4377779960632324
2025-03-15 11:11:45,402 - Epoch: 58 Step: 19/79 | Loss: 0.032526895403862 | Time:1.439206838607788
2025-03-15 11:11:46,606 - Epoch: 58 Step: 20/79 | Loss: 0.0001286270417040214 | Time:1.219517469406128
2025-03-15 11:11:47,841 - Epoch: 58 Step: 21/79 | Loss: 9.53322887653485e-05 | Time:1.2353878021240234
2025-03-15 11:11:48,952 - Epoch: 58 Step: 22/79 | Loss: 7.464876034646295e-06 | Time:1.1106081008911133
2025-03-15 11:11:49,953 - Epoch: 58 Step: 23/79 | Loss: 3.220256621716544e-05 | Time:1.0008635520935059
2025-03-15 11:11:51,094 - Epoch: 58 Step: 24/79 | Loss: 7.611198088852689e-05 | Time:1.141453742980957
2025-03-15 11:11:52,282 - Epoch: 58 Step: 25/79 | Loss: 0.0005712342099286616 | Time:1.187591314315796
2025-03-15 11:11:53,541 - Epoch: 58 Step: 26/79 | Loss: 0.0009658740018494427 | Time:1.2702627182006836
2025-03-15 11:11:54,589 - Epoch: 58 Step: 27/79 | Loss: 5.527976099983789e-05 | Time:1.0369353294372559
2025-03-15 11:11:55,761 - Epoch: 58 Step: 28/79 | Loss: 0.00038734119152650237 | Time:1.1723589897155762
2025-03-15 11:11:56,950 - Epoch: 58 Step: 29/79 | Loss: 0.0033247661776840687 | Time:1.1888201236724854
2025-03-15 11:11:58,123 - Epoch: 58 Step: 30/79 | Loss: 0.002404324244707823 | Time:1.1820881366729736
2025-03-15 11:11:59,626 - Epoch: 58 Step: 31/79 | Loss: 0.02007560431957245 | Time:1.5044617652893066
2025-03-15 11:12:00,783 - Epoch: 58 Step: 32/79 | Loss: 4.3802952859550714e-05 | Time:1.1466877460479736
2025-03-15 11:12:02,110 - Epoch: 58 Step: 33/79 | Loss: 6.387000030372292e-05 | Time:1.327275276184082
2025-03-15 11:12:03,237 - Epoch: 58 Step: 34/79 | Loss: 0.0001605165161890909 | Time:1.1261625289916992
2025-03-15 11:12:04,425 - Epoch: 58 Step: 35/79 | Loss: 4.6616980398539454e-05 | Time:1.187762975692749
2025-03-15 11:12:05,582 - Epoch: 58 Step: 36/79 | Loss: 1.1987520338152535e-05 | Time:1.1575829982757568
2025-03-15 11:12:06,864 - Epoch: 58 Step: 37/79 | Loss: 0.000655768031720072 | Time:1.281553030014038
2025-03-15 11:12:08,255 - Epoch: 58 Step: 38/79 | Loss: 9.800374391488731e-05 | Time:1.3914580345153809
2025-03-15 11:12:09,474 - Epoch: 58 Step: 39/79 | Loss: 0.0005615852423943579 | Time:1.2035105228424072
2025-03-15 11:12:10,757 - Epoch: 58 Step: 40/79 | Loss: 0.0002521680435165763 | Time:1.2977254390716553
2025-03-15 11:12:12,054 - Epoch: 58 Step: 41/79 | Loss: 0.026664722710847855 | Time:1.2981812953948975
2025-03-15 11:12:13,273 - Epoch: 58 Step: 42/79 | Loss: 4.055427052662708e-05 | Time:1.2190520763397217
2025-03-15 11:12:14,462 - Epoch: 58 Step: 43/79 | Loss: 7.042731886031106e-05 | Time:1.1721508502960205
2025-03-15 11:12:15,681 - Epoch: 58 Step: 44/79 | Loss: 0.00010628150630509481 | Time:1.2356033325195312
2025-03-15 11:12:16,885 - Epoch: 58 Step: 45/79 | Loss: 0.00930623896420002 | Time:1.2036190032958984
2025-03-15 11:12:18,136 - Epoch: 58 Step: 46/79 | Loss: 0.00023305712966248393 | Time:1.251178503036499
2025-03-15 11:12:19,589 - Epoch: 58 Step: 47/79 | Loss: 0.003930476028472185 | Time:1.4534945487976074
2025-03-15 11:12:20,715 - Epoch: 58 Step: 48/79 | Loss: 0.0006721039535477757 | Time:1.1252760887145996
2025-03-15 11:12:22,012 - Epoch: 58 Step: 49/79 | Loss: 0.0003884871257469058 | Time:1.281571865081787
2025-03-15 11:12:23,075 - Epoch: 58 Step: 50/79 | Loss: 1.2754929230140988e-05 | Time:1.0788207054138184
2025-03-15 11:12:24,185 - Epoch: 58 Step: 51/79 | Loss: 0.0035057682543992996 | Time:1.1253445148468018
2025-03-15 11:12:25,576 - Epoch: 58 Step: 52/79 | Loss: 8.232286927523091e-05 | Time:1.3753039836883545
2025-03-15 11:12:26,794 - Epoch: 58 Step: 53/79 | Loss: 4.749650543089956e-06 | Time:1.2185766696929932
2025-03-15 11:12:27,959 - Epoch: 58 Step: 54/79 | Loss: 3.261553501943126e-05 | Time:1.1497414112091064
2025-03-15 11:12:29,210 - Epoch: 58 Step: 55/79 | Loss: 0.00011210229422431439 | Time:1.2659833431243896
2025-03-15 11:12:30,398 - Epoch: 58 Step: 56/79 | Loss: 2.5325854949187487e-05 | Time:1.1883370876312256
2025-03-15 11:12:31,651 - Epoch: 58 Step: 57/79 | Loss: 3.030940206372179e-05 | Time:1.2525160312652588
2025-03-15 11:12:32,996 - Epoch: 58 Step: 58/79 | Loss: 5.8122888731304556e-05 | Time:1.3295059204101562
2025-03-15 11:12:34,028 - Epoch: 58 Step: 59/79 | Loss: 7.81475318945013e-05 | Time:1.048600673675537
2025-03-15 11:12:34,951 - Epoch: 58 Step: 60/79 | Loss: 0.00019122347293887287 | Time:0.9224274158477783
2025-03-15 11:12:36,298 - Epoch: 58 Step: 61/79 | Loss: 0.011280076578259468 | Time:1.346106767654419
2025-03-15 11:12:37,486 - Epoch: 58 Step: 62/79 | Loss: 0.00022942913346923888 | Time:1.1878108978271484
2025-03-15 11:12:38,664 - Epoch: 58 Step: 63/79 | Loss: 0.0034299357794225216 | Time:1.1738262176513672
2025-03-15 11:12:39,990 - Epoch: 58 Step: 64/79 | Loss: 8.958786929724738e-05 | Time:1.3299915790557861
2025-03-15 11:12:41,303 - Epoch: 58 Step: 65/79 | Loss: 0.02901008352637291 | Time:1.3140709400177002
2025-03-15 11:12:42,679 - Epoch: 58 Step: 66/79 | Loss: 0.0003296956419944763 | Time:1.378061056137085
2025-03-15 11:12:43,805 - Epoch: 58 Step: 67/79 | Loss: 2.5739902412169613e-05 | Time:1.1281676292419434
2025-03-15 11:12:45,010 - Epoch: 58 Step: 68/79 | Loss: 0.00048717824392952025 | Time:1.1848504543304443
2025-03-15 11:12:46,354 - Epoch: 58 Step: 69/79 | Loss: 0.0030615907162427902 | Time:1.3614180088043213
2025-03-15 11:12:47,714 - Epoch: 58 Step: 70/79 | Loss: 2.6644978788681328e-05 | Time:1.3584215641021729
2025-03-15 11:12:48,889 - Epoch: 58 Step: 71/79 | Loss: 8.880676432454493e-06 | Time:1.1771240234375
2025-03-15 11:12:50,031 - Epoch: 58 Step: 72/79 | Loss: 0.0005561012076213956 | Time:1.139540433883667
2025-03-15 11:12:51,146 - Epoch: 58 Step: 73/79 | Loss: 2.9135630029486492e-05 | Time:1.1101443767547607
2025-03-15 11:12:52,470 - Epoch: 58 Step: 74/79 | Loss: 0.013502121903002262 | Time:1.3385539054870605
2025-03-15 11:12:53,675 - Epoch: 58 Step: 75/79 | Loss: 0.00011512482160469517 | Time:1.1951031684875488
2025-03-15 11:12:54,974 - Epoch: 58 Step: 76/79 | Loss: 0.00019925386004615575 | Time:1.2995717525482178
2025-03-15 11:12:56,195 - Epoch: 58 Step: 77/79 | Loss: 0.008663742803037167 | Time:1.2214765548706055
2025-03-15 11:12:57,148 - Epoch: 58 Step: 78/79 | Loss: 0.0002478353853803128 | Time:0.9369451999664307
2025-03-15 11:12:57,352 - Epoch: 58 Step: 79/79 | Loss: 5.6349839724134654e-05 | Time:0.2814512252807617
2025-03-15 11:12:58,259 - Val_Epoch:58.0 Step: 1/32 | Loss: 0.0010315714171156287 | Time:0
2025-03-15 11:12:59,291 - Val_Epoch:58.0 Step: 2/32 | Loss: 0.26836585998535156 | Time:0.892003059387207
2025-03-15 11:13:00,653 - Val_Epoch:58.0 Step: 3/32 | Loss: 0.8373479247093201 | Time:1.0317363739013672
2025-03-15 11:13:01,717 - Val_Epoch:58.0 Step: 4/32 | Loss: 0.41513311862945557 | Time:1.3618614673614502
2025-03-15 11:13:02,733 - Val_Epoch:58.0 Step: 5/32 | Loss: 0.005160578526556492 | Time:1.0636520385742188
2025-03-15 11:13:03,688 - Val_Epoch:58.0 Step: 6/32 | Loss: 0.47602763772010803 | Time:1.0163061618804932
2025-03-15 11:13:04,705 - Val_Epoch:58.0 Step: 7/32 | Loss: 0.1313498616218567 | Time:0.9550971984863281
2025-03-15 11:13:06,185 - Val_Epoch:58.0 Step: 8/32 | Loss: 0.03655591979622841 | Time:1.0168495178222656
2025-03-15 11:13:07,255 - Val_Epoch:58.0 Step: 9/32 | Loss: 0.20286506414413452 | Time:1.4808547496795654
2025-03-15 11:13:08,319 - Val_Epoch:58.0 Step: 10/32 | Loss: 0.000774489832110703 | Time:1.0689513683319092
2025-03-15 11:13:09,587 - Val_Epoch:58.0 Step: 11/32 | Loss: 0.6097766757011414 | Time:1.0643415451049805
2025-03-15 11:13:10,649 - Val_Epoch:58.0 Step: 12/32 | Loss: 0.2518925070762634 | Time:1.2677218914031982
2025-03-15 11:13:11,635 - Val_Epoch:58.0 Step: 13/32 | Loss: 0.5285552144050598 | Time:1.062650203704834
2025-03-15 11:13:12,684 - Val_Epoch:58.0 Step: 14/32 | Loss: 0.1520569771528244 | Time:0.986027717590332
2025-03-15 11:13:13,670 - Val_Epoch:58.0 Step: 15/32 | Loss: 0.026489680632948875 | Time:1.0483899116516113
2025-03-15 11:13:14,890 - Val_Epoch:58.0 Step: 16/32 | Loss: 0.3106380105018616 | Time:0.9860944747924805
2025-03-15 11:13:16,031 - Val_Epoch:58.0 Step: 17/32 | Loss: 0.006215684115886688 | Time:1.2198328971862793
2025-03-15 11:13:17,190 - Val_Epoch:58.0 Step: 18/32 | Loss: 0.24057236313819885 | Time:1.141432762145996
2025-03-15 11:13:18,315 - Val_Epoch:58.0 Step: 19/32 | Loss: 0.3024386167526245 | Time:1.1586658954620361
2025-03-15 11:13:19,223 - Val_Epoch:58.0 Step: 20/32 | Loss: 0.32375165820121765 | Time:1.125361680984497
2025-03-15 11:13:20,301 - Val_Epoch:58.0 Step: 21/32 | Loss: 0.06240028515458107 | Time:0.9078707695007324
2025-03-15 11:13:21,287 - Val_Epoch:58.0 Step: 22/32 | Loss: 0.6456466913223267 | Time:1.0782477855682373
2025-03-15 11:13:22,196 - Val_Epoch:58.0 Step: 23/32 | Loss: 0.2935652434825897 | Time:0.9861037731170654
2025-03-15 11:13:23,306 - Val_Epoch:58.0 Step: 24/32 | Loss: 0.6122887134552002 | Time:0.908416748046875
2025-03-15 11:13:24,369 - Val_Epoch:58.0 Step: 25/32 | Loss: 0.004325988702476025 | Time:1.1105453968048096
2025-03-15 11:13:25,574 - Val_Epoch:58.0 Step: 26/32 | Loss: 0.09965666383504868 | Time:1.0629851818084717
2025-03-15 11:13:26,747 - Val_Epoch:58.0 Step: 27/32 | Loss: 0.29590168595314026 | Time:1.2050836086273193
2025-03-15 11:13:27,794 - Val_Epoch:58.0 Step: 28/32 | Loss: 0.3459016978740692 | Time:1.1726644039154053
2025-03-15 11:13:28,655 - Val_Epoch:58.0 Step: 29/32 | Loss: 0.1549578458070755 | Time:1.0472874641418457
2025-03-15 11:13:29,609 - Val_Epoch:58.0 Step: 30/32 | Loss: 0.003389415331184864 | Time:0.8608753681182861
2025-03-15 11:13:30,736 - Val_Epoch:58.0 Step: 31/32 | Loss: 0.4644865095615387 | Time:0.9541018009185791
2025-03-15 11:13:30,924 - Val_Epoch:58.0 Step: 32/32 | Loss: 0.4900253415107727 | Time:1.1267390251159668
2025-03-15 11:13:30,924 - Validation - Accuracy: 0.9479479479479479, Precision: 0.9343065693430657, Recall: 0.8827586206896552, F1-Score: 0.9078014184397163
2025-03-15 11:13:30,924 - Saved model as model_epoch_58_acc_0.9479.pt
2025-03-15 11:13:30,939 - 
*** EPOCH: 59 ***

2025-03-15 11:13:32,190 - Epoch: 59 Step: 1/79 | Loss: 0.0004067028348799795 | Time:1.158057689666748
2025-03-15 11:13:33,599 - Epoch: 59 Step: 2/79 | Loss: 0.0023308084346354008 | Time:1.4393541812896729
2025-03-15 11:13:34,631 - Epoch: 59 Step: 3/79 | Loss: 0.0012470047222450376 | Time:1.0322930812835693
2025-03-15 11:13:35,834 - Epoch: 59 Step: 4/79 | Loss: 0.0010174117051064968 | Time:1.203007698059082
2025-03-15 11:13:37,117 - Epoch: 59 Step: 5/79 | Loss: 5.842310201842338e-05 | Time:1.2830321788787842
2025-03-15 11:13:38,527 - Epoch: 59 Step: 6/79 | Loss: 0.0001540936646051705 | Time:1.4091458320617676
2025-03-15 11:13:39,793 - Epoch: 59 Step: 7/79 | Loss: 0.00015805054863449186 | Time:1.2668836116790771
2025-03-15 11:13:40,864 - Epoch: 59 Step: 8/79 | Loss: 4.0381837607128546e-06 | Time:1.0641038417816162
2025-03-15 11:13:42,095 - Epoch: 59 Step: 9/79 | Loss: 0.015175456181168556 | Time:1.2370193004608154
2025-03-15 11:13:43,517 - Epoch: 59 Step: 10/79 | Loss: 4.2692689021350816e-05 | Time:1.4224286079406738
2025-03-15 11:13:44,723 - Epoch: 59 Step: 11/79 | Loss: 2.077835233649239e-05 | Time:1.2060632705688477
2025-03-15 11:13:46,022 - Epoch: 59 Step: 12/79 | Loss: 6.206440593814477e-05 | Time:1.296126365661621
2025-03-15 11:13:47,193 - Epoch: 59 Step: 13/79 | Loss: 3.623560769483447e-05 | Time:1.173424482345581
2025-03-15 11:13:48,319 - Epoch: 59 Step: 14/79 | Loss: 0.00020513236813712865 | Time:1.1259708404541016
2025-03-15 11:13:49,367 - Epoch: 59 Step: 15/79 | Loss: 7.382546027656645e-05 | Time:1.04836106300354
2025-03-15 11:13:50,700 - Epoch: 59 Step: 16/79 | Loss: 2.2391119273379445e-05 | Time:1.3287904262542725
2025-03-15 11:13:51,791 - Epoch: 59 Step: 17/79 | Loss: 2.9687469577766024e-05 | Time:1.0949714183807373
2025-03-15 11:13:53,152 - Epoch: 59 Step: 18/79 | Loss: 0.00020024090190418065 | Time:1.3646979331970215
2025-03-15 11:13:54,278 - Epoch: 59 Step: 19/79 | Loss: 2.5198503863066435e-05 | Time:1.1226162910461426
2025-03-15 11:13:55,435 - Epoch: 59 Step: 20/79 | Loss: 0.0016044283984228969 | Time:1.1568548679351807
2025-03-15 11:13:56,530 - Epoch: 59 Step: 21/79 | Loss: 2.116141331498511e-05 | Time:1.0950307846069336
2025-03-15 11:13:57,610 - Epoch: 59 Step: 22/79 | Loss: 3.2589588954579085e-05 | Time:1.0792653560638428
2025-03-15 11:13:58,986 - Epoch: 59 Step: 23/79 | Loss: 0.0009021310834214091 | Time:1.3766095638275146
2025-03-15 11:14:00,331 - Epoch: 59 Step: 24/79 | Loss: 0.004800611641258001 | Time:1.3448541164398193
2025-03-15 11:14:01,710 - Epoch: 59 Step: 25/79 | Loss: 0.004495222121477127 | Time:1.3765983581542969
2025-03-15 11:14:02,945 - Epoch: 59 Step: 26/79 | Loss: 0.008584449999034405 | Time:1.2200927734375
2025-03-15 11:14:03,956 - Epoch: 59 Step: 27/79 | Loss: 6.271557504078373e-05 | Time:1.0174040794372559
2025-03-15 11:14:05,227 - Epoch: 59 Step: 28/79 | Loss: 0.0008037982042878866 | Time:1.282735824584961
2025-03-15 11:14:06,715 - Epoch: 59 Step: 29/79 | Loss: 0.002467839512974024 | Time:1.4876277446746826
2025-03-15 11:14:07,841 - Epoch: 59 Step: 30/79 | Loss: 0.00016572170716244727 | Time:1.125999927520752
2025-03-15 11:14:08,999 - Epoch: 59 Step: 31/79 | Loss: 4.6330311306519434e-05 | Time:1.1576924324035645
2025-03-15 11:14:10,202 - Epoch: 59 Step: 32/79 | Loss: 4.823255221708678e-05 | Time:1.2030158042907715
2025-03-15 11:14:11,422 - Epoch: 59 Step: 33/79 | Loss: 9.60440156632103e-05 | Time:1.219642162322998
2025-03-15 11:14:12,643 - Epoch: 59 Step: 34/79 | Loss: 0.00010775096598081291 | Time:1.2212514877319336
2025-03-15 11:14:13,909 - Epoch: 59 Step: 35/79 | Loss: 4.209167673252523e-05 | Time:1.274031639099121
2025-03-15 11:14:15,175 - Epoch: 59 Step: 36/79 | Loss: 0.0001643049909034744 | Time:1.2584795951843262
2025-03-15 11:14:16,254 - Epoch: 59 Step: 37/79 | Loss: 4.530022124527022e-05 | Time:1.0786445140838623
2025-03-15 11:14:17,443 - Epoch: 59 Step: 38/79 | Loss: 3.5612629289971665e-05 | Time:1.1893141269683838
2025-03-15 11:14:18,663 - Epoch: 59 Step: 39/79 | Loss: 8.179825817933306e-05 | Time:1.2196979522705078
2025-03-15 11:14:19,820 - Epoch: 59 Step: 40/79 | Loss: 5.80521191295702e-05 | Time:1.1575121879577637
2025-03-15 11:14:21,097 - Epoch: 59 Step: 41/79 | Loss: 0.00015369053289759904 | Time:1.2614738941192627
2025-03-15 11:14:22,318 - Epoch: 59 Step: 42/79 | Loss: 0.0008295801235362887 | Time:1.2362322807312012
2025-03-15 11:14:23,521 - Epoch: 59 Step: 43/79 | Loss: 5.268094901111908e-05 | Time:1.2033357620239258
2025-03-15 11:14:24,851 - Epoch: 59 Step: 44/79 | Loss: 2.1247957192827016e-05 | Time:1.3297719955444336
2025-03-15 11:14:26,228 - Epoch: 59 Step: 45/79 | Loss: 0.0001575312635395676 | Time:1.3764727115631104
2025-03-15 11:14:27,464 - Epoch: 59 Step: 46/79 | Loss: 0.0005876325885765254 | Time:1.2358143329620361
2025-03-15 11:14:28,762 - Epoch: 59 Step: 47/79 | Loss: 9.305019193561748e-05 | Time:1.2982263565063477
2025-03-15 11:14:29,951 - Epoch: 59 Step: 48/79 | Loss: 2.1414074581116438e-05 | Time:1.189014196395874
2025-03-15 11:14:31,203 - Epoch: 59 Step: 49/79 | Loss: 0.0001965808478416875 | Time:1.2523295879364014
2025-03-15 11:14:32,251 - Epoch: 59 Step: 50/79 | Loss: 8.65205583977513e-05 | Time:1.0484538078308105
2025-03-15 11:14:33,476 - Epoch: 59 Step: 51/79 | Loss: 1.696039726084564e-05 | Time:1.2195429801940918
2025-03-15 11:14:34,692 - Epoch: 59 Step: 52/79 | Loss: 0.0001721422595437616 | Time:1.2205004692077637
2025-03-15 11:14:36,021 - Epoch: 59 Step: 53/79 | Loss: 0.0007924407836981118 | Time:1.3297255039215088
2025-03-15 11:14:37,241 - Epoch: 59 Step: 54/79 | Loss: 0.00011135463864775375 | Time:1.2256543636322021
2025-03-15 11:14:38,524 - Epoch: 59 Step: 55/79 | Loss: 0.0001238268450833857 | Time:1.2770483493804932
2025-03-15 11:14:39,838 - Epoch: 59 Step: 56/79 | Loss: 5.2620551286963746e-05 | Time:1.3141820430755615
2025-03-15 11:14:41,074 - Epoch: 59 Step: 57/79 | Loss: 0.00011822151282103732 | Time:1.2361443042755127
2025-03-15 11:14:42,248 - Epoch: 59 Step: 58/79 | Loss: 2.039131140918471e-05 | Time:1.1737184524536133
2025-03-15 11:14:43,296 - Epoch: 59 Step: 59/79 | Loss: 0.00019535124010872096 | Time:1.0477550029754639
2025-03-15 11:14:44,453 - Epoch: 59 Step: 60/79 | Loss: 0.00042366323759779334 | Time:1.1568033695220947
2025-03-15 11:14:45,704 - Epoch: 59 Step: 61/79 | Loss: 0.0002693325513973832 | Time:1.2517752647399902
2025-03-15 11:14:46,925 - Epoch: 59 Step: 62/79 | Loss: 6.437418051064014e-05 | Time:1.2045719623565674
2025-03-15 11:14:48,020 - Epoch: 59 Step: 63/79 | Loss: 3.615864989114925e-05 | Time:1.1111979484558105
2025-03-15 11:14:49,193 - Epoch: 59 Step: 64/79 | Loss: 0.00020928517915308475 | Time:1.1723384857177734
2025-03-15 11:14:50,460 - Epoch: 59 Step: 65/79 | Loss: 0.0006333983037620783 | Time:1.2672851085662842
2025-03-15 11:14:51,681 - Epoch: 59 Step: 66/79 | Loss: 0.00019638441153801978 | Time:1.2215962409973145
2025-03-15 11:14:52,965 - Epoch: 59 Step: 67/79 | Loss: 3.0352766771102324e-05 | Time:1.2827858924865723
2025-03-15 11:14:54,169 - Epoch: 59 Step: 68/79 | Loss: 0.0002987499174196273 | Time:1.2044799327850342
2025-03-15 11:14:55,467 - Epoch: 59 Step: 69/79 | Loss: 0.03533860296010971 | Time:1.297424554824829
2025-03-15 11:14:56,796 - Epoch: 59 Step: 70/79 | Loss: 0.00014872780593577772 | Time:1.330122947692871
2025-03-15 11:14:57,845 - Epoch: 59 Step: 71/79 | Loss: 0.00012741138925775886 | Time:1.0483522415161133
2025-03-15 11:14:59,015 - Epoch: 59 Step: 72/79 | Loss: 1.6897209206945263e-05 | Time:1.169968605041504
2025-03-15 11:15:00,207 - Epoch: 59 Step: 73/79 | Loss: 0.00010226649465039372 | Time:1.18803071975708
2025-03-15 11:15:01,580 - Epoch: 59 Step: 74/79 | Loss: 0.0065414574928581715 | Time:1.376995325088501
2025-03-15 11:15:03,066 - Epoch: 59 Step: 75/79 | Loss: 0.0005793358432129025 | Time:1.485912561416626
2025-03-15 11:15:04,428 - Epoch: 59 Step: 76/79 | Loss: 3.1493651476921514e-05 | Time:1.3619146347045898
2025-03-15 11:15:05,571 - Epoch: 59 Step: 77/79 | Loss: 2.0100496840314008e-05 | Time:1.1480646133422852
2025-03-15 11:15:06,587 - Epoch: 59 Step: 78/79 | Loss: 2.19070388993714e-05 | Time:1.011728048324585
2025-03-15 11:15:06,759 - Epoch: 59 Step: 79/79 | Loss: 6.4372738961537834e-06 | Time:0.219132661819458
2025-03-15 11:15:07,651 - Val_Epoch:59.0 Step: 1/32 | Loss: 0.002405621111392975 | Time:0
2025-03-15 11:15:08,683 - Val_Epoch:59.0 Step: 2/32 | Loss: 0.3088044226169586 | Time:0.891228199005127
2025-03-15 11:15:10,060 - Val_Epoch:59.0 Step: 3/32 | Loss: 0.8412442207336426 | Time:1.0318958759307861
2025-03-15 11:15:11,109 - Val_Epoch:59.0 Step: 4/32 | Loss: 0.42690855264663696 | Time:1.3771204948425293
2025-03-15 11:15:12,124 - Val_Epoch:59.0 Step: 5/32 | Loss: 0.015228013508021832 | Time:1.0489916801452637
2025-03-15 11:15:13,078 - Val_Epoch:59.0 Step: 6/32 | Loss: 0.4369920790195465 | Time:1.0158729553222656
2025-03-15 11:15:14,096 - Val_Epoch:59.0 Step: 7/32 | Loss: 0.07472044974565506 | Time:0.9539554119110107
2025-03-15 11:15:15,583 - Val_Epoch:59.0 Step: 8/32 | Loss: 0.010007091797888279 | Time:1.0176019668579102
2025-03-15 11:15:16,661 - Val_Epoch:59.0 Step: 9/32 | Loss: 0.23628070950508118 | Time:1.4864695072174072
2025-03-15 11:15:17,709 - Val_Epoch:59.0 Step: 10/32 | Loss: 0.0004809443489648402 | Time:1.0788533687591553
2025-03-15 11:15:18,976 - Val_Epoch:59.0 Step: 11/32 | Loss: 0.6025071144104004 | Time:1.0473663806915283
2025-03-15 11:15:20,071 - Val_Epoch:59.0 Step: 12/32 | Loss: 0.33372950553894043 | Time:1.2675375938415527
2025-03-15 11:15:21,038 - Val_Epoch:59.0 Step: 13/32 | Loss: 0.49210238456726074 | Time:1.0946693420410156
2025-03-15 11:15:22,117 - Val_Epoch:59.0 Step: 14/32 | Loss: 0.23558585345745087 | Time:0.9828681945800781
2025-03-15 11:15:23,117 - Val_Epoch:59.0 Step: 15/32 | Loss: 0.030759280547499657 | Time:1.063601016998291
2025-03-15 11:15:24,324 - Val_Epoch:59.0 Step: 16/32 | Loss: 0.27702808380126953 | Time:0.9998414516448975
2025-03-15 11:15:25,450 - Val_Epoch:59.0 Step: 17/32 | Loss: 0.0027343574911355972 | Time:1.2070086002349854
2025-03-15 11:15:26,608 - Val_Epoch:59.0 Step: 18/32 | Loss: 0.216423898935318 | Time:1.1258456707000732
2025-03-15 11:15:27,751 - Val_Epoch:59.0 Step: 19/32 | Loss: 0.2947048246860504 | Time:1.1578054428100586
2025-03-15 11:15:28,643 - Val_Epoch:59.0 Step: 20/32 | Loss: 0.32487285137176514 | Time:1.1426897048950195
2025-03-15 11:15:29,722 - Val_Epoch:59.0 Step: 21/32 | Loss: 0.03332509472966194 | Time:0.8924880027770996
2025-03-15 11:15:30,723 - Val_Epoch:59.0 Step: 22/32 | Loss: 0.6025747060775757 | Time:1.0793697834014893
2025-03-15 11:15:31,631 - Val_Epoch:59.0 Step: 23/32 | Loss: 0.1619458794593811 | Time:1.001000165939331
2025-03-15 11:15:32,742 - Val_Epoch:59.0 Step: 24/32 | Loss: 0.484932005405426 | Time:0.9075798988342285
2025-03-15 11:15:33,806 - Val_Epoch:59.0 Step: 25/32 | Loss: 0.0065675401128828526 | Time:1.1105561256408691
2025-03-15 11:15:35,011 - Val_Epoch:59.0 Step: 26/32 | Loss: 0.0818239226937294 | Time:1.064483404159546
2025-03-15 11:15:36,185 - Val_Epoch:59.0 Step: 27/32 | Loss: 0.28165116906166077 | Time:1.2048799991607666
2025-03-15 11:15:37,233 - Val_Epoch:59.0 Step: 28/32 | Loss: 0.3380322754383087 | Time:1.173987627029419
2025-03-15 11:15:38,093 - Val_Epoch:59.0 Step: 29/32 | Loss: 0.2515641748905182 | Time:1.0632908344268799
2025-03-15 11:15:39,064 - Val_Epoch:59.0 Step: 30/32 | Loss: 0.00577877601608634 | Time:0.8451495170593262
2025-03-15 11:15:40,190 - Val_Epoch:59.0 Step: 31/32 | Loss: 0.5043249726295471 | Time:0.9708869457244873
2025-03-15 11:15:40,394 - Val_Epoch:59.0 Step: 32/32 | Loss: 0.6261820197105408 | Time:1.1262061595916748
2025-03-15 11:15:40,394 - Validation - Accuracy: 0.94994994994995, Precision: 0.9225352112676056, Recall: 0.903448275862069, F1-Score: 0.9128919860627177
2025-03-15 11:15:40,394 - Saved model as model_epoch_59_acc_0.9499.pt
2025-03-15 11:15:40,394 - 
*** EPOCH: 60 ***

2025-03-15 11:15:41,739 - Epoch: 60 Step: 1/79 | Loss: 4.418607568368316e-05 | Time:1.2514159679412842
2025-03-15 11:15:43,007 - Epoch: 60 Step: 2/79 | Loss: 4.112516762688756e-05 | Time:1.2828481197357178
2025-03-15 11:15:44,149 - Epoch: 60 Step: 3/79 | Loss: 0.00039018888492137194 | Time:1.1586544513702393
2025-03-15 11:15:45,197 - Epoch: 60 Step: 4/79 | Loss: 3.9162372559076175e-05 | Time:1.0483837127685547
2025-03-15 11:15:46,434 - Epoch: 60 Step: 5/79 | Loss: 4.7022909711813554e-05 | Time:1.242119312286377
2025-03-15 11:15:47,783 - Epoch: 60 Step: 6/79 | Loss: 1.971599704120308e-05 | Time:1.3553812503814697
2025-03-15 11:15:49,097 - Epoch: 60 Step: 7/79 | Loss: 1.767552748788148e-05 | Time:1.3021814823150635
2025-03-15 11:15:50,254 - Epoch: 60 Step: 8/79 | Loss: 6.981030765018659e-06 | Time:1.1572751998901367
2025-03-15 11:15:51,772 - Epoch: 60 Step: 9/79 | Loss: 0.02556520514190197 | Time:1.5178792476654053
2025-03-15 11:15:52,992 - Epoch: 60 Step: 10/79 | Loss: 5.9071571740787476e-05 | Time:1.2192599773406982
2025-03-15 11:15:54,025 - Epoch: 60 Step: 11/79 | Loss: 2.207066245318856e-05 | Time:1.0335185527801514
2025-03-15 11:15:55,213 - Epoch: 60 Step: 12/79 | Loss: 0.002077282639220357 | Time:1.1880552768707275
2025-03-15 11:15:56,293 - Epoch: 60 Step: 13/79 | Loss: 0.00025288015604019165 | Time:1.079676628112793
2025-03-15 11:15:57,419 - Epoch: 60 Step: 14/79 | Loss: 1.9928018446080387e-05 | Time:1.1253061294555664
2025-03-15 11:15:58,607 - Epoch: 60 Step: 15/79 | Loss: 2.1165524231037125e-05 | Time:1.1889235973358154
2025-03-15 11:15:59,717 - Epoch: 60 Step: 16/79 | Loss: 2.732560460572131e-05 | Time:1.110041618347168
2025-03-15 11:16:00,796 - Epoch: 60 Step: 17/79 | Loss: 1.8059143258142285e-05 | Time:1.0792133808135986
2025-03-15 11:16:02,142 - Epoch: 60 Step: 18/79 | Loss: 3.91964495065622e-05 | Time:1.3449645042419434
2025-03-15 11:16:03,221 - Epoch: 60 Step: 19/79 | Loss: 0.01751919835805893 | Time:1.0798413753509521
2025-03-15 11:16:04,315 - Epoch: 60 Step: 20/79 | Loss: 4.8519737902097404e-05 | Time:1.0939278602600098
2025-03-15 11:16:05,473 - Epoch: 60 Step: 21/79 | Loss: 9.087368380278349e-05 | Time:1.1581854820251465
2025-03-15 11:16:06,773 - Epoch: 60 Step: 22/79 | Loss: 9.29049747355748e-06 | Time:1.2996821403503418
2025-03-15 11:16:07,962 - Epoch: 60 Step: 23/79 | Loss: 4.4563712435774505e-05 | Time:1.1889591217041016
2025-03-15 11:16:09,339 - Epoch: 60 Step: 24/79 | Loss: 0.00046099466271698475 | Time:1.3768393993377686
2025-03-15 11:16:10,340 - Epoch: 60 Step: 25/79 | Loss: 0.004437149502336979 | Time:1.0014383792877197
2025-03-15 11:16:11,577 - Epoch: 60 Step: 26/79 | Loss: 0.000228699718718417 | Time:1.2370774745941162
2025-03-15 11:16:12,858 - Epoch: 60 Step: 27/79 | Loss: 0.0001359797897748649 | Time:1.2812774181365967
2025-03-15 11:16:14,063 - Epoch: 60 Step: 28/79 | Loss: 1.7021635358105414e-05 | Time:1.1889605522155762
2025-03-15 11:16:15,128 - Epoch: 60 Step: 29/79 | Loss: 1.9251470803283155e-05 | Time:1.0645172595977783
2025-03-15 11:16:16,176 - Epoch: 60 Step: 30/79 | Loss: 2.5269768229918554e-05 | Time:1.0637590885162354
2025-03-15 11:16:17,302 - Epoch: 60 Step: 31/79 | Loss: 2.665191459527705e-05 | Time:1.126690149307251
2025-03-15 11:16:18,775 - Epoch: 60 Step: 32/79 | Loss: 9.59398239501752e-05 | Time:1.4727270603179932
2025-03-15 11:16:19,886 - Epoch: 60 Step: 33/79 | Loss: 0.00010019559704232961 | Time:1.1104040145874023
2025-03-15 11:16:21,138 - Epoch: 60 Step: 34/79 | Loss: 7.975695189088583e-05 | Time:1.2521193027496338
2025-03-15 11:16:22,340 - Epoch: 60 Step: 35/79 | Loss: 0.00015732891915831715 | Time:1.2023789882659912
2025-03-15 11:16:23,574 - Epoch: 60 Step: 36/79 | Loss: 0.00010940880747511983 | Time:1.234433889389038
2025-03-15 11:16:24,779 - Epoch: 60 Step: 37/79 | Loss: 1.7867565475171432e-05 | Time:1.204683780670166
2025-03-15 11:16:26,014 - Epoch: 60 Step: 38/79 | Loss: 0.00014796156028751284 | Time:1.234724760055542
2025-03-15 11:16:27,355 - Epoch: 60 Step: 39/79 | Loss: 3.7808833440067247e-05 | Time:1.3884928226470947
2025-03-15 11:16:28,522 - Epoch: 60 Step: 40/79 | Loss: 2.2792877643951215e-05 | Time:1.1153349876403809
2025-03-15 11:16:29,692 - Epoch: 60 Step: 41/79 | Loss: 9.502876309852581e-06 | Time:1.1584455966949463
2025-03-15 11:16:31,161 - Epoch: 60 Step: 42/79 | Loss: 2.81181692116661e-05 | Time:1.485069990158081
2025-03-15 11:16:32,319 - Epoch: 60 Step: 43/79 | Loss: 1.4274770364863798e-05 | Time:1.1579608917236328
2025-03-15 11:16:33,476 - Epoch: 60 Step: 44/79 | Loss: 0.001728134579025209 | Time:1.1572484970092773
2025-03-15 11:16:34,869 - Epoch: 60 Step: 45/79 | Loss: 0.0016821827739477158 | Time:1.37678861618042
2025-03-15 11:16:35,948 - Epoch: 60 Step: 46/79 | Loss: 7.122678653104231e-05 | Time:1.094689130783081
2025-03-15 11:16:37,293 - Epoch: 60 Step: 47/79 | Loss: 6.203455996001139e-05 | Time:1.3449349403381348
2025-03-15 11:16:38,310 - Epoch: 60 Step: 48/79 | Loss: 1.7764821677701548e-05 | Time:1.016695499420166
2025-03-15 11:16:39,468 - Epoch: 60 Step: 49/79 | Loss: 4.003285721410066e-05 | Time:1.157594919204712
2025-03-15 11:16:40,765 - Epoch: 60 Step: 50/79 | Loss: 0.0001553522452013567 | Time:1.2985196113586426
2025-03-15 11:16:41,812 - Epoch: 60 Step: 51/79 | Loss: 9.18636578717269e-06 | Time:1.0520691871643066
2025-03-15 11:16:43,252 - Epoch: 60 Step: 52/79 | Loss: 6.934747943887487e-05 | Time:1.4342706203460693
2025-03-15 11:16:44,706 - Epoch: 60 Step: 53/79 | Loss: 0.00012159255857113749 | Time:1.4544148445129395
2025-03-15 11:16:45,851 - Epoch: 60 Step: 54/79 | Loss: 0.00037947201053611934 | Time:1.1423985958099365
2025-03-15 11:16:47,320 - Epoch: 60 Step: 55/79 | Loss: 4.882818757323548e-05 | Time:1.4868807792663574
2025-03-15 11:16:48,587 - Epoch: 60 Step: 56/79 | Loss: 0.00013493305596057326 | Time:1.2669861316680908
2025-03-15 11:16:50,026 - Epoch: 60 Step: 57/79 | Loss: 2.7152076654601842e-05 | Time:1.4236412048339844
2025-03-15 11:16:51,388 - Epoch: 60 Step: 58/79 | Loss: 7.696751708863303e-05 | Time:1.3609850406646729
2025-03-15 11:16:52,498 - Epoch: 60 Step: 59/79 | Loss: 1.5722926036687568e-05 | Time:1.1127924919128418
2025-03-15 11:16:53,953 - Epoch: 60 Step: 60/79 | Loss: 0.00022701107081957161 | Time:1.4528577327728271
2025-03-15 11:16:54,971 - Epoch: 60 Step: 61/79 | Loss: 2.5816309062065557e-05 | Time:1.017958402633667
2025-03-15 11:16:56,174 - Epoch: 60 Step: 62/79 | Loss: 0.003253277624025941 | Time:1.1877379417419434
2025-03-15 11:16:57,614 - Epoch: 60 Step: 63/79 | Loss: 0.0003387023461982608 | Time:1.47108793258667
2025-03-15 11:16:58,880 - Epoch: 60 Step: 64/79 | Loss: 0.005440030246973038 | Time:1.2504937648773193
2025-03-15 11:17:00,055 - Epoch: 60 Step: 65/79 | Loss: 3.799224577960558e-05 | Time:1.1901912689208984
2025-03-15 11:17:01,353 - Epoch: 60 Step: 66/79 | Loss: 4.733612877316773e-05 | Time:1.2820913791656494
2025-03-15 11:17:02,713 - Epoch: 60 Step: 67/79 | Loss: 0.005151592660695314 | Time:1.360170841217041
2025-03-15 11:17:03,997 - Epoch: 60 Step: 68/79 | Loss: 4.2465802835067734e-05 | Time:1.2992627620697021
2025-03-15 11:17:05,295 - Epoch: 60 Step: 69/79 | Loss: 1.8111088138539344e-05 | Time:1.2932085990905762
2025-03-15 11:17:06,516 - Epoch: 60 Step: 70/79 | Loss: 9.718284127302468e-05 | Time:1.2106373310089111
2025-03-15 11:17:07,626 - Epoch: 60 Step: 71/79 | Loss: 1.4520767763315234e-05 | Time:1.109861135482788
2025-03-15 11:17:09,018 - Epoch: 60 Step: 72/79 | Loss: 0.0009242671076208353 | Time:1.4075260162353516
2025-03-15 11:17:10,097 - Epoch: 60 Step: 73/79 | Loss: 0.006529020145535469 | Time:1.0639011859893799
2025-03-15 11:17:11,395 - Epoch: 60 Step: 74/79 | Loss: 0.0001004711739369668 | Time:1.3104190826416016
2025-03-15 11:17:12,772 - Epoch: 60 Step: 75/79 | Loss: 0.0001353398838546127 | Time:1.3648502826690674
2025-03-15 11:17:13,820 - Epoch: 60 Step: 76/79 | Loss: 3.2595826269243844e-06 | Time:1.0473806858062744
2025-03-15 11:17:14,978 - Epoch: 60 Step: 77/79 | Loss: 2.957967262773309e-05 | Time:1.1712844371795654
2025-03-15 11:17:16,056 - Epoch: 60 Step: 78/79 | Loss: 2.0661987946368754e-05 | Time:1.0649092197418213
2025-03-15 11:17:16,259 - Epoch: 60 Step: 79/79 | Loss: 1.928149868035689e-05 | Time:0.24994182586669922
2025-03-15 11:17:17,137 - Val_Epoch:60.0 Step: 1/32 | Loss: 0.0026292484253644943 | Time:0
2025-03-15 11:17:18,184 - Val_Epoch:60.0 Step: 2/32 | Loss: 0.31336477398872375 | Time:0.8776264190673828
2025-03-15 11:17:19,546 - Val_Epoch:60.0 Step: 3/32 | Loss: 0.8798620700836182 | Time:1.0477793216705322
2025-03-15 11:17:20,593 - Val_Epoch:60.0 Step: 4/32 | Loss: 0.4396324157714844 | Time:1.361375331878662
2025-03-15 11:17:21,610 - Val_Epoch:60.0 Step: 5/32 | Loss: 0.014303659088909626 | Time:1.0472466945648193
2025-03-15 11:17:22,570 - Val_Epoch:60.0 Step: 6/32 | Loss: 0.45494645833969116 | Time:1.0174391269683838
2025-03-15 11:17:23,607 - Val_Epoch:60.0 Step: 7/32 | Loss: 0.07399939745664597 | Time:0.9598851203918457
2025-03-15 11:17:25,083 - Val_Epoch:60.0 Step: 8/32 | Loss: 0.01016897615045309 | Time:1.0378522872924805
2025-03-15 11:17:26,179 - Val_Epoch:60.0 Step: 9/32 | Loss: 0.23479697108268738 | Time:1.4744799137115479
2025-03-15 11:17:27,226 - Val_Epoch:60.0 Step: 10/32 | Loss: 0.0004632790805771947 | Time:1.0959830284118652
2025-03-15 11:17:28,494 - Val_Epoch:60.0 Step: 11/32 | Loss: 0.6171818375587463 | Time:1.0475172996520996
2025-03-15 11:17:29,588 - Val_Epoch:60.0 Step: 12/32 | Loss: 0.3452835977077484 | Time:1.2673933506011963
2025-03-15 11:17:30,573 - Val_Epoch:60.0 Step: 13/32 | Loss: 0.503718912601471 | Time:1.0946638584136963
2025-03-15 11:17:31,606 - Val_Epoch:60.0 Step: 14/32 | Loss: 0.24093271791934967 | Time:0.9850165843963623
2025-03-15 11:17:32,592 - Val_Epoch:60.0 Step: 15/32 | Loss: 0.03140060976147652 | Time:1.0323710441589355
2025-03-15 11:17:33,812 - Val_Epoch:60.0 Step: 16/32 | Loss: 0.28822413086891174 | Time:0.986642599105835
2025-03-15 11:17:34,955 - Val_Epoch:60.0 Step: 17/32 | Loss: 0.0027354168705642223 | Time:1.219862937927246
2025-03-15 11:17:36,128 - Val_Epoch:60.0 Step: 18/32 | Loss: 0.22336716949939728 | Time:1.1424765586853027
2025-03-15 11:17:37,238 - Val_Epoch:60.0 Step: 19/32 | Loss: 0.30768629908561707 | Time:1.173415184020996
2025-03-15 11:17:38,145 - Val_Epoch:60.0 Step: 20/32 | Loss: 0.34288015961647034 | Time:1.1101386547088623
2025-03-15 11:17:39,225 - Val_Epoch:60.0 Step: 21/32 | Loss: 0.037983015179634094 | Time:0.9070184230804443
2025-03-15 11:17:40,210 - Val_Epoch:60.0 Step: 22/32 | Loss: 0.6351407766342163 | Time:1.0794973373413086
2025-03-15 11:17:41,132 - Val_Epoch:60.0 Step: 23/32 | Loss: 0.15923620760440826 | Time:0.9852514266967773
2025-03-15 11:17:42,259 - Val_Epoch:60.0 Step: 24/32 | Loss: 0.5004394054412842 | Time:0.9225146770477295
2025-03-15 11:17:43,323 - Val_Epoch:60.0 Step: 25/32 | Loss: 0.0049827382899820805 | Time:1.1265509128570557
2025-03-15 11:17:44,528 - Val_Epoch:60.0 Step: 26/32 | Loss: 0.08809438347816467 | Time:1.0639207363128662
2025-03-15 11:17:45,701 - Val_Epoch:60.0 Step: 27/32 | Loss: 0.29646074771881104 | Time:1.2049639225006104
2025-03-15 11:17:46,764 - Val_Epoch:60.0 Step: 28/32 | Loss: 0.35536158084869385 | Time:1.1730554103851318
2025-03-15 11:17:47,625 - Val_Epoch:60.0 Step: 29/32 | Loss: 0.25532081723213196 | Time:1.06321382522583
2025-03-15 11:17:48,578 - Val_Epoch:60.0 Step: 30/32 | Loss: 0.004772407468408346 | Time:0.8608312606811523
2025-03-15 11:17:49,690 - Val_Epoch:60.0 Step: 31/32 | Loss: 0.5166648030281067 | Time:0.9531264305114746
2025-03-15 11:17:49,893 - Val_Epoch:60.0 Step: 32/32 | Loss: 0.639025866985321 | Time:1.1121163368225098
2025-03-15 11:17:49,893 - Validation - Accuracy: 0.94994994994995, Precision: 0.9225352112676056, Recall: 0.903448275862069, F1-Score: 0.9128919860627177
2025-03-15 11:17:54,852 - Saved model as model_epoch_60_acc_0.9499.pt
2025-03-15 11:17:54,852 - 
*** EPOCH: 61 ***

2025-03-15 11:17:56,225 - Epoch: 61 Step: 1/79 | Loss: 0.0004605103749781847 | Time:1.2988715171813965
2025-03-15 11:17:57,403 - Epoch: 61 Step: 2/79 | Loss: 0.0029803477227687836 | Time:1.1738474369049072
2025-03-15 11:17:58,905 - Epoch: 61 Step: 3/79 | Loss: 3.002745688718278e-05 | Time:1.5019192695617676
2025-03-15 11:18:00,220 - Epoch: 61 Step: 4/79 | Loss: 6.152987771201879e-05 | Time:1.3306972980499268
2025-03-15 11:18:01,456 - Epoch: 61 Step: 5/79 | Loss: 9.886005864245817e-05 | Time:1.2355189323425293
2025-03-15 11:18:02,644 - Epoch: 61 Step: 6/79 | Loss: 1.332364172412781e-05 | Time:1.1890513896942139
2025-03-15 11:18:03,889 - Epoch: 61 Step: 7/79 | Loss: 2.7869893528986722e-05 | Time:1.2347707748413086
2025-03-15 11:18:05,194 - Epoch: 61 Step: 8/79 | Loss: 0.0017693538684397936 | Time:1.31451416015625
2025-03-15 11:18:06,601 - Epoch: 61 Step: 9/79 | Loss: 6.668577407253906e-05 | Time:1.4073231220245361
2025-03-15 11:18:08,023 - Epoch: 61 Step: 10/79 | Loss: 0.0003045270568691194 | Time:1.4222428798675537
2025-03-15 11:18:09,274 - Epoch: 61 Step: 11/79 | Loss: 0.00020221315207891166 | Time:1.2503845691680908
2025-03-15 11:18:10,665 - Epoch: 61 Step: 12/79 | Loss: 0.00012009512283839285 | Time:1.3913989067077637
2025-03-15 11:18:11,775 - Epoch: 61 Step: 13/79 | Loss: 0.0001792870316421613 | Time:1.1098170280456543
2025-03-15 11:18:12,885 - Epoch: 61 Step: 14/79 | Loss: 4.591085235006176e-05 | Time:1.1104259490966797
2025-03-15 11:18:14,231 - Epoch: 61 Step: 15/79 | Loss: 8.322353824041784e-05 | Time:1.3453917503356934
2025-03-15 11:18:15,451 - Epoch: 61 Step: 16/79 | Loss: 7.543623723904602e-06 | Time:1.2198617458343506
2025-03-15 11:18:16,779 - Epoch: 61 Step: 17/79 | Loss: 3.5681288863997906e-05 | Time:1.328171968460083
2025-03-15 11:18:18,077 - Epoch: 61 Step: 18/79 | Loss: 0.00021239303168840706 | Time:1.3126935958862305
2025-03-15 11:18:19,422 - Epoch: 61 Step: 19/79 | Loss: 4.873014768236317e-05 | Time:1.3297626972198486
2025-03-15 11:18:20,736 - Epoch: 61 Step: 20/79 | Loss: 0.00018431551870889962 | Time:1.3145253658294678
2025-03-15 11:18:22,144 - Epoch: 61 Step: 21/79 | Loss: 4.417244053911418e-05 | Time:1.4073705673217773
2025-03-15 11:18:23,239 - Epoch: 61 Step: 22/79 | Loss: 5.028356463299133e-05 | Time:1.0957577228546143
2025-03-15 11:18:24,506 - Epoch: 61 Step: 23/79 | Loss: 0.003387108910828829 | Time:1.266747236251831
2025-03-15 11:18:25,491 - Epoch: 61 Step: 24/79 | Loss: 0.00018056010594591498 | Time:0.9856863021850586
2025-03-15 11:18:26,836 - Epoch: 61 Step: 25/79 | Loss: 2.6815509045263752e-05 | Time:1.3451085090637207
2025-03-15 11:18:28,027 - Epoch: 61 Step: 26/79 | Loss: 7.110380829544738e-05 | Time:1.1744215488433838
2025-03-15 11:18:29,153 - Epoch: 61 Step: 27/79 | Loss: 4.4479391362983733e-05 | Time:1.1419525146484375
2025-03-15 11:18:30,325 - Epoch: 61 Step: 28/79 | Loss: 4.723011807072908e-05 | Time:1.1796174049377441
2025-03-15 11:18:31,498 - Epoch: 61 Step: 29/79 | Loss: 5.239150777924806e-05 | Time:1.1658918857574463
2025-03-15 11:18:32,922 - Epoch: 61 Step: 30/79 | Loss: 7.032431312836707e-05 | Time:1.423570156097412
2025-03-15 11:18:34,313 - Epoch: 61 Step: 31/79 | Loss: 8.014723425731063e-05 | Time:1.3913581371307373
2025-03-15 11:18:35,689 - Epoch: 61 Step: 32/79 | Loss: 0.0036560206208378077 | Time:1.3755385875701904
2025-03-15 11:18:36,940 - Epoch: 61 Step: 33/79 | Loss: 0.00011524580622790381 | Time:1.2507233619689941
2025-03-15 11:18:38,365 - Epoch: 61 Step: 34/79 | Loss: 0.00022556722979061306 | Time:1.4259095191955566
2025-03-15 11:18:39,414 - Epoch: 61 Step: 35/79 | Loss: 1.9053893993259408e-05 | Time:1.0643227100372314
2025-03-15 11:18:40,744 - Epoch: 61 Step: 36/79 | Loss: 0.0004889076226390898 | Time:1.314493179321289
2025-03-15 11:18:42,023 - Epoch: 61 Step: 37/79 | Loss: 0.00015117303701117635 | Time:1.2663896083831787
2025-03-15 11:18:43,169 - Epoch: 61 Step: 38/79 | Loss: 1.5581914340145886e-05 | Time:1.158729076385498
2025-03-15 11:18:44,248 - Epoch: 61 Step: 39/79 | Loss: 2.019666862906888e-05 | Time:1.0791606903076172
2025-03-15 11:18:45,573 - Epoch: 61 Step: 40/79 | Loss: 0.002863830653950572 | Time:1.3136048316955566
2025-03-15 11:18:46,720 - Epoch: 61 Step: 41/79 | Loss: 5.835949195898138e-05 | Time:1.1577138900756836
2025-03-15 11:18:47,721 - Epoch: 61 Step: 42/79 | Loss: 1.0422976629342884e-05 | Time:1.0012843608856201
2025-03-15 11:18:48,957 - Epoch: 61 Step: 43/79 | Loss: 4.660284957935801e-06 | Time:1.2351503372192383
2025-03-15 11:18:50,256 - Epoch: 61 Step: 44/79 | Loss: 0.00015754792548250407 | Time:1.2997143268585205
2025-03-15 11:18:51,475 - Epoch: 61 Step: 45/79 | Loss: 0.0001576487411512062 | Time:1.2189733982086182
2025-03-15 11:18:52,680 - Epoch: 61 Step: 46/79 | Loss: 1.0210644177277572e-05 | Time:1.2046797275543213
2025-03-15 11:18:53,900 - Epoch: 61 Step: 47/79 | Loss: 1.5958028598106466e-05 | Time:1.2199654579162598
2025-03-15 11:18:55,167 - Epoch: 61 Step: 48/79 | Loss: 4.439947224454954e-05 | Time:1.267223596572876
2025-03-15 11:18:56,452 - Epoch: 61 Step: 49/79 | Loss: 9.8769785836339e-05 | Time:1.2841429710388184
2025-03-15 11:18:57,641 - Epoch: 61 Step: 50/79 | Loss: 0.00017054335330612957 | Time:1.1896464824676514
2025-03-15 11:18:58,768 - Epoch: 61 Step: 51/79 | Loss: 0.0019720569252967834 | Time:1.1427083015441895
2025-03-15 11:18:59,911 - Epoch: 61 Step: 52/79 | Loss: 4.423759673954919e-05 | Time:1.1278371810913086
2025-03-15 11:19:01,181 - Epoch: 61 Step: 53/79 | Loss: 2.4330862288479693e-05 | Time:1.2703330516815186
2025-03-15 11:19:02,183 - Epoch: 61 Step: 54/79 | Loss: 3.714063495863229e-06 | Time:1.0014927387237549
2025-03-15 11:19:03,341 - Epoch: 61 Step: 55/79 | Loss: 1.4173462659528013e-05 | Time:1.1572272777557373
2025-03-15 11:19:04,311 - Epoch: 61 Step: 56/79 | Loss: 2.174059954995755e-05 | Time:0.9865167140960693
2025-03-15 11:19:05,750 - Epoch: 61 Step: 57/79 | Loss: 2.6796797101269476e-05 | Time:1.4231717586517334
2025-03-15 11:19:07,081 - Epoch: 61 Step: 58/79 | Loss: 6.99121956131421e-05 | Time:1.3306806087493896
2025-03-15 11:19:08,520 - Epoch: 61 Step: 59/79 | Loss: 3.554251816240139e-05 | Time:1.4395251274108887
2025-03-15 11:19:09,787 - Epoch: 61 Step: 60/79 | Loss: 2.6688643629313447e-05 | Time:1.2667062282562256
2025-03-15 11:19:11,195 - Epoch: 61 Step: 61/79 | Loss: 0.01771128550171852 | Time:1.408064842224121
2025-03-15 11:19:12,414 - Epoch: 61 Step: 62/79 | Loss: 4.309627183829434e-05 | Time:1.2193315029144287
2025-03-15 11:19:13,560 - Epoch: 61 Step: 63/79 | Loss: 2.0668556317104958e-05 | Time:1.142249345779419
2025-03-15 11:19:14,557 - Epoch: 61 Step: 64/79 | Loss: 8.4129256720189e-05 | Time:1.0005953311920166
2025-03-15 11:19:15,668 - Epoch: 61 Step: 65/79 | Loss: 0.0018364009447395802 | Time:1.1107985973358154
2025-03-15 11:19:16,857 - Epoch: 61 Step: 66/79 | Loss: 0.00691067473962903 | Time:1.189424753189087
2025-03-15 11:19:18,188 - Epoch: 61 Step: 67/79 | Loss: 0.02275601215660572 | Time:1.3304948806762695
2025-03-15 11:19:19,346 - Epoch: 61 Step: 68/79 | Loss: 2.94061337626772e-05 | Time:1.1584930419921875
2025-03-15 11:19:20,300 - Epoch: 61 Step: 69/79 | Loss: 9.502751709078439e-06 | Time:0.9537434577941895
2025-03-15 11:19:21,490 - Epoch: 61 Step: 70/79 | Loss: 5.207852609601105e-06 | Time:1.1902782917022705
2025-03-15 11:19:22,725 - Epoch: 61 Step: 71/79 | Loss: 3.2277675927616656e-05 | Time:1.2345831394195557
2025-03-15 11:19:24,165 - Epoch: 61 Step: 72/79 | Loss: 3.3475200325483456e-05 | Time:1.4240944385528564
2025-03-15 11:19:25,284 - Epoch: 61 Step: 73/79 | Loss: 2.2858657757751644e-05 | Time:1.1353354454040527
2025-03-15 11:19:26,333 - Epoch: 61 Step: 74/79 | Loss: 0.00012445809261407703 | Time:1.0326297283172607
2025-03-15 11:19:27,615 - Epoch: 61 Step: 75/79 | Loss: 2.2983658709563315e-05 | Time:1.2980127334594727
2025-03-15 11:19:28,695 - Epoch: 61 Step: 76/79 | Loss: 6.75384853821015e-06 | Time:1.0797779560089111
2025-03-15 11:19:29,867 - Epoch: 61 Step: 77/79 | Loss: 8.549079211661592e-06 | Time:1.1722707748413086
2025-03-15 11:19:31,370 - Epoch: 61 Step: 78/79 | Loss: 4.385479405755177e-05 | Time:1.5024490356445312
2025-03-15 11:19:31,619 - Epoch: 61 Step: 79/79 | Loss: 0.0003135270089842379 | Time:0.2962214946746826
2025-03-15 11:19:32,515 - Val_Epoch:61.0 Step: 1/32 | Loss: 0.002758079208433628 | Time:0
2025-03-15 11:19:33,556 - Val_Epoch:61.0 Step: 2/32 | Loss: 0.31738412380218506 | Time:0.8971562385559082
2025-03-15 11:19:34,919 - Val_Epoch:61.0 Step: 3/32 | Loss: 0.9036353230476379 | Time:1.0410594940185547
2025-03-15 11:19:35,983 - Val_Epoch:61.0 Step: 4/32 | Loss: 0.44870907068252563 | Time:1.3618693351745605
2025-03-15 11:19:36,985 - Val_Epoch:61.0 Step: 5/32 | Loss: 0.013043400831520557 | Time:1.0645513534545898
2025-03-15 11:19:37,955 - Val_Epoch:61.0 Step: 6/32 | Loss: 0.4685489535331726 | Time:1.0019035339355469
2025-03-15 11:19:39,003 - Val_Epoch:61.0 Step: 7/32 | Loss: 0.07596777379512787 | Time:0.9696149826049805
2025-03-15 11:19:40,489 - Val_Epoch:61.0 Step: 8/32 | Loss: 0.01063387282192707 | Time:1.0478453636169434
2025-03-15 11:19:41,584 - Val_Epoch:61.0 Step: 9/32 | Loss: 0.2351597398519516 | Time:1.486088752746582
2025-03-15 11:19:42,658 - Val_Epoch:61.0 Step: 10/32 | Loss: 0.0004578241496346891 | Time:1.0949733257293701
2025-03-15 11:19:43,946 - Val_Epoch:61.0 Step: 11/32 | Loss: 0.6325275301933289 | Time:1.0738589763641357
2025-03-15 11:19:45,025 - Val_Epoch:61.0 Step: 12/32 | Loss: 0.3534907400608063 | Time:1.288346290588379
2025-03-15 11:19:46,010 - Val_Epoch:61.0 Step: 13/32 | Loss: 0.5150042772293091 | Time:1.079249382019043
2025-03-15 11:19:47,059 - Val_Epoch:61.0 Step: 14/32 | Loss: 0.24780774116516113 | Time:0.9852147102355957
2025-03-15 11:19:48,059 - Val_Epoch:61.0 Step: 15/32 | Loss: 0.03268147632479668 | Time:1.048891544342041
2025-03-15 11:19:49,280 - Val_Epoch:61.0 Step: 16/32 | Loss: 0.2933714687824249 | Time:0.9999480247497559
2025-03-15 11:19:50,438 - Val_Epoch:61.0 Step: 17/32 | Loss: 0.0026158238761126995 | Time:1.2208950519561768
2025-03-15 11:19:51,596 - Val_Epoch:61.0 Step: 18/32 | Loss: 0.22918963432312012 | Time:1.1575710773468018
2025-03-15 11:19:52,707 - Val_Epoch:61.0 Step: 19/32 | Loss: 0.31540653109550476 | Time:1.158672571182251
2025-03-15 11:19:53,631 - Val_Epoch:61.0 Step: 20/32 | Loss: 0.3506671190261841 | Time:1.1101815700531006
2025-03-15 11:19:54,709 - Val_Epoch:61.0 Step: 21/32 | Loss: 0.038445331156253815 | Time:0.9240639209747314
2025-03-15 11:19:55,680 - Val_Epoch:61.0 Step: 22/32 | Loss: 0.6562579274177551 | Time:1.0787668228149414
2025-03-15 11:19:56,618 - Val_Epoch:61.0 Step: 23/32 | Loss: 0.16216029226779938 | Time:0.9703919887542725
2025-03-15 11:19:57,729 - Val_Epoch:61.0 Step: 24/32 | Loss: 0.5107153654098511 | Time:0.9379312992095947
2025-03-15 11:19:58,798 - Val_Epoch:61.0 Step: 25/32 | Loss: 0.004348791670054197 | Time:1.1112561225891113
2025-03-15 11:20:00,013 - Val_Epoch:61.0 Step: 26/32 | Loss: 0.09562791883945465 | Time:1.070011854171753
2025-03-15 11:20:01,202 - Val_Epoch:61.0 Step: 27/32 | Loss: 0.3126899003982544 | Time:1.2154638767242432
2025-03-15 11:20:02,234 - Val_Epoch:61.0 Step: 28/32 | Loss: 0.3674738109111786 | Time:1.1871235370635986
2025-03-15 11:20:03,114 - Val_Epoch:61.0 Step: 29/32 | Loss: 0.2599233090877533 | Time:1.0318872928619385
2025-03-15 11:20:04,065 - Val_Epoch:61.0 Step: 30/32 | Loss: 0.004274400416761637 | Time:0.8801336288452148
2025-03-15 11:20:05,201 - Val_Epoch:61.0 Step: 31/32 | Loss: 0.5210943818092346 | Time:0.9508941173553467
2025-03-15 11:20:05,394 - Val_Epoch:61.0 Step: 32/32 | Loss: 0.6521483063697815 | Time:1.136218547821045
2025-03-15 11:20:05,394 - Validation - Accuracy: 0.94994994994995, Precision: 0.9225352112676056, Recall: 0.903448275862069, F1-Score: 0.9128919860627177
2025-03-15 11:20:05,394 - Saved model as model_epoch_61_acc_0.9499.pt
2025-03-15 11:20:05,394 - 
*** EPOCH: 62 ***

2025-03-15 11:20:06,833 - Epoch: 62 Step: 1/79 | Loss: 3.264794577262364e-05 | Time:1.3446848392486572
2025-03-15 11:20:08,251 - Epoch: 62 Step: 2/79 | Loss: 0.00016352531383745372 | Time:1.440195083618164
2025-03-15 11:20:09,603 - Epoch: 62 Step: 3/79 | Loss: 0.00046781590208411217 | Time:1.361086130142212
2025-03-15 11:20:10,781 - Epoch: 62 Step: 4/79 | Loss: 3.229502908652648e-05 | Time:1.1727042198181152
2025-03-15 11:20:12,011 - Epoch: 62 Step: 5/79 | Loss: 6.589922122657299e-06 | Time:1.2352161407470703
2025-03-15 11:20:13,434 - Epoch: 62 Step: 6/79 | Loss: 0.00012344637070782483 | Time:1.42326021194458
2025-03-15 11:20:14,764 - Epoch: 62 Step: 7/79 | Loss: 9.278925426770002e-05 | Time:1.3302943706512451
2025-03-15 11:20:15,985 - Epoch: 62 Step: 8/79 | Loss: 0.0008122303406707942 | Time:1.2198073863983154
2025-03-15 11:20:17,034 - Epoch: 62 Step: 9/79 | Loss: 3.505822314764373e-05 | Time:1.0496766567230225
2025-03-15 11:20:18,252 - Epoch: 62 Step: 10/79 | Loss: 2.309722185600549e-05 | Time:1.2183430194854736
2025-03-15 11:20:19,364 - Epoch: 62 Step: 11/79 | Loss: 1.5544541383860633e-05 | Time:1.096526861190796
2025-03-15 11:20:20,397 - Epoch: 62 Step: 12/79 | Loss: 3.2494157494511455e-05 | Time:1.0480072498321533
2025-03-15 11:20:21,759 - Epoch: 62 Step: 13/79 | Loss: 0.0027269660495221615 | Time:1.3621807098388672
2025-03-15 11:20:23,101 - Epoch: 62 Step: 14/79 | Loss: 3.9599399315193295e-06 | Time:1.3425827026367188
2025-03-15 11:20:24,337 - Epoch: 62 Step: 15/79 | Loss: 6.923014007043093e-05 | Time:1.236046552658081
2025-03-15 11:20:25,652 - Epoch: 62 Step: 16/79 | Loss: 9.65574145084247e-05 | Time:1.313295841217041
2025-03-15 11:20:27,153 - Epoch: 62 Step: 17/79 | Loss: 2.327613219677005e-05 | Time:1.512861728668213
2025-03-15 11:20:28,358 - Epoch: 62 Step: 18/79 | Loss: 0.00034544451045803726 | Time:1.1787612438201904
2025-03-15 11:20:29,667 - Epoch: 62 Step: 19/79 | Loss: 0.0001232850190717727 | Time:1.3133928775787354
2025-03-15 11:20:30,752 - Epoch: 62 Step: 20/79 | Loss: 0.00025615215417928994 | Time:1.096107006072998
2025-03-15 11:20:31,784 - Epoch: 62 Step: 21/79 | Loss: 4.107285349164158e-05 | Time:1.0320160388946533
2025-03-15 11:20:33,067 - Epoch: 62 Step: 22/79 | Loss: 8.072270429693162e-05 | Time:1.28285551071167
2025-03-15 11:20:34,147 - Epoch: 62 Step: 23/79 | Loss: 0.00019312130461912602 | Time:1.0807127952575684
2025-03-15 11:20:35,509 - Epoch: 62 Step: 24/79 | Loss: 4.8666115617379546e-05 | Time:1.3607759475708008
2025-03-15 11:20:36,728 - Epoch: 62 Step: 25/79 | Loss: 0.02474913001060486 | Time:1.220095157623291
2025-03-15 11:20:38,027 - Epoch: 62 Step: 26/79 | Loss: 1.9861810869770125e-05 | Time:1.2991852760314941
2025-03-15 11:20:39,235 - Epoch: 62 Step: 27/79 | Loss: 3.706594952745945e-06 | Time:1.2074768543243408
2025-03-15 11:20:40,514 - Epoch: 62 Step: 28/79 | Loss: 0.00010106679837917909 | Time:1.2789535522460938
2025-03-15 11:20:41,577 - Epoch: 62 Step: 29/79 | Loss: 0.0001441727945348248 | Time:1.057176113128662
2025-03-15 11:20:42,767 - Epoch: 62 Step: 30/79 | Loss: 0.0005919457180425525 | Time:1.196333408355713
2025-03-15 11:20:44,017 - Epoch: 62 Step: 31/79 | Loss: 1.1998617083008867e-05 | Time:1.2496063709259033
2025-03-15 11:20:45,676 - Epoch: 62 Step: 32/79 | Loss: 0.001087404671125114 | Time:1.6591565608978271
2025-03-15 11:20:46,855 - Epoch: 62 Step: 33/79 | Loss: 1.9563738533179276e-05 | Time:1.1731085777282715
2025-03-15 11:20:48,085 - Epoch: 62 Step: 34/79 | Loss: 7.450395969499368e-06 | Time:1.2386174201965332
2025-03-15 11:20:49,227 - Epoch: 62 Step: 35/79 | Loss: 5.461140062834602e-06 | Time:1.1387393474578857
2025-03-15 11:20:50,400 - Epoch: 62 Step: 36/79 | Loss: 0.0048241703771054745 | Time:1.1772520542144775
2025-03-15 11:20:51,823 - Epoch: 62 Step: 37/79 | Loss: 0.030052345246076584 | Time:1.4193921089172363
2025-03-15 11:20:53,043 - Epoch: 62 Step: 38/79 | Loss: 0.00013010494876652956 | Time:1.2195467948913574
2025-03-15 11:20:54,279 - Epoch: 62 Step: 39/79 | Loss: 9.29223679122515e-05 | Time:1.2364494800567627
2025-03-15 11:20:55,438 - Epoch: 62 Step: 40/79 | Loss: 2.4852928618201986e-05 | Time:1.1423547267913818
2025-03-15 11:20:56,595 - Epoch: 62 Step: 41/79 | Loss: 1.2624530427274294e-05 | Time:1.15812087059021
2025-03-15 11:20:57,877 - Epoch: 62 Step: 42/79 | Loss: 0.004715899936854839 | Time:1.297475814819336
2025-03-15 11:20:59,083 - Epoch: 62 Step: 43/79 | Loss: 3.1242732802638784e-05 | Time:1.2055959701538086
2025-03-15 11:21:00,568 - Epoch: 62 Step: 44/79 | Loss: 5.643681106448639e-06 | Time:1.4849238395690918
2025-03-15 11:21:01,554 - Epoch: 62 Step: 45/79 | Loss: 6.470677362813149e-06 | Time:0.9859611988067627
2025-03-15 11:21:02,759 - Epoch: 62 Step: 46/79 | Loss: 6.247446435736492e-05 | Time:1.2049987316131592
2025-03-15 11:21:04,090 - Epoch: 62 Step: 47/79 | Loss: 2.6811581847141497e-05 | Time:1.3157780170440674
2025-03-15 11:21:05,419 - Epoch: 62 Step: 48/79 | Loss: 0.0001770132512319833 | Time:1.3528742790222168
2025-03-15 11:21:06,671 - Epoch: 62 Step: 49/79 | Loss: 8.381700354220811e-06 | Time:1.24314284324646
2025-03-15 11:21:07,749 - Epoch: 62 Step: 50/79 | Loss: 8.5151543316897e-05 | Time:1.0812783241271973
2025-03-15 11:21:09,156 - Epoch: 62 Step: 51/79 | Loss: 5.6920824135886505e-05 | Time:1.4043793678283691
2025-03-15 11:21:10,065 - Epoch: 62 Step: 52/79 | Loss: 8.657290891278535e-06 | Time:0.893151044845581
2025-03-15 11:21:11,269 - Epoch: 62 Step: 53/79 | Loss: 6.615930033149198e-06 | Time:1.2193217277526855
2025-03-15 11:21:12,660 - Epoch: 62 Step: 54/79 | Loss: 0.0001461642241338268 | Time:1.37552809715271
2025-03-15 11:21:13,911 - Epoch: 62 Step: 55/79 | Loss: 2.445094651193358e-05 | Time:1.2665307521820068
2025-03-15 11:21:15,033 - Epoch: 62 Step: 56/79 | Loss: 4.623035238182638e-06 | Time:1.1124184131622314
2025-03-15 11:21:16,023 - Epoch: 62 Step: 57/79 | Loss: 1.988350231840741e-05 | Time:0.9834277629852295
2025-03-15 11:21:17,322 - Epoch: 62 Step: 58/79 | Loss: 0.0013338389107957482 | Time:1.299694538116455
2025-03-15 11:21:18,514 - Epoch: 62 Step: 59/79 | Loss: 2.5860492314677685e-05 | Time:1.2053039073944092
2025-03-15 11:21:19,748 - Epoch: 62 Step: 60/79 | Loss: 7.513793661928503e-06 | Time:1.2204651832580566
2025-03-15 11:21:21,046 - Epoch: 62 Step: 61/79 | Loss: 0.003527662018314004 | Time:1.2977566719055176
2025-03-15 11:21:22,165 - Epoch: 62 Step: 62/79 | Loss: 1.2300081834837329e-05 | Time:1.1258618831634521
2025-03-15 11:21:23,267 - Epoch: 62 Step: 63/79 | Loss: 6.17959740338847e-05 | Time:1.1241350173950195
2025-03-15 11:21:24,518 - Epoch: 62 Step: 64/79 | Loss: 7.279189594555646e-05 | Time:1.238569974899292
2025-03-15 11:21:25,801 - Epoch: 62 Step: 65/79 | Loss: 2.882911758206319e-05 | Time:1.296077013015747
2025-03-15 11:21:26,990 - Epoch: 62 Step: 66/79 | Loss: 0.0001628143945708871 | Time:1.1749885082244873
2025-03-15 11:21:28,177 - Epoch: 62 Step: 67/79 | Loss: 6.163583020679653e-05 | Time:1.1878535747528076
2025-03-15 11:21:29,538 - Epoch: 62 Step: 68/79 | Loss: 0.0001060339345713146 | Time:1.3607373237609863
2025-03-15 11:21:30,741 - Epoch: 62 Step: 69/79 | Loss: 4.066644760314375e-05 | Time:1.2030596733093262
2025-03-15 11:21:31,929 - Epoch: 62 Step: 70/79 | Loss: 3.500377351883799e-05 | Time:1.1879072189331055
2025-03-15 11:21:33,071 - Epoch: 62 Step: 71/79 | Loss: 6.14292366662994e-06 | Time:1.1417670249938965
2025-03-15 11:21:34,149 - Epoch: 62 Step: 72/79 | Loss: 1.2531400898296852e-05 | Time:1.0786302089691162
2025-03-15 11:21:35,400 - Epoch: 62 Step: 73/79 | Loss: 5.764965317212045e-05 | Time:1.2346901893615723
2025-03-15 11:21:36,557 - Epoch: 62 Step: 74/79 | Loss: 0.00023493438493460417 | Time:1.1727144718170166
2025-03-15 11:21:37,573 - Epoch: 62 Step: 75/79 | Loss: 1.701240398688242e-05 | Time:1.0163848400115967
2025-03-15 11:21:38,699 - Epoch: 62 Step: 76/79 | Loss: 0.00010796643618959934 | Time:1.125518560409546
2025-03-15 11:21:39,761 - Epoch: 62 Step: 77/79 | Loss: 0.00024303438840433955 | Time:1.0627415180206299
2025-03-15 11:21:41,091 - Epoch: 62 Step: 78/79 | Loss: 3.284710692241788e-05 | Time:1.3295996189117432
2025-03-15 11:21:41,263 - Epoch: 62 Step: 79/79 | Loss: 1.1294832802377641e-05 | Time:0.21870851516723633
2025-03-15 11:21:42,153 - Val_Epoch:62.0 Step: 1/32 | Loss: 0.002482750453054905 | Time:0
2025-03-15 11:21:43,186 - Val_Epoch:62.0 Step: 2/32 | Loss: 0.31758180260658264 | Time:0.8905200958251953
2025-03-15 11:21:44,561 - Val_Epoch:62.0 Step: 3/32 | Loss: 0.926057755947113 | Time:1.0322349071502686
2025-03-15 11:21:45,609 - Val_Epoch:62.0 Step: 4/32 | Loss: 0.4555034637451172 | Time:1.3758111000061035
2025-03-15 11:21:46,610 - Val_Epoch:62.0 Step: 5/32 | Loss: 0.009538193233311176 | Time:1.0475695133209229
2025-03-15 11:21:47,563 - Val_Epoch:62.0 Step: 6/32 | Loss: 0.4919032156467438 | Time:1.0006992816925049
2025-03-15 11:21:48,595 - Val_Epoch:62.0 Step: 7/32 | Loss: 0.08872383832931519 | Time:0.9536588191986084
2025-03-15 11:21:50,064 - Val_Epoch:62.0 Step: 8/32 | Loss: 0.013002423569560051 | Time:1.0316359996795654
2025-03-15 11:21:51,147 - Val_Epoch:62.0 Step: 9/32 | Loss: 0.23012343049049377 | Time:1.4695065021514893
2025-03-15 11:21:52,194 - Val_Epoch:62.0 Step: 10/32 | Loss: 0.0004892242141067982 | Time:1.0821130275726318
2025-03-15 11:21:53,461 - Val_Epoch:62.0 Step: 11/32 | Loss: 0.6511548757553101 | Time:1.0473518371582031
2025-03-15 11:21:54,555 - Val_Epoch:62.0 Step: 12/32 | Loss: 0.3431771993637085 | Time:1.2824034690856934
2025-03-15 11:21:55,541 - Val_Epoch:62.0 Step: 13/32 | Loss: 0.5373849868774414 | Time:1.0788788795471191
2025-03-15 11:21:56,590 - Val_Epoch:62.0 Step: 14/32 | Loss: 0.2390270233154297 | Time:0.9856359958648682
2025-03-15 11:21:57,591 - Val_Epoch:62.0 Step: 15/32 | Loss: 0.031075460836291313 | Time:1.0490946769714355
2025-03-15 11:21:58,811 - Val_Epoch:62.0 Step: 16/32 | Loss: 0.29895099997520447 | Time:1.0014734268188477
2025-03-15 11:21:59,952 - Val_Epoch:62.0 Step: 17/32 | Loss: 0.0022538453340530396 | Time:1.2191355228424072
2025-03-15 11:22:01,110 - Val_Epoch:62.0 Step: 18/32 | Loss: 0.24141137301921844 | Time:1.1412739753723145
2025-03-15 11:22:02,248 - Val_Epoch:62.0 Step: 19/32 | Loss: 0.3219641149044037 | Time:1.1584017276763916
2025-03-15 11:22:03,144 - Val_Epoch:62.0 Step: 20/32 | Loss: 0.3578539192676544 | Time:1.1382062435150146
2025-03-15 11:22:04,238 - Val_Epoch:62.0 Step: 21/32 | Loss: 0.045492999255657196 | Time:0.8954741954803467
2025-03-15 11:22:05,208 - Val_Epoch:62.0 Step: 22/32 | Loss: 0.680606484413147 | Time:1.094346284866333
2025-03-15 11:22:06,131 - Val_Epoch:62.0 Step: 23/32 | Loss: 0.18377941846847534 | Time:0.9699950218200684
2025-03-15 11:22:07,257 - Val_Epoch:62.0 Step: 24/32 | Loss: 0.5325754284858704 | Time:0.9229698181152344
2025-03-15 11:22:08,327 - Val_Epoch:62.0 Step: 25/32 | Loss: 0.0035839234478771687 | Time:1.1256136894226074
2025-03-15 11:22:09,526 - Val_Epoch:62.0 Step: 26/32 | Loss: 0.10252735763788223 | Time:1.0709483623504639
2025-03-15 11:22:10,731 - Val_Epoch:62.0 Step: 27/32 | Loss: 0.3237726092338562 | Time:1.1978919506072998
2025-03-15 11:22:11,792 - Val_Epoch:62.0 Step: 28/32 | Loss: 0.3739609122276306 | Time:1.2050223350524902
2025-03-15 11:22:12,654 - Val_Epoch:62.0 Step: 29/32 | Loss: 0.24978362023830414 | Time:1.0617341995239258
2025-03-15 11:22:13,624 - Val_Epoch:62.0 Step: 30/32 | Loss: 0.003330043749883771 | Time:0.8615376949310303
2025-03-15 11:22:14,735 - Val_Epoch:62.0 Step: 31/32 | Loss: 0.5248453617095947 | Time:0.9698209762573242
2025-03-15 11:22:14,938 - Val_Epoch:62.0 Step: 32/32 | Loss: 0.6409474015235901 | Time:1.1114940643310547
2025-03-15 11:22:14,938 - Validation - Accuracy: 0.948948948948949, Precision: 0.9222614840989399, Recall: 0.9, F1-Score: 0.9109947643979058
2025-03-15 11:22:14,942 - Saved model as model_epoch_62_acc_0.9489.pt
2025-03-15 11:22:14,944 - 
*** EPOCH: 63 ***

2025-03-15 11:22:16,220 - Epoch: 63 Step: 1/79 | Loss: 6.636563193751499e-05 | Time:1.1822690963745117
2025-03-15 11:22:17,473 - Epoch: 63 Step: 2/79 | Loss: 5.772315853391774e-05 | Time:1.2834606170654297
2025-03-15 11:22:18,605 - Epoch: 63 Step: 3/79 | Loss: 0.00019199839152861387 | Time:1.1299598217010498
2025-03-15 11:22:19,882 - Epoch: 63 Step: 4/79 | Loss: 0.019057750701904297 | Time:1.263368844985962
2025-03-15 11:22:21,148 - Epoch: 63 Step: 5/79 | Loss: 2.6172574507654645e-05 | Time:1.2923786640167236
2025-03-15 11:22:22,211 - Epoch: 63 Step: 6/79 | Loss: 7.424812065437436e-05 | Time:1.0374603271484375
2025-03-15 11:22:23,230 - Epoch: 63 Step: 7/79 | Loss: 2.4549565296183573e-06 | Time:1.0338661670684814
2025-03-15 11:22:24,340 - Epoch: 63 Step: 8/79 | Loss: 1.519408033345826e-05 | Time:1.1099295616149902
2025-03-15 11:22:25,684 - Epoch: 63 Step: 9/79 | Loss: 6.615726306336e-05 | Time:1.3453562259674072
2025-03-15 11:22:26,952 - Epoch: 63 Step: 10/79 | Loss: 4.1745282942429185e-05 | Time:1.2509047985076904
2025-03-15 11:22:28,048 - Epoch: 63 Step: 11/79 | Loss: 0.018120357766747475 | Time:1.1118481159210205
2025-03-15 11:22:29,391 - Epoch: 63 Step: 12/79 | Loss: 6.643465167144313e-05 | Time:1.3280987739562988
2025-03-15 11:22:30,518 - Epoch: 63 Step: 13/79 | Loss: 6.788117752876133e-05 | Time:1.1416659355163574
2025-03-15 11:22:31,778 - Epoch: 63 Step: 14/79 | Loss: 0.00021061352163087577 | Time:1.2504942417144775
2025-03-15 11:22:33,035 - Epoch: 63 Step: 15/79 | Loss: 0.00021585338981822133 | Time:1.2674031257629395
2025-03-15 11:22:34,208 - Epoch: 63 Step: 16/79 | Loss: 4.726113911601715e-05 | Time:1.157071828842163
2025-03-15 11:22:35,460 - Epoch: 63 Step: 17/79 | Loss: 0.0006110665271990001 | Time:1.2673227787017822
2025-03-15 11:22:36,805 - Epoch: 63 Step: 18/79 | Loss: 0.00018863317382056266 | Time:1.3452887535095215
2025-03-15 11:22:38,073 - Epoch: 63 Step: 19/79 | Loss: 0.003251129062846303 | Time:1.2681329250335693
2025-03-15 11:22:39,502 - Epoch: 63 Step: 20/79 | Loss: 0.0001771849929355085 | Time:1.4231925010681152
2025-03-15 11:22:40,779 - Epoch: 63 Step: 21/79 | Loss: 2.3298833184526302e-05 | Time:1.2827410697937012
2025-03-15 11:22:41,921 - Epoch: 63 Step: 22/79 | Loss: 9.718893124954775e-06 | Time:1.141808271408081
2025-03-15 11:22:43,126 - Epoch: 63 Step: 23/79 | Loss: 0.00011209423973923549 | Time:1.2046356201171875
2025-03-15 11:22:44,516 - Epoch: 63 Step: 24/79 | Loss: 8.734346920391545e-05 | Time:1.3761136531829834
2025-03-15 11:22:45,707 - Epoch: 63 Step: 25/79 | Loss: 8.836143024382181e-06 | Time:1.2050042152404785
2025-03-15 11:22:46,770 - Epoch: 63 Step: 26/79 | Loss: 1.6478445104439743e-05 | Time:1.0629308223724365
2025-03-15 11:22:48,021 - Epoch: 63 Step: 27/79 | Loss: 0.00014125597954262048 | Time:1.251852035522461
2025-03-15 11:22:49,336 - Epoch: 63 Step: 28/79 | Loss: 6.515127461170778e-05 | Time:1.317847490310669
2025-03-15 11:22:50,446 - Epoch: 63 Step: 29/79 | Loss: 0.00018778281810227782 | Time:1.0908803939819336
2025-03-15 11:22:51,511 - Epoch: 63 Step: 30/79 | Loss: 4.8458587116329e-05 | Time:1.0803217887878418
2025-03-15 11:22:52,761 - Epoch: 63 Step: 31/79 | Loss: 4.174713103566319e-05 | Time:1.234867811203003
2025-03-15 11:22:53,949 - Epoch: 63 Step: 32/79 | Loss: 0.00013095646863803267 | Time:1.1883409023284912
2025-03-15 11:22:55,139 - Epoch: 63 Step: 33/79 | Loss: 0.00047875376185402274 | Time:1.2049832344055176
2025-03-15 11:22:56,217 - Epoch: 63 Step: 34/79 | Loss: 0.0014962719287723303 | Time:1.0645661354064941
2025-03-15 11:22:57,563 - Epoch: 63 Step: 35/79 | Loss: 9.73525529843755e-05 | Time:1.3600685596466064
2025-03-15 11:22:58,793 - Epoch: 63 Step: 36/79 | Loss: 2.6114745196537115e-05 | Time:1.2211799621582031
2025-03-15 11:22:59,974 - Epoch: 63 Step: 37/79 | Loss: 0.00013036328891757876 | Time:1.1875941753387451
2025-03-15 11:23:01,177 - Epoch: 63 Step: 38/79 | Loss: 1.5339921446866356e-05 | Time:1.2051820755004883
2025-03-15 11:23:02,257 - Epoch: 63 Step: 39/79 | Loss: 1.0791990462166723e-05 | Time:1.080068826675415
2025-03-15 11:23:03,394 - Epoch: 63 Step: 40/79 | Loss: 1.554446862428449e-05 | Time:1.126014232635498
2025-03-15 11:23:04,542 - Epoch: 63 Step: 41/79 | Loss: 3.6985216866014525e-05 | Time:1.158534288406372
2025-03-15 11:23:05,765 - Epoch: 63 Step: 42/79 | Loss: 1.703030284261331e-05 | Time:1.2199385166168213
2025-03-15 11:23:06,919 - Epoch: 63 Step: 43/79 | Loss: 1.6353133105440065e-05 | Time:1.156693935394287
2025-03-15 11:23:08,107 - Epoch: 63 Step: 44/79 | Loss: 4.2043524445034564e-05 | Time:1.1883282661437988
2025-03-15 11:23:09,311 - Epoch: 63 Step: 45/79 | Loss: 1.4513186215481255e-05 | Time:1.2038605213165283
2025-03-15 11:23:10,296 - Epoch: 63 Step: 46/79 | Loss: 1.601417716301512e-05 | Time:0.9851641654968262
2025-03-15 11:23:11,844 - Epoch: 63 Step: 47/79 | Loss: 3.1692430638941005e-05 | Time:1.5571918487548828
2025-03-15 11:23:13,078 - Epoch: 63 Step: 48/79 | Loss: 3.1637024221709e-05 | Time:1.225024938583374
2025-03-15 11:23:14,235 - Epoch: 63 Step: 49/79 | Loss: 5.164790491107851e-05 | Time:1.1566920280456543
2025-03-15 11:23:15,376 - Epoch: 63 Step: 50/79 | Loss: 0.00020052037143614143 | Time:1.1414144039154053
2025-03-15 11:23:16,502 - Epoch: 63 Step: 51/79 | Loss: 1.1365318641765043e-05 | Time:1.1258995532989502
2025-03-15 11:23:17,659 - Epoch: 63 Step: 52/79 | Loss: 0.0067931958474218845 | Time:1.157055139541626
2025-03-15 11:23:18,801 - Epoch: 63 Step: 53/79 | Loss: 3.840738372673513e-06 | Time:1.141310691833496
2025-03-15 11:23:20,052 - Epoch: 63 Step: 54/79 | Loss: 3.3098469430115074e-05 | Time:1.251103401184082
2025-03-15 11:23:21,396 - Epoch: 63 Step: 55/79 | Loss: 2.3922004402265884e-05 | Time:1.3291468620300293
2025-03-15 11:23:22,678 - Epoch: 63 Step: 56/79 | Loss: 3.338741589686833e-05 | Time:1.2967376708984375
2025-03-15 11:23:23,812 - Epoch: 63 Step: 57/79 | Loss: 7.05173169990303e-06 | Time:1.1251842975616455
2025-03-15 11:23:24,961 - Epoch: 63 Step: 58/79 | Loss: 0.0004698937991634011 | Time:1.1574630737304688
2025-03-15 11:23:26,274 - Epoch: 63 Step: 59/79 | Loss: 0.004453206900507212 | Time:1.314042091369629
2025-03-15 11:23:27,509 - Epoch: 63 Step: 60/79 | Loss: 3.987106174463406e-05 | Time:1.23521089553833
2025-03-15 11:23:28,931 - Epoch: 63 Step: 61/79 | Loss: 0.0033871319610625505 | Time:1.421661138534546
2025-03-15 11:23:30,432 - Epoch: 63 Step: 62/79 | Loss: 0.00015097075083758682 | Time:1.4846138954162598
2025-03-15 11:23:31,557 - Epoch: 63 Step: 63/79 | Loss: 1.5744075426482596e-05 | Time:1.1414227485656738
2025-03-15 11:23:32,698 - Epoch: 63 Step: 64/79 | Loss: 0.0004100235237274319 | Time:1.1408660411834717
2025-03-15 11:23:33,902 - Epoch: 63 Step: 65/79 | Loss: 1.1324335901008453e-05 | Time:1.204298734664917
2025-03-15 11:23:35,137 - Epoch: 63 Step: 66/79 | Loss: 0.004201170522719622 | Time:1.235142707824707
2025-03-15 11:23:36,420 - Epoch: 63 Step: 67/79 | Loss: 0.00018790648027788848 | Time:1.281822919845581
2025-03-15 11:23:37,670 - Epoch: 63 Step: 68/79 | Loss: 4.709040513262153e-05 | Time:1.2507271766662598
2025-03-15 11:23:39,014 - Epoch: 63 Step: 69/79 | Loss: 0.00014943029964342713 | Time:1.3439488410949707
2025-03-15 11:23:40,191 - Epoch: 63 Step: 70/79 | Loss: 0.0003162644279655069 | Time:1.1770362854003906
2025-03-15 11:23:41,645 - Epoch: 63 Step: 71/79 | Loss: 5.3180367103777826e-05 | Time:1.4382123947143555
2025-03-15 11:23:42,631 - Epoch: 63 Step: 72/79 | Loss: 2.0451739146665204e-06 | Time:1.001514196395874
2025-03-15 11:23:43,787 - Epoch: 63 Step: 73/79 | Loss: 3.884616671712138e-05 | Time:1.1565723419189453
2025-03-15 11:23:45,040 - Epoch: 63 Step: 74/79 | Loss: 5.663898991770111e-05 | Time:1.2531895637512207
2025-03-15 11:23:46,446 - Epoch: 63 Step: 75/79 | Loss: 5.9223908465355635e-05 | Time:1.4152507781982422
2025-03-15 11:23:47,682 - Epoch: 63 Step: 76/79 | Loss: 6.845314055681229e-05 | Time:1.2262117862701416
2025-03-15 11:23:48,855 - Epoch: 63 Step: 77/79 | Loss: 4.142668331041932e-05 | Time:1.1733455657958984
2025-03-15 11:23:50,122 - Epoch: 63 Step: 78/79 | Loss: 5.152598168933764e-05 | Time:1.266974925994873
2025-03-15 11:23:50,278 - Epoch: 63 Step: 79/79 | Loss: 4.0529444959247485e-05 | Time:0.21869516372680664
2025-03-15 11:23:51,171 - Val_Epoch:63.0 Step: 1/32 | Loss: 0.002949540736153722 | Time:0
2025-03-15 11:23:52,219 - Val_Epoch:63.0 Step: 2/32 | Loss: 0.3237742781639099 | Time:0.8766529560089111
2025-03-15 11:23:53,581 - Val_Epoch:63.0 Step: 3/32 | Loss: 0.934133768081665 | Time:1.0482685565948486
2025-03-15 11:23:54,628 - Val_Epoch:63.0 Step: 4/32 | Loss: 0.4627735912799835 | Time:1.3620703220367432
2025-03-15 11:23:55,646 - Val_Epoch:63.0 Step: 5/32 | Loss: 0.010899725370109081 | Time:1.0473873615264893
2025-03-15 11:23:56,603 - Val_Epoch:63.0 Step: 6/32 | Loss: 0.49067389965057373 | Time:1.0171725749969482
2025-03-15 11:23:57,626 - Val_Epoch:63.0 Step: 7/32 | Loss: 0.08216370642185211 | Time:0.9584798812866211
2025-03-15 11:23:59,118 - Val_Epoch:63.0 Step: 8/32 | Loss: 0.011233757250010967 | Time:1.0233442783355713
2025-03-15 11:24:00,195 - Val_Epoch:63.0 Step: 9/32 | Loss: 0.23587486147880554 | Time:1.4907903671264648
2025-03-15 11:24:01,230 - Val_Epoch:63.0 Step: 10/32 | Loss: 0.0004537627683021128 | Time:1.0777580738067627
2025-03-15 11:24:02,498 - Val_Epoch:63.0 Step: 11/32 | Loss: 0.6548322439193726 | Time:1.0341804027557373
2025-03-15 11:24:03,592 - Val_Epoch:63.0 Step: 12/32 | Loss: 0.3634171485900879 | Time:1.26822829246521
2025-03-15 11:24:04,578 - Val_Epoch:63.0 Step: 13/32 | Loss: 0.5367341041564941 | Time:1.093132734298706
2025-03-15 11:24:05,625 - Val_Epoch:63.0 Step: 14/32 | Loss: 0.2525275945663452 | Time:0.9866747856140137
2025-03-15 11:24:06,612 - Val_Epoch:63.0 Step: 15/32 | Loss: 0.035060107707977295 | Time:1.0464582443237305
2025-03-15 11:24:07,840 - Val_Epoch:63.0 Step: 16/32 | Loss: 0.2988581955432892 | Time:0.9869334697723389
2025-03-15 11:24:08,958 - Val_Epoch:63.0 Step: 17/32 | Loss: 0.002410155488178134 | Time:1.2292566299438477
2025-03-15 11:24:10,132 - Val_Epoch:63.0 Step: 18/32 | Loss: 0.24000535905361176 | Time:1.1173391342163086
2025-03-15 11:24:11,242 - Val_Epoch:63.0 Step: 19/32 | Loss: 0.3229464590549469 | Time:1.173999547958374
2025-03-15 11:24:12,135 - Val_Epoch:63.0 Step: 20/32 | Loss: 0.35972899198532104 | Time:1.1098389625549316
2025-03-15 11:24:13,229 - Val_Epoch:63.0 Step: 21/32 | Loss: 0.04136737436056137 | Time:0.8931417465209961
2025-03-15 11:24:14,216 - Val_Epoch:63.0 Step: 22/32 | Loss: 0.6832756996154785 | Time:1.1093788146972656
2025-03-15 11:24:15,122 - Val_Epoch:63.0 Step: 23/32 | Loss: 0.17000934481620789 | Time:0.9711651802062988
2025-03-15 11:24:16,248 - Val_Epoch:63.0 Step: 24/32 | Loss: 0.5298725366592407 | Time:0.9057755470275879
2025-03-15 11:24:17,311 - Val_Epoch:63.0 Step: 25/32 | Loss: 0.003783431136980653 | Time:1.1263246536254883
2025-03-15 11:24:18,519 - Val_Epoch:63.0 Step: 26/32 | Loss: 0.1016860082745552 | Time:1.0632059574127197
2025-03-15 11:24:19,721 - Val_Epoch:63.0 Step: 27/32 | Loss: 0.327814519405365 | Time:1.207813024520874
2025-03-15 11:24:20,768 - Val_Epoch:63.0 Step: 28/32 | Loss: 0.3784351944923401 | Time:1.2021644115447998
2025-03-15 11:24:21,613 - Val_Epoch:63.0 Step: 29/32 | Loss: 0.26344600319862366 | Time:1.0473337173461914
2025-03-15 11:24:22,567 - Val_Epoch:63.0 Step: 30/32 | Loss: 0.003588107880204916 | Time:0.8451051712036133
2025-03-15 11:24:23,694 - Val_Epoch:63.0 Step: 31/32 | Loss: 0.5339435935020447 | Time:0.9531295299530029
2025-03-15 11:24:23,881 - Val_Epoch:63.0 Step: 32/32 | Loss: 0.6708511710166931 | Time:1.1269199848175049
2025-03-15 11:24:23,881 - Validation - Accuracy: 0.94994994994995, Precision: 0.9225352112676056, Recall: 0.903448275862069, F1-Score: 0.9128919860627177
2025-03-15 11:24:23,897 - Saved model as model_epoch_63_acc_0.9499.pt
2025-03-15 11:24:23,897 - 
*** EPOCH: 64 ***

2025-03-15 11:24:25,087 - Epoch: 64 Step: 1/79 | Loss: 1.3428598322207108e-05 | Time:1.081998586654663
2025-03-15 11:24:26,526 - Epoch: 64 Step: 2/79 | Loss: 0.0001488053530920297 | Time:1.4689016342163086
2025-03-15 11:24:27,885 - Epoch: 64 Step: 3/79 | Loss: 0.00011675359564833343 | Time:1.3746776580810547
2025-03-15 11:24:29,210 - Epoch: 64 Step: 4/79 | Loss: 1.167456321127247e-05 | Time:1.3140788078308105
2025-03-15 11:24:30,388 - Epoch: 64 Step: 5/79 | Loss: 3.290833410574123e-05 | Time:1.189380168914795
2025-03-15 11:24:31,592 - Epoch: 64 Step: 6/79 | Loss: 1.79531671165023e-05 | Time:1.2041375637054443
2025-03-15 11:24:32,720 - Epoch: 64 Step: 7/79 | Loss: 7.982574607012793e-05 | Time:1.126741886138916
2025-03-15 11:24:33,819 - Epoch: 64 Step: 8/79 | Loss: 1.5030097529233899e-05 | Time:1.0944676399230957
2025-03-15 11:24:34,909 - Epoch: 64 Step: 9/79 | Loss: 0.0004966175765730441 | Time:1.1040410995483398
2025-03-15 11:24:36,254 - Epoch: 64 Step: 10/79 | Loss: 0.0001286790065933019 | Time:1.3213462829589844
2025-03-15 11:24:37,490 - Epoch: 64 Step: 11/79 | Loss: 1.2292108294786885e-05 | Time:1.2515993118286133
2025-03-15 11:24:38,678 - Epoch: 64 Step: 12/79 | Loss: 1.059803253156133e-05 | Time:1.187990665435791
2025-03-15 11:24:39,915 - Epoch: 64 Step: 13/79 | Loss: 1.2110483112337533e-05 | Time:1.2208378314971924
2025-03-15 11:24:41,073 - Epoch: 64 Step: 14/79 | Loss: 0.00038172403583303094 | Time:1.1581141948699951
2025-03-15 11:24:42,451 - Epoch: 64 Step: 15/79 | Loss: 3.904342884197831e-05 | Time:1.3931589126586914
2025-03-15 11:24:43,452 - Epoch: 64 Step: 16/79 | Loss: 2.3960319595062174e-05 | Time:0.985382080078125
2025-03-15 11:24:44,671 - Epoch: 64 Step: 17/79 | Loss: 0.0011881713289767504 | Time:1.2355542182922363
2025-03-15 11:24:45,766 - Epoch: 64 Step: 18/79 | Loss: 1.615100154594984e-05 | Time:1.0949466228485107
2025-03-15 11:24:46,970 - Epoch: 64 Step: 19/79 | Loss: 1.886688551167026e-05 | Time:1.203014850616455
2025-03-15 11:24:48,410 - Epoch: 64 Step: 20/79 | Loss: 0.005615709349513054 | Time:1.4245390892028809
2025-03-15 11:24:49,709 - Epoch: 64 Step: 21/79 | Loss: 4.980633093509823e-06 | Time:1.321354627609253
2025-03-15 11:24:51,023 - Epoch: 64 Step: 22/79 | Loss: 0.0005821078666485846 | Time:1.3073363304138184
2025-03-15 11:24:52,274 - Epoch: 64 Step: 23/79 | Loss: 6.090647366363555e-05 | Time:1.2510907649993896
2025-03-15 11:24:53,448 - Epoch: 64 Step: 24/79 | Loss: 0.0003416664549149573 | Time:1.1738677024841309
2025-03-15 11:24:54,574 - Epoch: 64 Step: 25/79 | Loss: 6.017322084517218e-05 | Time:1.1267824172973633
2025-03-15 11:24:55,686 - Epoch: 64 Step: 26/79 | Loss: 4.8727524699643254e-05 | Time:1.1113345623016357
2025-03-15 11:24:57,077 - Epoch: 64 Step: 27/79 | Loss: 7.316422852454707e-05 | Time:1.3917055130004883
2025-03-15 11:24:58,408 - Epoch: 64 Step: 28/79 | Loss: 3.397539330762811e-05 | Time:1.3304190635681152
2025-03-15 11:24:59,658 - Epoch: 64 Step: 29/79 | Loss: 3.4397104172967374e-05 | Time:1.2496657371520996
2025-03-15 11:25:00,926 - Epoch: 64 Step: 30/79 | Loss: 0.0004447154060471803 | Time:1.2697665691375732
2025-03-15 11:25:02,271 - Epoch: 64 Step: 31/79 | Loss: 0.0015260023064911366 | Time:1.35213041305542
2025-03-15 11:25:03,441 - Epoch: 64 Step: 32/79 | Loss: 0.00018949001969303936 | Time:1.1505041122436523
2025-03-15 11:25:04,649 - Epoch: 64 Step: 33/79 | Loss: 0.005104087758809328 | Time:1.2033517360687256
2025-03-15 11:25:05,712 - Epoch: 64 Step: 34/79 | Loss: 2.2883539713802747e-05 | Time:1.0791220664978027
2025-03-15 11:25:06,918 - Epoch: 64 Step: 35/79 | Loss: 1.564444028190337e-05 | Time:1.2053825855255127
2025-03-15 11:25:07,982 - Epoch: 64 Step: 36/79 | Loss: 5.863314981979784e-06 | Time:1.0482208728790283
2025-03-15 11:25:09,311 - Epoch: 64 Step: 37/79 | Loss: 2.586735899967607e-05 | Time:1.3454453945159912
2025-03-15 11:25:10,437 - Epoch: 64 Step: 38/79 | Loss: 1.7626656699576415e-05 | Time:1.1251471042633057
2025-03-15 11:25:11,470 - Epoch: 64 Step: 39/79 | Loss: 3.0315477488329634e-05 | Time:1.0330226421356201
2025-03-15 11:25:12,737 - Epoch: 64 Step: 40/79 | Loss: 0.00015663001977372915 | Time:1.2672526836395264
2025-03-15 11:25:14,159 - Epoch: 64 Step: 41/79 | Loss: 1.528415668872185e-05 | Time:1.4076979160308838
2025-03-15 11:25:15,413 - Epoch: 64 Step: 42/79 | Loss: 0.00011020737292710692 | Time:1.2680439949035645
2025-03-15 11:25:16,600 - Epoch: 64 Step: 43/79 | Loss: 6.551339174620807e-05 | Time:1.1876397132873535
2025-03-15 11:25:17,821 - Epoch: 64 Step: 44/79 | Loss: 1.5369516404462047e-05 | Time:1.220996618270874
2025-03-15 11:25:19,151 - Epoch: 64 Step: 45/79 | Loss: 0.00016028585378080606 | Time:1.3297991752624512
2025-03-15 11:25:20,237 - Epoch: 64 Step: 46/79 | Loss: 0.012496685609221458 | Time:1.0796959400177002
2025-03-15 11:25:21,389 - Epoch: 64 Step: 47/79 | Loss: 1.6005766156013124e-05 | Time:1.158097743988037
2025-03-15 11:25:22,468 - Epoch: 64 Step: 48/79 | Loss: 1.0598056178423576e-05 | Time:1.078718662261963
2025-03-15 11:25:23,485 - Epoch: 64 Step: 49/79 | Loss: 0.00019660094403661788 | Time:1.0174496173858643
2025-03-15 11:25:24,720 - Epoch: 64 Step: 50/79 | Loss: 8.620071639597882e-06 | Time:1.2351810932159424
2025-03-15 11:25:25,859 - Epoch: 64 Step: 51/79 | Loss: 0.00015582774358335882 | Time:1.1261584758758545
2025-03-15 11:25:27,208 - Epoch: 64 Step: 52/79 | Loss: 0.00014767680841032416 | Time:1.3458218574523926
2025-03-15 11:25:28,662 - Epoch: 64 Step: 53/79 | Loss: 0.00013925028906669468 | Time:1.4701738357543945
2025-03-15 11:25:30,117 - Epoch: 64 Step: 54/79 | Loss: 6.523008778458461e-05 | Time:1.4646742343902588
2025-03-15 11:25:31,182 - Epoch: 64 Step: 55/79 | Loss: 6.902741915837396e-06 | Time:1.055419683456421
2025-03-15 11:25:32,199 - Epoch: 64 Step: 56/79 | Loss: 2.834922497640946e-06 | Time:1.0161254405975342
2025-03-15 11:25:33,607 - Epoch: 64 Step: 57/79 | Loss: 6.4662097429391e-05 | Time:1.4096758365631104
2025-03-15 11:25:34,702 - Epoch: 64 Step: 58/79 | Loss: 0.003978956025093794 | Time:1.0940744876861572
2025-03-15 11:25:35,907 - Epoch: 64 Step: 59/79 | Loss: 0.04217415302991867 | Time:1.2041079998016357
2025-03-15 11:25:37,330 - Epoch: 64 Step: 60/79 | Loss: 0.004870002157986164 | Time:1.4236359596252441
2025-03-15 11:25:38,442 - Epoch: 64 Step: 61/79 | Loss: 5.62511650059605e-06 | Time:1.1110270023345947
2025-03-15 11:25:39,544 - Epoch: 64 Step: 62/79 | Loss: 0.0001421248452970758 | Time:1.0958199501037598
2025-03-15 11:25:40,771 - Epoch: 64 Step: 63/79 | Loss: 0.0011711512925103307 | Time:1.234065294265747
2025-03-15 11:25:42,101 - Epoch: 64 Step: 64/79 | Loss: 0.00017801114881876856 | Time:1.3312180042266846
2025-03-15 11:25:43,479 - Epoch: 64 Step: 65/79 | Loss: 0.0003743777342606336 | Time:1.3771264553070068
2025-03-15 11:25:44,573 - Epoch: 64 Step: 66/79 | Loss: 5.826188498758711e-06 | Time:1.09342360496521
2025-03-15 11:25:45,826 - Epoch: 64 Step: 67/79 | Loss: 0.0028739802073687315 | Time:1.2579779624938965
2025-03-15 11:25:47,044 - Epoch: 64 Step: 68/79 | Loss: 9.707870958663989e-06 | Time:1.2135376930236816
2025-03-15 11:25:48,657 - Epoch: 64 Step: 69/79 | Loss: 4.4926637201569974e-06 | Time:1.6130280494689941
2025-03-15 11:25:49,908 - Epoch: 64 Step: 70/79 | Loss: 7.711133548582438e-06 | Time:1.249878168106079
2025-03-15 11:25:51,128 - Epoch: 64 Step: 71/79 | Loss: 1.4051323887542821e-05 | Time:1.2207624912261963
2025-03-15 11:25:52,349 - Epoch: 64 Step: 72/79 | Loss: 9.632084402255714e-05 | Time:1.2053041458129883
2025-03-15 11:25:53,573 - Epoch: 64 Step: 73/79 | Loss: 4.153701229370199e-05 | Time:1.239471673965454
2025-03-15 11:25:54,740 - Epoch: 64 Step: 74/79 | Loss: 2.303482688148506e-05 | Time:1.1677401065826416
2025-03-15 11:25:55,836 - Epoch: 64 Step: 75/79 | Loss: 1.1283478670520708e-05 | Time:1.095097541809082
2025-03-15 11:25:57,118 - Epoch: 64 Step: 76/79 | Loss: 0.00013138080248609185 | Time:1.2827296257019043
2025-03-15 11:25:58,370 - Epoch: 64 Step: 77/79 | Loss: 0.00021288447896949947 | Time:1.2519516944885254
2025-03-15 11:25:59,559 - Epoch: 64 Step: 78/79 | Loss: 1.1018944860552438e-05 | Time:1.1885745525360107
2025-03-15 11:25:59,746 - Epoch: 64 Step: 79/79 | Loss: 9.89418458630098e-06 | Time:0.2344074249267578
2025-03-15 11:26:00,623 - Val_Epoch:64.0 Step: 1/32 | Loss: 0.002015134086832404 | Time:0
2025-03-15 11:26:01,654 - Val_Epoch:64.0 Step: 2/32 | Loss: 0.31866931915283203 | Time:0.8763387203216553
2025-03-15 11:26:03,015 - Val_Epoch:64.0 Step: 3/32 | Loss: 0.9692606925964355 | Time:1.0311088562011719
2025-03-15 11:26:04,079 - Val_Epoch:64.0 Step: 4/32 | Loss: 0.4582318663597107 | Time:1.3616316318511963
2025-03-15 11:26:05,105 - Val_Epoch:64.0 Step: 5/32 | Loss: 0.0072098770178854465 | Time:1.0640647411346436
2025-03-15 11:26:06,036 - Val_Epoch:64.0 Step: 6/32 | Loss: 0.5150854587554932 | Time:1.025866985321045
2025-03-15 11:26:07,083 - Val_Epoch:64.0 Step: 7/32 | Loss: 0.09250848740339279 | Time:0.9463033676147461
2025-03-15 11:26:08,585 - Val_Epoch:64.0 Step: 8/32 | Loss: 0.017248183488845825 | Time:1.0314733982086182
2025-03-15 11:26:09,665 - Val_Epoch:64.0 Step: 9/32 | Loss: 0.20921127498149872 | Time:1.5017764568328857
2025-03-15 11:26:10,714 - Val_Epoch:64.0 Step: 10/32 | Loss: 0.0007436183514073491 | Time:1.079986572265625
2025-03-15 11:26:12,001 - Val_Epoch:64.0 Step: 11/32 | Loss: 0.6660392880439758 | Time:1.049239158630371
2025-03-15 11:26:13,091 - Val_Epoch:64.0 Step: 12/32 | Loss: 0.3496050536632538 | Time:1.2872536182403564
2025-03-15 11:26:14,093 - Val_Epoch:64.0 Step: 13/32 | Loss: 0.551832914352417 | Time:1.1048295497894287
2025-03-15 11:26:15,125 - Val_Epoch:64.0 Step: 14/32 | Loss: 0.2389523833990097 | Time:0.9864697456359863
2025-03-15 11:26:16,126 - Val_Epoch:64.0 Step: 15/32 | Loss: 0.03238245099782944 | Time:1.0322725772857666
2025-03-15 11:26:17,340 - Val_Epoch:64.0 Step: 16/32 | Loss: 0.3103313148021698 | Time:1.0007290840148926
2025-03-15 11:26:18,488 - Val_Epoch:64.0 Step: 17/32 | Loss: 0.0022718035615980625 | Time:1.2140471935272217
2025-03-15 11:26:19,646 - Val_Epoch:64.0 Step: 18/32 | Loss: 0.251228004693985 | Time:1.1486144065856934
2025-03-15 11:26:20,772 - Val_Epoch:64.0 Step: 19/32 | Loss: 0.3306560218334198 | Time:1.1575634479522705
2025-03-15 11:26:21,679 - Val_Epoch:64.0 Step: 20/32 | Loss: 0.37263500690460205 | Time:1.126314401626587
2025-03-15 11:26:22,774 - Val_Epoch:64.0 Step: 21/32 | Loss: 0.0510198213160038 | Time:0.9067833423614502
2025-03-15 11:26:23,744 - Val_Epoch:64.0 Step: 22/32 | Loss: 0.7116034030914307 | Time:1.0953986644744873
2025-03-15 11:26:24,668 - Val_Epoch:64.0 Step: 23/32 | Loss: 0.2027483731508255 | Time:0.9695062637329102
2025-03-15 11:26:25,777 - Val_Epoch:64.0 Step: 24/32 | Loss: 0.5342921614646912 | Time:0.9237713813781738
2025-03-15 11:26:26,826 - Val_Epoch:64.0 Step: 25/32 | Loss: 0.0022690240293741226 | Time:1.109706163406372
2025-03-15 11:26:28,031 - Val_Epoch:64.0 Step: 26/32 | Loss: 0.11310408264398575 | Time:1.0485248565673828
2025-03-15 11:26:29,235 - Val_Epoch:64.0 Step: 27/32 | Loss: 0.33879637718200684 | Time:1.204843521118164
2025-03-15 11:26:30,300 - Val_Epoch:64.0 Step: 28/32 | Loss: 0.37862345576286316 | Time:1.2043323516845703
2025-03-15 11:26:31,174 - Val_Epoch:64.0 Step: 29/32 | Loss: 0.24392655491828918 | Time:1.064673662185669
2025-03-15 11:26:32,129 - Val_Epoch:64.0 Step: 30/32 | Loss: 0.0025439623277634382 | Time:0.8757278919219971
2025-03-15 11:26:33,256 - Val_Epoch:64.0 Step: 31/32 | Loss: 0.5191529393196106 | Time:0.953972339630127
2025-03-15 11:26:33,460 - Val_Epoch:64.0 Step: 32/32 | Loss: 0.6454757452011108 | Time:1.1269352436065674
2025-03-15 11:26:33,460 - Validation - Accuracy: 0.948948948948949, Precision: 0.9283154121863799, Recall: 0.8931034482758621, F1-Score: 0.9103690685413005
2025-03-15 11:26:33,460 - Saved model as model_epoch_64_acc_0.9489.pt
2025-03-15 11:26:33,460 - 
*** EPOCH: 65 ***

2025-03-15 11:26:34,586 - Epoch: 65 Step: 1/79 | Loss: 1.0430287147755735e-05 | Time:1.0173635482788086
2025-03-15 11:26:35,634 - Epoch: 65 Step: 2/79 | Loss: 0.00015024949971120805 | Time:1.0944287776947021
2025-03-15 11:26:36,963 - Epoch: 65 Step: 3/79 | Loss: 0.00015734063345007598 | Time:1.313061237335205
2025-03-15 11:26:38,074 - Epoch: 65 Step: 4/79 | Loss: 6.11313407716807e-06 | Time:1.1272993087768555
2025-03-15 11:26:39,514 - Epoch: 65 Step: 5/79 | Loss: 0.00010016052692662925 | Time:1.439410924911499
2025-03-15 11:26:40,531 - Epoch: 65 Step: 6/79 | Loss: 2.7778229195973836e-05 | Time:1.0172362327575684
2025-03-15 11:26:41,865 - Epoch: 65 Step: 7/79 | Loss: 7.307613850571215e-05 | Time:1.3301610946655273
2025-03-15 11:26:43,128 - Epoch: 65 Step: 8/79 | Loss: 7.503337110392749e-05 | Time:1.267190933227539
2025-03-15 11:26:44,317 - Epoch: 65 Step: 9/79 | Loss: 2.3851223886595108e-05 | Time:1.1883985996246338
2025-03-15 11:26:45,506 - Epoch: 65 Step: 10/79 | Loss: 1.078777768270811e-05 | Time:1.1982288360595703
2025-03-15 11:26:46,787 - Epoch: 65 Step: 11/79 | Loss: 0.009863847866654396 | Time:1.256535530090332
2025-03-15 11:26:48,086 - Epoch: 65 Step: 12/79 | Loss: 2.044700704573188e-05 | Time:1.3146541118621826
2025-03-15 11:26:49,136 - Epoch: 65 Step: 13/79 | Loss: 8.515729859936982e-06 | Time:1.049391269683838
2025-03-15 11:26:50,589 - Epoch: 65 Step: 14/79 | Loss: 3.769373142858967e-05 | Time:1.4595890045166016
2025-03-15 11:26:51,903 - Epoch: 65 Step: 15/79 | Loss: 0.004920692183077335 | Time:1.3076529502868652
2025-03-15 11:26:53,389 - Epoch: 65 Step: 16/79 | Loss: 3.1329633202403784e-05 | Time:1.486546277999878
2025-03-15 11:26:54,437 - Epoch: 65 Step: 17/79 | Loss: 1.0057690815301612e-05 | Time:1.0475187301635742
2025-03-15 11:26:55,610 - Epoch: 65 Step: 18/79 | Loss: 1.230334510182729e-05 | Time:1.157033920288086
2025-03-15 11:26:56,969 - Epoch: 65 Step: 19/79 | Loss: 6.500474228232633e-06 | Time:1.3748281002044678
2025-03-15 11:26:57,907 - Epoch: 65 Step: 20/79 | Loss: 3.952976840082556e-05 | Time:0.938046932220459
2025-03-15 11:26:59,220 - Epoch: 65 Step: 21/79 | Loss: 0.00012286553101148456 | Time:1.3133690357208252
2025-03-15 11:27:00,627 - Epoch: 65 Step: 22/79 | Loss: 4.645820445148274e-05 | Time:1.4070699214935303
2025-03-15 11:27:01,722 - Epoch: 65 Step: 23/79 | Loss: 1.695269747870043e-05 | Time:1.0944933891296387
2025-03-15 11:27:02,816 - Epoch: 65 Step: 24/79 | Loss: 1.2956125829077791e-05 | Time:1.078385353088379
2025-03-15 11:27:03,958 - Epoch: 65 Step: 25/79 | Loss: 0.0001854374131653458 | Time:1.156933307647705
2025-03-15 11:27:05,005 - Epoch: 65 Step: 26/79 | Loss: 1.549941771372687e-05 | Time:1.0476796627044678
2025-03-15 11:27:06,224 - Epoch: 65 Step: 27/79 | Loss: 3.941066097468138e-05 | Time:1.2190978527069092
2025-03-15 11:27:07,303 - Epoch: 65 Step: 28/79 | Loss: 1.8257393094245344e-05 | Time:1.0788788795471191
2025-03-15 11:27:08,413 - Epoch: 65 Step: 29/79 | Loss: 1.556266397528816e-05 | Time:1.1102540493011475
2025-03-15 11:27:09,695 - Epoch: 65 Step: 30/79 | Loss: 2.7876758394995704e-05 | Time:1.2825279235839844
2025-03-15 11:27:10,884 - Epoch: 65 Step: 31/79 | Loss: 4.572260149870999e-05 | Time:1.188295841217041
2025-03-15 11:27:12,244 - Epoch: 65 Step: 32/79 | Loss: 0.00018917379202321172 | Time:1.3601031303405762
2025-03-15 11:27:13,573 - Epoch: 65 Step: 33/79 | Loss: 2.1714986360166222e-05 | Time:1.3287882804870605
2025-03-15 11:27:14,698 - Epoch: 65 Step: 34/79 | Loss: 4.4539094233186916e-05 | Time:1.109675407409668
2025-03-15 11:27:15,760 - Epoch: 65 Step: 35/79 | Loss: 0.000160023380885832 | Time:1.0779192447662354
2025-03-15 11:27:17,171 - Epoch: 65 Step: 36/79 | Loss: 1.6225845683948137e-05 | Time:1.3946995735168457
2025-03-15 11:27:18,516 - Epoch: 65 Step: 37/79 | Loss: 0.0026592283975332975 | Time:1.3606529235839844
2025-03-15 11:27:19,580 - Epoch: 65 Step: 38/79 | Loss: 8.403952051594388e-06 | Time:1.0487096309661865
2025-03-15 11:27:20,832 - Epoch: 65 Step: 39/79 | Loss: 4.306366463424638e-06 | Time:1.2672526836395264
2025-03-15 11:27:22,145 - Epoch: 65 Step: 40/79 | Loss: 0.005421643145382404 | Time:1.3134636878967285
2025-03-15 11:27:23,303 - Epoch: 65 Step: 41/79 | Loss: 0.002218586392700672 | Time:1.1576716899871826
2025-03-15 11:27:24,366 - Epoch: 65 Step: 42/79 | Loss: 0.00014027724682819098 | Time:1.063004732131958
2025-03-15 11:27:25,712 - Epoch: 65 Step: 43/79 | Loss: 9.828170004766434e-05 | Time:1.34584379196167
2025-03-15 11:27:26,962 - Epoch: 65 Step: 44/79 | Loss: 0.00016103501548059285 | Time:1.2502267360687256
2025-03-15 11:27:28,026 - Epoch: 65 Step: 45/79 | Loss: 1.0802247743413318e-05 | Time:1.0651748180389404
2025-03-15 11:27:29,372 - Epoch: 65 Step: 46/79 | Loss: 0.011561662890017033 | Time:1.344926118850708
2025-03-15 11:27:30,451 - Epoch: 65 Step: 47/79 | Loss: 4.415120565681718e-05 | Time:1.0789282321929932
2025-03-15 11:27:31,797 - Epoch: 65 Step: 48/79 | Loss: 7.189514235506067e-06 | Time:1.3464601039886475
2025-03-15 11:27:32,782 - Epoch: 65 Step: 49/79 | Loss: 9.424118616152555e-06 | Time:0.9952600002288818
2025-03-15 11:27:33,909 - Epoch: 65 Step: 50/79 | Loss: 0.0001716844126349315 | Time:1.1163692474365234
2025-03-15 11:27:35,253 - Epoch: 65 Step: 51/79 | Loss: 0.00013538991333916783 | Time:1.349313497543335
2025-03-15 11:27:36,489 - Epoch: 65 Step: 52/79 | Loss: 0.00011460514360805973 | Time:1.2310874462127686
2025-03-15 11:27:37,567 - Epoch: 65 Step: 53/79 | Loss: 1.0616728104650974e-05 | Time:1.0779578685760498
2025-03-15 11:27:38,754 - Epoch: 65 Step: 54/79 | Loss: 8.977511242846958e-06 | Time:1.1746771335601807
2025-03-15 11:27:40,087 - Epoch: 65 Step: 55/79 | Loss: 0.00029827479738742113 | Time:1.3449816703796387
2025-03-15 11:27:41,323 - Epoch: 65 Step: 56/79 | Loss: 5.894832429476082e-05 | Time:1.219386339187622
2025-03-15 11:27:42,700 - Epoch: 65 Step: 57/79 | Loss: 8.86618290678598e-05 | Time:1.3782944679260254
2025-03-15 11:27:43,764 - Epoch: 65 Step: 58/79 | Loss: 0.00023291169782169163 | Time:1.0798652172088623
2025-03-15 11:27:45,110 - Epoch: 65 Step: 59/79 | Loss: 0.0005088181351311505 | Time:1.345607042312622
2025-03-15 11:27:46,428 - Epoch: 65 Step: 60/79 | Loss: 0.004448907915502787 | Time:1.3129758834838867
2025-03-15 11:27:47,783 - Epoch: 65 Step: 61/79 | Loss: 0.00029151345370337367 | Time:1.3601045608520508
2025-03-15 11:27:48,816 - Epoch: 65 Step: 62/79 | Loss: 2.436827890051063e-05 | Time:1.0325586795806885
2025-03-15 11:27:50,114 - Epoch: 65 Step: 63/79 | Loss: 0.028864596039056778 | Time:1.2981772422790527
2025-03-15 11:27:51,318 - Epoch: 65 Step: 64/79 | Loss: 0.004467649385333061 | Time:1.204451322555542
2025-03-15 11:27:52,600 - Epoch: 65 Step: 65/79 | Loss: 0.0002973359078168869 | Time:1.2819697856903076
2025-03-15 11:27:53,695 - Epoch: 65 Step: 66/79 | Loss: 8.32200294098584e-06 | Time:1.0945305824279785
2025-03-15 11:27:55,198 - Epoch: 65 Step: 67/79 | Loss: 2.3936572688398883e-05 | Time:1.5027635097503662
2025-03-15 11:27:56,527 - Epoch: 65 Step: 68/79 | Loss: 4.631226693163626e-05 | Time:1.3295881748199463
2025-03-15 11:27:57,903 - Epoch: 65 Step: 69/79 | Loss: 0.00034450081875547767 | Time:1.3753595352172852
2025-03-15 11:27:58,872 - Epoch: 65 Step: 70/79 | Loss: 0.00016214851348195225 | Time:0.9537615776062012
2025-03-15 11:28:00,030 - Epoch: 65 Step: 71/79 | Loss: 0.0001348901860183105 | Time:1.1737501621246338
2025-03-15 11:28:01,438 - Epoch: 65 Step: 72/79 | Loss: 3.863753590849228e-05 | Time:1.4074923992156982
2025-03-15 11:28:02,518 - Epoch: 65 Step: 73/79 | Loss: 0.00029000930953770876 | Time:1.0809125900268555
2025-03-15 11:28:03,785 - Epoch: 65 Step: 74/79 | Loss: 0.0029323736671358347 | Time:1.2710216045379639
2025-03-15 11:28:05,131 - Epoch: 65 Step: 75/79 | Loss: 3.2242078304989263e-05 | Time:1.3413355350494385
2025-03-15 11:28:06,263 - Epoch: 65 Step: 76/79 | Loss: 0.0001604647550266236 | Time:1.1253647804260254
2025-03-15 11:28:07,320 - Epoch: 65 Step: 77/79 | Loss: 5.537161268875934e-05 | Time:1.0638492107391357
2025-03-15 11:28:08,790 - Epoch: 65 Step: 78/79 | Loss: 6.551461410708725e-05 | Time:1.4701745510101318
2025-03-15 11:28:09,073 - Epoch: 65 Step: 79/79 | Loss: 4.705537867266685e-05 | Time:0.329876184463501
2025-03-15 11:28:09,965 - Val_Epoch:65.0 Step: 1/32 | Loss: 0.0034840800799429417 | Time:0
2025-03-15 11:28:10,997 - Val_Epoch:65.0 Step: 2/32 | Loss: 0.3368157148361206 | Time:0.8913688659667969
2025-03-15 11:28:12,357 - Val_Epoch:65.0 Step: 3/32 | Loss: 0.9334441423416138 | Time:1.0322697162628174
2025-03-15 11:28:13,430 - Val_Epoch:65.0 Step: 4/32 | Loss: 0.4693186283111572 | Time:1.3601462841033936
2025-03-15 11:28:14,444 - Val_Epoch:65.0 Step: 5/32 | Loss: 0.01830228790640831 | Time:1.0730865001678467
2025-03-15 11:28:15,392 - Val_Epoch:65.0 Step: 6/32 | Loss: 0.5312985181808472 | Time:1.0138053894042969
2025-03-15 11:28:16,409 - Val_Epoch:65.0 Step: 7/32 | Loss: 0.08102699369192123 | Time:0.9482893943786621
2025-03-15 11:28:17,895 - Val_Epoch:65.0 Step: 8/32 | Loss: 0.011291426606476307 | Time:1.0172264575958252
2025-03-15 11:28:18,975 - Val_Epoch:65.0 Step: 9/32 | Loss: 0.1110599935054779 | Time:1.4857165813446045
2025-03-15 11:28:20,048 - Val_Epoch:65.0 Step: 10/32 | Loss: 0.0005055142100900412 | Time:1.0802936553955078
2025-03-15 11:28:21,307 - Val_Epoch:65.0 Step: 11/32 | Loss: 0.6788464188575745 | Time:1.0730607509613037
2025-03-15 11:28:22,401 - Val_Epoch:65.0 Step: 12/32 | Loss: 0.3882545530796051 | Time:1.258016586303711
2025-03-15 11:28:23,388 - Val_Epoch:65.0 Step: 13/32 | Loss: 0.5883285403251648 | Time:1.0948834419250488
2025-03-15 11:28:24,436 - Val_Epoch:65.0 Step: 14/32 | Loss: 0.29682061076164246 | Time:0.9862651824951172
2025-03-15 11:28:25,452 - Val_Epoch:65.0 Step: 15/32 | Loss: 0.07397764176130295 | Time:1.0482895374298096
2025-03-15 11:28:26,657 - Val_Epoch:65.0 Step: 16/32 | Loss: 0.2974378764629364 | Time:1.0162544250488281
2025-03-15 11:28:27,801 - Val_Epoch:65.0 Step: 17/32 | Loss: 0.0037032635882496834 | Time:1.2206299304962158
2025-03-15 11:28:28,958 - Val_Epoch:65.0 Step: 18/32 | Loss: 0.25485771894454956 | Time:1.1277108192443848
2025-03-15 11:28:30,083 - Val_Epoch:65.0 Step: 19/32 | Loss: 0.3233063220977783 | Time:1.1570911407470703
2025-03-15 11:28:30,992 - Val_Epoch:65.0 Step: 20/32 | Loss: 0.3622424304485321 | Time:1.1256165504455566
2025-03-15 11:28:32,055 - Val_Epoch:65.0 Step: 21/32 | Loss: 0.036835964769124985 | Time:0.90997314453125
2025-03-15 11:28:33,072 - Val_Epoch:65.0 Step: 22/32 | Loss: 0.6907656192779541 | Time:1.061995029449463
2025-03-15 11:28:33,979 - Val_Epoch:65.0 Step: 23/32 | Loss: 0.13845570385456085 | Time:1.016944408416748
2025-03-15 11:28:35,106 - Val_Epoch:65.0 Step: 24/32 | Loss: 0.49844247102737427 | Time:0.9227614402770996
2025-03-15 11:28:36,169 - Val_Epoch:65.0 Step: 25/32 | Loss: 0.003944395110011101 | Time:1.1110200881958008
2025-03-15 11:28:37,374 - Val_Epoch:65.0 Step: 26/32 | Loss: 0.0992923378944397 | Time:1.0629773139953613
2025-03-15 11:28:38,562 - Val_Epoch:65.0 Step: 27/32 | Loss: 0.2651481032371521 | Time:1.2047128677368164
2025-03-15 11:28:39,611 - Val_Epoch:65.0 Step: 28/32 | Loss: 0.37018078565597534 | Time:1.1884419918060303
2025-03-15 11:28:40,486 - Val_Epoch:65.0 Step: 29/32 | Loss: 0.24844807386398315 | Time:1.049384355545044
2025-03-15 11:28:41,441 - Val_Epoch:65.0 Step: 30/32 | Loss: 0.00221213954500854 | Time:0.8759787082672119
2025-03-15 11:28:42,567 - Val_Epoch:65.0 Step: 31/32 | Loss: 0.5718585848808289 | Time:0.9538671970367432
2025-03-15 11:28:42,754 - Val_Epoch:65.0 Step: 32/32 | Loss: 0.7084169983863831 | Time:1.1255650520324707
2025-03-15 11:28:42,754 - Validation - Accuracy: 0.9479479479479479, Precision: 0.9190140845070423, Recall: 0.9, F1-Score: 0.9094076655052264
2025-03-15 11:28:42,754 - Saved model as model_epoch_65_acc_0.9479.pt
2025-03-15 11:28:42,754 - 
*** EPOCH: 66 ***

2025-03-15 11:28:43,834 - Epoch: 66 Step: 1/79 | Loss: 5.22742593602743e-05 | Time:0.9704442024230957
2025-03-15 11:28:45,101 - Epoch: 66 Step: 2/79 | Loss: 1.4174314856063575e-05 | Time:1.317751407623291
2025-03-15 11:28:46,228 - Epoch: 66 Step: 3/79 | Loss: 7.203227141872048e-05 | Time:1.1226410865783691
2025-03-15 11:28:47,527 - Epoch: 66 Step: 4/79 | Loss: 3.82287944376003e-05 | Time:1.2990455627441406
2025-03-15 11:28:48,624 - Epoch: 66 Step: 5/79 | Loss: 6.995746662141755e-05 | Time:1.0948879718780518
2025-03-15 11:28:49,795 - Epoch: 66 Step: 6/79 | Loss: 5.2503455663099885e-05 | Time:1.1732544898986816
2025-03-15 11:28:50,859 - Epoch: 66 Step: 7/79 | Loss: 1.8963730326504447e-05 | Time:1.0581021308898926
2025-03-15 11:28:52,236 - Epoch: 66 Step: 8/79 | Loss: 0.00013323283928912133 | Time:1.3829994201660156
2025-03-15 11:28:53,269 - Epoch: 66 Step: 9/79 | Loss: 3.918963102478301e-06 | Time:1.0319433212280273
2025-03-15 11:28:54,379 - Epoch: 66 Step: 10/79 | Loss: 2.1057499907328747e-05 | Time:1.0957365036010742
2025-03-15 11:28:55,583 - Epoch: 66 Step: 11/79 | Loss: 0.00011264166823821142 | Time:1.219529151916504
2025-03-15 11:28:56,929 - Epoch: 66 Step: 12/79 | Loss: 0.00015353315393440425 | Time:1.3463239669799805
2025-03-15 11:28:58,150 - Epoch: 66 Step: 13/79 | Loss: 8.080008410615847e-05 | Time:1.2201485633850098
2025-03-15 11:28:59,417 - Epoch: 66 Step: 14/79 | Loss: 9.357352246297523e-05 | Time:1.2674474716186523
2025-03-15 11:29:00,715 - Epoch: 66 Step: 15/79 | Loss: 8.232018444687128e-05 | Time:1.2974843978881836
2025-03-15 11:29:01,779 - Epoch: 66 Step: 16/79 | Loss: 9.171470082947053e-06 | Time:1.0483920574188232
2025-03-15 11:29:02,939 - Epoch: 66 Step: 17/79 | Loss: 3.606036898418097e-06 | Time:1.1724379062652588
2025-03-15 11:29:04,093 - Epoch: 66 Step: 18/79 | Loss: 1.1082385753979906e-05 | Time:1.1571087837219238
2025-03-15 11:29:05,443 - Epoch: 66 Step: 19/79 | Loss: 1.4769707377126906e-05 | Time:1.3465843200683594
2025-03-15 11:29:06,533 - Epoch: 66 Step: 20/79 | Loss: 0.0030011653434485197 | Time:1.1075809001922607
2025-03-15 11:29:07,738 - Epoch: 66 Step: 21/79 | Loss: 9.70027940638829e-06 | Time:1.1915931701660156
2025-03-15 11:29:09,021 - Epoch: 66 Step: 22/79 | Loss: 0.0016159435035660863 | Time:1.2678031921386719
2025-03-15 11:29:10,178 - Epoch: 66 Step: 23/79 | Loss: 0.00022017533774487674 | Time:1.1717376708984375
2025-03-15 11:29:11,350 - Epoch: 66 Step: 24/79 | Loss: 4.388024171930738e-05 | Time:1.1733896732330322
2025-03-15 11:29:12,712 - Epoch: 66 Step: 25/79 | Loss: 0.0016648913733661175 | Time:1.3606610298156738
2025-03-15 11:29:14,074 - Epoch: 66 Step: 26/79 | Loss: 0.00011163991439389065 | Time:1.361725091934204
2025-03-15 11:29:15,245 - Epoch: 66 Step: 27/79 | Loss: 0.00011425118282204494 | Time:1.1793980598449707
2025-03-15 11:29:16,747 - Epoch: 66 Step: 28/79 | Loss: 1.9164936020388268e-05 | Time:1.4944541454315186
2025-03-15 11:29:18,032 - Epoch: 66 Step: 29/79 | Loss: 5.051308107795194e-06 | Time:1.2997174263000488
2025-03-15 11:29:19,157 - Epoch: 66 Step: 30/79 | Loss: 1.768545735103544e-05 | Time:1.0943315029144287
2025-03-15 11:29:20,486 - Epoch: 66 Step: 31/79 | Loss: 1.7287093214690685e-05 | Time:1.344984769821167
2025-03-15 11:29:21,613 - Epoch: 66 Step: 32/79 | Loss: 1.402442740072729e-05 | Time:1.1352629661560059
2025-03-15 11:29:22,989 - Epoch: 66 Step: 33/79 | Loss: 0.015291650779545307 | Time:1.3698418140411377
2025-03-15 11:29:24,257 - Epoch: 66 Step: 34/79 | Loss: 6.6234647420060355e-06 | Time:1.2651538848876953
2025-03-15 11:29:25,494 - Epoch: 66 Step: 35/79 | Loss: 1.4855171684757806e-05 | Time:1.2365515232086182
2025-03-15 11:29:26,807 - Epoch: 66 Step: 36/79 | Loss: 0.0002080585400108248 | Time:1.3135697841644287
2025-03-15 11:29:27,895 - Epoch: 66 Step: 37/79 | Loss: 3.6202265619067475e-05 | Time:1.0787246227264404
2025-03-15 11:29:29,215 - Epoch: 66 Step: 38/79 | Loss: 0.00016225723084062338 | Time:1.3314144611358643
2025-03-15 11:29:30,623 - Epoch: 66 Step: 39/79 | Loss: 4.075567630934529e-05 | Time:1.4062631130218506
2025-03-15 11:29:31,811 - Epoch: 66 Step: 40/79 | Loss: 0.005265421234071255 | Time:1.17225980758667
2025-03-15 11:29:33,027 - Epoch: 66 Step: 41/79 | Loss: 0.00020154764933977276 | Time:1.2319915294647217
2025-03-15 11:29:34,122 - Epoch: 66 Step: 42/79 | Loss: 5.33455386175774e-06 | Time:1.0946624279022217
2025-03-15 11:29:35,342 - Epoch: 66 Step: 43/79 | Loss: 0.0001633447245694697 | Time:1.204045057296753
2025-03-15 11:29:36,609 - Epoch: 66 Step: 44/79 | Loss: 1.8867154722101986e-05 | Time:1.2828993797302246
2025-03-15 11:29:37,782 - Epoch: 66 Step: 45/79 | Loss: 2.3086837245500647e-05 | Time:1.1729867458343506
2025-03-15 11:29:38,893 - Epoch: 66 Step: 46/79 | Loss: 0.0003730618627741933 | Time:1.1110138893127441
2025-03-15 11:29:40,145 - Epoch: 66 Step: 47/79 | Loss: 8.744109072722495e-05 | Time:1.2360970973968506
2025-03-15 11:29:41,553 - Epoch: 66 Step: 48/79 | Loss: 0.0003969157696701586 | Time:1.4236812591552734
2025-03-15 11:29:42,773 - Epoch: 66 Step: 49/79 | Loss: 0.00017885937995743006 | Time:1.2203092575073242
2025-03-15 11:29:43,931 - Epoch: 66 Step: 50/79 | Loss: 7.66031735111028e-05 | Time:1.142331838607788
2025-03-15 11:29:45,183 - Epoch: 66 Step: 51/79 | Loss: 2.6807389076566324e-05 | Time:1.2679195404052734
2025-03-15 11:29:46,335 - Epoch: 66 Step: 52/79 | Loss: 9.484162546868902e-06 | Time:1.141956090927124
2025-03-15 11:29:47,640 - Epoch: 66 Step: 53/79 | Loss: 0.00010266332537867129 | Time:1.3144972324371338
2025-03-15 11:29:48,828 - Epoch: 66 Step: 54/79 | Loss: 0.00011596534750424325 | Time:1.188504934310913
2025-03-15 11:29:50,173 - Epoch: 66 Step: 55/79 | Loss: 0.00011801356595242396 | Time:1.3444955348968506
2025-03-15 11:29:51,252 - Epoch: 66 Step: 56/79 | Loss: 0.00010203041892964393 | Time:1.0790677070617676
2025-03-15 11:29:52,331 - Epoch: 66 Step: 57/79 | Loss: 2.645718450366985e-05 | Time:1.0787382125854492
2025-03-15 11:29:53,441 - Epoch: 66 Step: 58/79 | Loss: 4.0903269109549e-06 | Time:1.110661506652832
2025-03-15 11:29:54,888 - Epoch: 66 Step: 59/79 | Loss: 0.24676553905010223 | Time:1.439089059829712
2025-03-15 11:29:56,132 - Epoch: 66 Step: 60/79 | Loss: 0.003870337503030896 | Time:1.255401849746704
2025-03-15 11:29:57,352 - Epoch: 66 Step: 61/79 | Loss: 5.268504537525587e-05 | Time:1.2160911560058594
2025-03-15 11:29:58,588 - Epoch: 66 Step: 62/79 | Loss: 2.6434034225530922e-05 | Time:1.2357714176177979
2025-03-15 11:29:59,980 - Epoch: 66 Step: 63/79 | Loss: 0.00427073473110795 | Time:1.3764750957489014
2025-03-15 11:30:01,107 - Epoch: 66 Step: 64/79 | Loss: 1.5663503290852532e-05 | Time:1.1428945064544678
2025-03-15 11:30:02,296 - Epoch: 66 Step: 65/79 | Loss: 4.742052624351345e-06 | Time:1.189185380935669
2025-03-15 11:30:03,625 - Epoch: 66 Step: 66/79 | Loss: 0.021456852555274963 | Time:1.3291692733764648
2025-03-15 11:30:04,736 - Epoch: 66 Step: 67/79 | Loss: 8.532436186214909e-05 | Time:1.1105921268463135
2025-03-15 11:30:05,816 - Epoch: 66 Step: 68/79 | Loss: 2.4755137928877957e-05 | Time:1.079425573348999
2025-03-15 11:30:07,162 - Epoch: 66 Step: 69/79 | Loss: 3.9350969018414617e-05 | Time:1.3460187911987305
2025-03-15 11:30:08,413 - Epoch: 66 Step: 70/79 | Loss: 5.102926661493257e-05 | Time:1.2519440650939941
2025-03-15 11:30:09,574 - Epoch: 66 Step: 71/79 | Loss: 0.000692012021318078 | Time:1.1604576110839844
2025-03-15 11:30:10,889 - Epoch: 66 Step: 72/79 | Loss: 0.005688802804797888 | Time:1.2992758750915527
2025-03-15 11:30:12,358 - Epoch: 66 Step: 73/79 | Loss: 0.02198762446641922 | Time:1.484976053237915
2025-03-15 11:30:13,610 - Epoch: 66 Step: 74/79 | Loss: 0.0022649867460131645 | Time:1.2522001266479492
2025-03-15 11:30:14,752 - Epoch: 66 Step: 75/79 | Loss: 8.222916221711785e-05 | Time:1.1421575546264648
2025-03-15 11:30:16,050 - Epoch: 66 Step: 76/79 | Loss: 0.02343631535768509 | Time:1.297672986984253
2025-03-15 11:30:17,308 - Epoch: 66 Step: 77/79 | Loss: 0.0021003971341997385 | Time:1.2506310939788818
2025-03-15 11:30:18,445 - Epoch: 66 Step: 78/79 | Loss: 1.0929472409770824e-05 | Time:1.1432442665100098
2025-03-15 11:30:18,648 - Epoch: 66 Step: 79/79 | Loss: 1.3321283404366113e-05 | Time:0.25072383880615234
2025-03-15 11:30:19,539 - Val_Epoch:66.0 Step: 1/32 | Loss: 0.007011514622718096 | Time:0
2025-03-15 11:30:20,587 - Val_Epoch:66.0 Step: 2/32 | Loss: 0.33024299144744873 | Time:0.8907101154327393
2025-03-15 11:30:21,964 - Val_Epoch:66.0 Step: 3/32 | Loss: 0.6962591409683228 | Time:1.0485286712646484
2025-03-15 11:30:23,028 - Val_Epoch:66.0 Step: 4/32 | Loss: 0.4389483630657196 | Time:1.3771781921386719
2025-03-15 11:30:24,050 - Val_Epoch:66.0 Step: 5/32 | Loss: 0.06296959519386292 | Time:1.0636036396026611
2025-03-15 11:30:25,013 - Val_Epoch:66.0 Step: 6/32 | Loss: 0.3630022704601288 | Time:1.0218923091888428
2025-03-15 11:30:26,045 - Val_Epoch:66.0 Step: 7/32 | Loss: 0.07664816826581955 | Time:0.9635708332061768
2025-03-15 11:30:27,546 - Val_Epoch:66.0 Step: 8/32 | Loss: 0.015668760985136032 | Time:1.032031774520874
2025-03-15 11:30:28,627 - Val_Epoch:66.0 Step: 9/32 | Loss: 0.2271762192249298 | Time:1.5008773803710938
2025-03-15 11:30:29,706 - Val_Epoch:66.0 Step: 10/32 | Loss: 0.0010685084853321314 | Time:1.0806732177734375
2025-03-15 11:30:30,979 - Val_Epoch:66.0 Step: 11/32 | Loss: 0.6349368095397949 | Time:1.078888177871704
2025-03-15 11:30:32,053 - Val_Epoch:66.0 Step: 12/32 | Loss: 0.5031022429466248 | Time:1.2739949226379395
2025-03-15 11:30:33,054 - Val_Epoch:66.0 Step: 13/32 | Loss: 0.5140905976295471 | Time:1.072824239730835
2025-03-15 11:30:34,103 - Val_Epoch:66.0 Step: 14/32 | Loss: 0.2871238887310028 | Time:1.0016658306121826
2025-03-15 11:30:35,089 - Val_Epoch:66.0 Step: 15/32 | Loss: 0.10866115987300873 | Time:1.0483934879302979
2025-03-15 11:30:36,324 - Val_Epoch:66.0 Step: 16/32 | Loss: 0.3382793664932251 | Time:0.9862167835235596
2025-03-15 11:30:37,482 - Val_Epoch:66.0 Step: 17/32 | Loss: 0.007405007258057594 | Time:1.2350027561187744
2025-03-15 11:30:38,625 - Val_Epoch:66.0 Step: 18/32 | Loss: 0.19232818484306335 | Time:1.1578681468963623
2025-03-15 11:30:39,778 - Val_Epoch:66.0 Step: 19/32 | Loss: 0.2952285408973694 | Time:1.1436710357666016
2025-03-15 11:30:40,673 - Val_Epoch:66.0 Step: 20/32 | Loss: 0.3300330638885498 | Time:1.1523246765136719
2025-03-15 11:30:41,768 - Val_Epoch:66.0 Step: 21/32 | Loss: 0.04481276124715805 | Time:0.8955521583557129
2025-03-15 11:30:42,755 - Val_Epoch:66.0 Step: 22/32 | Loss: 0.5611302852630615 | Time:1.0947935581207275
2025-03-15 11:30:43,676 - Val_Epoch:66.0 Step: 23/32 | Loss: 0.14903242886066437 | Time:0.9865505695343018
2025-03-15 11:30:44,819 - Val_Epoch:66.0 Step: 24/32 | Loss: 0.4995066523551941 | Time:0.9217369556427002
2025-03-15 11:30:45,885 - Val_Epoch:66.0 Step: 25/32 | Loss: 0.05226297676563263 | Time:1.1426622867584229
2025-03-15 11:30:47,086 - Val_Epoch:66.0 Step: 26/32 | Loss: 0.09962993860244751 | Time:1.0663397312164307
2025-03-15 11:30:48,261 - Val_Epoch:66.0 Step: 27/32 | Loss: 0.254818856716156 | Time:1.2003486156463623
2025-03-15 11:30:49,323 - Val_Epoch:66.0 Step: 28/32 | Loss: 0.34909510612487793 | Time:1.174717664718628
2025-03-15 11:30:50,201 - Val_Epoch:66.0 Step: 29/32 | Loss: 0.3725060224533081 | Time:1.0624001026153564
2025-03-15 11:30:51,170 - Val_Epoch:66.0 Step: 30/32 | Loss: 0.032228317111730576 | Time:0.8785111904144287
2025-03-15 11:30:52,296 - Val_Epoch:66.0 Step: 31/32 | Loss: 0.4787442088127136 | Time:0.968254566192627
2025-03-15 11:30:52,495 - Val_Epoch:66.0 Step: 32/32 | Loss: 0.8628489375114441 | Time:1.1258580684661865
2025-03-15 11:30:52,496 - Validation - Accuracy: 0.93993993993994, Precision: 0.891156462585034, Recall: 0.903448275862069, F1-Score: 0.8972602739726028
2025-03-15 11:30:52,498 - Saved model as model_epoch_66_acc_0.9399.pt
2025-03-15 11:30:52,500 - 
*** EPOCH: 67 ***

2025-03-15 11:30:53,781 - Epoch: 67 Step: 1/79 | Loss: 0.0002931338967755437 | Time:1.1714978218078613
2025-03-15 11:30:55,189 - Epoch: 67 Step: 2/79 | Loss: 2.3587002942804247e-05 | Time:1.4543945789337158
2025-03-15 11:30:56,440 - Epoch: 67 Step: 3/79 | Loss: 8.359372259292286e-06 | Time:1.2528116703033447
2025-03-15 11:30:57,489 - Epoch: 67 Step: 4/79 | Loss: 2.2186139176483266e-05 | Time:1.0473246574401855
2025-03-15 11:30:58,599 - Epoch: 67 Step: 5/79 | Loss: 0.00012486962077673525 | Time:1.0950281620025635
2025-03-15 11:30:59,962 - Epoch: 67 Step: 6/79 | Loss: 0.0001994298363570124 | Time:1.3771817684173584
2025-03-15 11:31:01,524 - Epoch: 67 Step: 7/79 | Loss: 0.0003664253745228052 | Time:1.563401460647583
2025-03-15 11:31:02,496 - Epoch: 67 Step: 8/79 | Loss: 0.00022178496874403208 | Time:0.9710245132446289
2025-03-15 11:31:03,683 - Epoch: 67 Step: 9/79 | Loss: 1.0091616786667146e-05 | Time:1.1879079341888428
2025-03-15 11:31:04,998 - Epoch: 67 Step: 10/79 | Loss: 1.7687118088360876e-05 | Time:1.3152289390563965
2025-03-15 11:31:06,203 - Epoch: 67 Step: 11/79 | Loss: 5.56318809685763e-05 | Time:1.204169750213623
2025-03-15 11:31:07,501 - Epoch: 67 Step: 12/79 | Loss: 0.00014735155855305493 | Time:1.298797369003296
2025-03-15 11:31:08,768 - Epoch: 67 Step: 13/79 | Loss: 0.00012351271288935095 | Time:1.267045021057129
2025-03-15 11:31:10,097 - Epoch: 67 Step: 14/79 | Loss: 1.3249999938125256e-05 | Time:1.3283977508544922
2025-03-15 11:31:11,362 - Epoch: 67 Step: 15/79 | Loss: 0.006161383353173733 | Time:1.2514393329620361
2025-03-15 11:31:12,554 - Epoch: 67 Step: 16/79 | Loss: 0.0012055784463882446 | Time:1.2053735256195068
2025-03-15 11:31:13,821 - Epoch: 67 Step: 17/79 | Loss: 1.1879243174917065e-05 | Time:1.2670245170593262
2025-03-15 11:31:15,119 - Epoch: 67 Step: 18/79 | Loss: 0.004004457965493202 | Time:1.2986018657684326
2025-03-15 11:31:16,371 - Epoch: 67 Step: 19/79 | Loss: 6.74943148624152e-05 | Time:1.2516436576843262
2025-03-15 11:31:17,779 - Epoch: 67 Step: 20/79 | Loss: 4.723567690234631e-05 | Time:1.3927569389343262
2025-03-15 11:31:18,968 - Epoch: 67 Step: 21/79 | Loss: 4.841012560063973e-05 | Time:1.204110860824585
2025-03-15 11:31:20,297 - Epoch: 67 Step: 22/79 | Loss: 0.10215934365987778 | Time:1.3288929462432861
2025-03-15 11:31:21,487 - Epoch: 67 Step: 23/79 | Loss: 5.364349817682523e-06 | Time:1.190290927886963
2025-03-15 11:31:22,927 - Epoch: 67 Step: 24/79 | Loss: 0.000172312356880866 | Time:1.439927339553833
2025-03-15 11:31:24,194 - Epoch: 67 Step: 25/79 | Loss: 3.720925087691285e-05 | Time:1.2672760486602783
2025-03-15 11:31:25,320 - Epoch: 67 Step: 26/79 | Loss: 2.2878808522364125e-05 | Time:1.1262187957763672
2025-03-15 11:31:26,416 - Epoch: 67 Step: 27/79 | Loss: 1.4836827176623046e-05 | Time:1.0949547290802002
2025-03-15 11:31:27,463 - Epoch: 67 Step: 28/79 | Loss: 1.8737551727099344e-05 | Time:1.0473582744598389
2025-03-15 11:31:28,964 - Epoch: 67 Step: 29/79 | Loss: 7.402421033475548e-05 | Time:1.5002717971801758
2025-03-15 11:31:30,089 - Epoch: 67 Step: 30/79 | Loss: 5.09436649736017e-05 | Time:1.1257777214050293
2025-03-15 11:31:31,418 - Epoch: 67 Step: 31/79 | Loss: 0.0002893465862143785 | Time:1.3134379386901855
2025-03-15 11:31:32,528 - Epoch: 67 Step: 32/79 | Loss: 3.9949187339516357e-05 | Time:1.1257808208465576
2025-03-15 11:31:33,669 - Epoch: 67 Step: 33/79 | Loss: 7.28602462913841e-05 | Time:1.140929937362671
2025-03-15 11:31:35,123 - Epoch: 67 Step: 34/79 | Loss: 0.0003240309306420386 | Time:1.4382092952728271
2025-03-15 11:31:36,514 - Epoch: 67 Step: 35/79 | Loss: 0.002248559845611453 | Time:1.406480073928833
2025-03-15 11:31:37,842 - Epoch: 67 Step: 36/79 | Loss: 0.0008494522771798074 | Time:1.3288121223449707
2025-03-15 11:31:39,062 - Epoch: 67 Step: 37/79 | Loss: 0.00016310455976054072 | Time:1.2197551727294922
2025-03-15 11:31:40,203 - Epoch: 67 Step: 38/79 | Loss: 0.00024075921101029962 | Time:1.140977382659912
2025-03-15 11:31:41,407 - Epoch: 67 Step: 39/79 | Loss: 1.599943971086759e-05 | Time:1.1881394386291504
2025-03-15 11:31:42,377 - Epoch: 67 Step: 40/79 | Loss: 1.767865614965558e-05 | Time:0.9852819442749023
2025-03-15 11:31:43,549 - Epoch: 67 Step: 41/79 | Loss: 0.00021225328964646906 | Time:1.1727418899536133
2025-03-15 11:31:44,769 - Epoch: 67 Step: 42/79 | Loss: 0.00019023097411263734 | Time:1.2196545600891113
2025-03-15 11:31:45,817 - Epoch: 67 Step: 43/79 | Loss: 0.025906166061758995 | Time:1.0476562976837158
2025-03-15 11:31:47,131 - Epoch: 67 Step: 44/79 | Loss: 3.936811481253244e-05 | Time:1.3140738010406494
2025-03-15 11:31:48,318 - Epoch: 67 Step: 45/79 | Loss: 0.0006968622328713536 | Time:1.1874682903289795
2025-03-15 11:31:49,429 - Epoch: 67 Step: 46/79 | Loss: 0.005029226187616587 | Time:1.1099390983581543
2025-03-15 11:31:50,445 - Epoch: 67 Step: 47/79 | Loss: 9.264296750188805e-06 | Time:1.000859260559082
2025-03-15 11:31:51,664 - Epoch: 67 Step: 48/79 | Loss: 0.00707600824534893 | Time:1.234729528427124
2025-03-15 11:31:52,929 - Epoch: 67 Step: 49/79 | Loss: 0.00024186898372136056 | Time:1.249812364578247
2025-03-15 11:31:54,149 - Epoch: 67 Step: 50/79 | Loss: 0.00016910172416828573 | Time:1.2351934909820557
2025-03-15 11:31:55,198 - Epoch: 67 Step: 51/79 | Loss: 0.00012815481750294566 | Time:1.031891107559204
2025-03-15 11:31:56,276 - Epoch: 67 Step: 52/79 | Loss: 1.7675571143627167e-05 | Time:1.0949985980987549
2025-03-15 11:31:57,464 - Epoch: 67 Step: 53/79 | Loss: 3.577929237508215e-05 | Time:1.1880221366882324
2025-03-15 11:31:58,606 - Epoch: 67 Step: 54/79 | Loss: 0.004870392847806215 | Time:1.1265733242034912
2025-03-15 11:31:59,825 - Epoch: 67 Step: 55/79 | Loss: 4.294330210541375e-05 | Time:1.2351484298706055
2025-03-15 11:32:00,780 - Epoch: 67 Step: 56/79 | Loss: 1.5783132766955532e-05 | Time:0.9641416072845459
2025-03-15 11:32:02,077 - Epoch: 67 Step: 57/79 | Loss: 0.008699465543031693 | Time:1.287179946899414
2025-03-15 11:32:03,375 - Epoch: 67 Step: 58/79 | Loss: 0.02989611029624939 | Time:1.2981626987457275
2025-03-15 11:32:04,501 - Epoch: 67 Step: 59/79 | Loss: 2.9115773941157386e-05 | Time:1.1257870197296143
2025-03-15 11:32:05,720 - Epoch: 67 Step: 60/79 | Loss: 2.1735237169195898e-05 | Time:1.2190039157867432
2025-03-15 11:32:06,892 - Epoch: 67 Step: 61/79 | Loss: 1.966432319022715e-05 | Time:1.1727452278137207
2025-03-15 11:32:08,127 - Epoch: 67 Step: 62/79 | Loss: 7.152325997594744e-05 | Time:1.2346405982971191
2025-03-15 11:32:09,371 - Epoch: 67 Step: 63/79 | Loss: 8.350221469299868e-05 | Time:1.2444469928741455
2025-03-15 11:32:10,607 - Epoch: 67 Step: 64/79 | Loss: 3.2397449103882536e-05 | Time:1.2354388236999512
2025-03-15 11:32:11,873 - Epoch: 67 Step: 65/79 | Loss: 1.8881210053223185e-05 | Time:1.267660140991211
2025-03-15 11:32:12,906 - Epoch: 67 Step: 66/79 | Loss: 1.66396566783078e-05 | Time:1.0310206413269043
2025-03-15 11:32:14,157 - Epoch: 67 Step: 67/79 | Loss: 0.00014990568161010742 | Time:1.2572870254516602
2025-03-15 11:32:15,377 - Epoch: 67 Step: 68/79 | Loss: 0.00046299805399030447 | Time:1.2142465114593506
2025-03-15 11:32:16,582 - Epoch: 67 Step: 69/79 | Loss: 0.00022185324633028358 | Time:1.2051851749420166
2025-03-15 11:32:17,818 - Epoch: 67 Step: 70/79 | Loss: 0.00029147701570764184 | Time:1.2359652519226074
2025-03-15 11:32:19,024 - Epoch: 67 Step: 71/79 | Loss: 0.0006022572633810341 | Time:1.205430269241333
2025-03-15 11:32:20,290 - Epoch: 67 Step: 72/79 | Loss: 0.00033136113779619336 | Time:1.2664754390716553
2025-03-15 11:32:21,759 - Epoch: 67 Step: 73/79 | Loss: 3.505895074340515e-05 | Time:1.4544448852539062
2025-03-15 11:32:23,013 - Epoch: 67 Step: 74/79 | Loss: 0.0010061932262033224 | Time:1.2680115699768066
2025-03-15 11:32:24,185 - Epoch: 67 Step: 75/79 | Loss: 1.7508796190668363e-06 | Time:1.1724436283111572
2025-03-15 11:32:25,421 - Epoch: 67 Step: 76/79 | Loss: 0.03559691458940506 | Time:1.235506534576416
2025-03-15 11:32:26,532 - Epoch: 67 Step: 77/79 | Loss: 5.409820005297661e-05 | Time:1.1110258102416992
2025-03-15 11:32:27,939 - Epoch: 67 Step: 78/79 | Loss: 4.939668087899918e-06 | Time:1.407649278640747
2025-03-15 11:32:28,205 - Epoch: 67 Step: 79/79 | Loss: 2.6225950477964943e-06 | Time:0.3129420280456543
2025-03-15 11:32:29,097 - Val_Epoch:67.0 Step: 1/32 | Loss: 0.0024464570451527834 | Time:0
2025-03-15 11:32:30,113 - Val_Epoch:67.0 Step: 2/32 | Loss: 0.309908002614975 | Time:0.8917009830474854
2025-03-15 11:32:31,474 - Val_Epoch:67.0 Step: 3/32 | Loss: 0.8653398752212524 | Time:1.0161237716674805
2025-03-15 11:32:32,521 - Val_Epoch:67.0 Step: 4/32 | Loss: 0.4739179015159607 | Time:1.3605856895446777
2025-03-15 11:32:33,553 - Val_Epoch:67.0 Step: 5/32 | Loss: 0.002703974721953273 | Time:1.0475196838378906
2025-03-15 11:32:34,506 - Val_Epoch:67.0 Step: 6/32 | Loss: 0.537230372428894 | Time:1.0320532321929932
2025-03-15 11:32:35,524 - Val_Epoch:67.0 Step: 7/32 | Loss: 0.16070109605789185 | Time:0.9522874355316162
2025-03-15 11:32:36,993 - Val_Epoch:67.0 Step: 8/32 | Loss: 0.07217833399772644 | Time:1.0181560516357422
2025-03-15 11:32:38,089 - Val_Epoch:67.0 Step: 9/32 | Loss: 0.1981518715620041 | Time:1.4697248935699463
2025-03-15 11:32:39,153 - Val_Epoch:67.0 Step: 10/32 | Loss: 0.0010653879726305604 | Time:1.095472812652588
2025-03-15 11:32:40,426 - Val_Epoch:67.0 Step: 11/32 | Loss: 0.6901174187660217 | Time:1.063694715499878
2025-03-15 11:32:41,515 - Val_Epoch:67.0 Step: 12/32 | Loss: 0.3412490487098694 | Time:1.2735538482666016
2025-03-15 11:32:42,500 - Val_Epoch:67.0 Step: 13/32 | Loss: 0.6064121127128601 | Time:1.0883166790008545
2025-03-15 11:32:43,566 - Val_Epoch:67.0 Step: 14/32 | Loss: 0.18827283382415771 | Time:0.9855198860168457
2025-03-15 11:32:44,562 - Val_Epoch:67.0 Step: 15/32 | Loss: 0.06489769369363785 | Time:1.0663938522338867
2025-03-15 11:32:45,783 - Val_Epoch:67.0 Step: 16/32 | Loss: 0.35755419731140137 | Time:0.996065616607666
2025-03-15 11:32:46,925 - Val_Epoch:67.0 Step: 17/32 | Loss: 0.0021617626771330833 | Time:1.220712661743164
2025-03-15 11:32:48,067 - Val_Epoch:67.0 Step: 18/32 | Loss: 0.2964954376220703 | Time:1.1416161060333252
2025-03-15 11:32:49,209 - Val_Epoch:67.0 Step: 19/32 | Loss: 0.3338353931903839 | Time:1.142104148864746
2025-03-15 11:32:50,100 - Val_Epoch:67.0 Step: 20/32 | Loss: 0.3856872320175171 | Time:1.1418561935424805
2025-03-15 11:32:51,180 - Val_Epoch:67.0 Step: 21/32 | Loss: 0.0934894010424614 | Time:0.8912768363952637
2025-03-15 11:32:52,166 - Val_Epoch:67.0 Step: 22/32 | Loss: 0.7880433797836304 | Time:1.0797560214996338
2025-03-15 11:32:53,088 - Val_Epoch:67.0 Step: 23/32 | Loss: 0.3886014521121979 | Time:0.9866337776184082
2025-03-15 11:32:54,183 - Val_Epoch:67.0 Step: 24/32 | Loss: 0.6727321743965149 | Time:0.9219818115234375
2025-03-15 11:32:55,247 - Val_Epoch:67.0 Step: 25/32 | Loss: 0.0051758852787315845 | Time:1.0948491096496582
2025-03-15 11:32:56,452 - Val_Epoch:67.0 Step: 26/32 | Loss: 0.12356549501419067 | Time:1.063450813293457
2025-03-15 11:32:57,640 - Val_Epoch:67.0 Step: 27/32 | Loss: 0.453850656747818 | Time:1.2053396701812744
2025-03-15 11:32:58,704 - Val_Epoch:67.0 Step: 28/32 | Loss: 0.4017707109451294 | Time:1.1881258487701416
2025-03-15 11:32:59,564 - Val_Epoch:67.0 Step: 29/32 | Loss: 0.2654474377632141 | Time:1.0639152526855469
2025-03-15 11:33:00,535 - Val_Epoch:67.0 Step: 30/32 | Loss: 0.0036866215523332357 | Time:0.860109806060791
2025-03-15 11:33:01,661 - Val_Epoch:67.0 Step: 31/32 | Loss: 0.5563614964485168 | Time:0.9704830646514893
2025-03-15 11:33:01,864 - Val_Epoch:67.0 Step: 32/32 | Loss: 0.601703941822052 | Time:1.126173734664917
2025-03-15 11:33:01,864 - Validation - Accuracy: 0.943943943943944, Precision: 0.920863309352518, Recall: 0.8827586206896552, F1-Score: 0.9014084507042254
2025-03-15 11:33:01,864 - Saved model as model_epoch_67_acc_0.9439.pt
2025-03-15 11:33:01,864 - 
*** EPOCH: 68 ***

2025-03-15 11:33:02,881 - Epoch: 68 Step: 1/79 | Loss: 1.9223078197683208e-05 | Time:0.907555341720581
2025-03-15 11:33:04,038 - Epoch: 68 Step: 2/79 | Loss: 7.167345302150352e-06 | Time:1.2043821811676025
2025-03-15 11:33:05,273 - Epoch: 68 Step: 3/79 | Loss: 3.275915514677763e-05 | Time:1.234525203704834
2025-03-15 11:33:06,503 - Epoch: 68 Step: 4/79 | Loss: 0.0023845566902309656 | Time:1.220613956451416
2025-03-15 11:33:07,574 - Epoch: 68 Step: 5/79 | Loss: 0.0001368810044368729 | Time:1.0824196338653564
2025-03-15 11:33:09,044 - Epoch: 68 Step: 6/79 | Loss: 4.508828715188429e-05 | Time:1.4679572582244873
2025-03-15 11:33:10,121 - Epoch: 68 Step: 7/79 | Loss: 1.280235119338613e-05 | Time:1.0626790523529053
2025-03-15 11:33:11,219 - Epoch: 68 Step: 8/79 | Loss: 1.2836723726650234e-05 | Time:1.1126677989959717
2025-03-15 11:33:12,314 - Epoch: 68 Step: 9/79 | Loss: 0.00015876693942118436 | Time:1.094877004623413
2025-03-15 11:33:13,566 - Epoch: 68 Step: 10/79 | Loss: 1.2341187357378658e-05 | Time:1.252049446105957
2025-03-15 11:33:14,755 - Epoch: 68 Step: 11/79 | Loss: 6.714121263939887e-05 | Time:1.202549695968628
2025-03-15 11:33:16,085 - Epoch: 68 Step: 12/79 | Loss: 7.860237019485794e-06 | Time:1.3005058765411377
2025-03-15 11:33:17,102 - Epoch: 68 Step: 13/79 | Loss: 7.453620492015034e-05 | Time:1.0330641269683838
2025-03-15 11:33:18,306 - Epoch: 68 Step: 14/79 | Loss: 8.638758299639449e-05 | Time:1.2018194198608398
2025-03-15 11:33:19,652 - Epoch: 68 Step: 15/79 | Loss: 0.00015042275481391698 | Time:1.3480510711669922
2025-03-15 11:33:20,935 - Epoch: 68 Step: 16/79 | Loss: 0.001170802628621459 | Time:1.2832677364349365
2025-03-15 11:33:22,155 - Epoch: 68 Step: 17/79 | Loss: 1.5860607163631357e-05 | Time:1.2196485996246338
2025-03-15 11:33:23,516 - Epoch: 68 Step: 18/79 | Loss: 0.00650841323658824 | Time:1.361130952835083
2025-03-15 11:33:24,768 - Epoch: 68 Step: 19/79 | Loss: 0.0002777583140414208 | Time:1.2521007061004639
2025-03-15 11:33:25,973 - Epoch: 68 Step: 20/79 | Loss: 0.00020297880109865218 | Time:1.2055530548095703
2025-03-15 11:33:26,961 - Epoch: 68 Step: 21/79 | Loss: 3.0388206141651608e-05 | Time:0.9842715263366699
2025-03-15 11:33:28,054 - Epoch: 68 Step: 22/79 | Loss: 4.32501474278979e-06 | Time:1.0957608222961426
2025-03-15 11:33:29,242 - Epoch: 68 Step: 23/79 | Loss: 0.0001088961580535397 | Time:1.188145399093628
2025-03-15 11:33:30,522 - Epoch: 68 Step: 24/79 | Loss: 1.7210712712767418e-06 | Time:1.2675731182098389
2025-03-15 11:33:31,715 - Epoch: 68 Step: 25/79 | Loss: 3.847502011922188e-05 | Time:1.2051143646240234
2025-03-15 11:33:32,997 - Epoch: 68 Step: 26/79 | Loss: 1.7725971702020615e-05 | Time:1.2824923992156982
2025-03-15 11:33:34,140 - Epoch: 68 Step: 27/79 | Loss: 3.6923658626619726e-05 | Time:1.1515443325042725
2025-03-15 11:33:35,391 - Epoch: 68 Step: 28/79 | Loss: 0.0003058808797504753 | Time:1.242210865020752
2025-03-15 11:33:36,533 - Epoch: 68 Step: 29/79 | Loss: 0.001033544191159308 | Time:1.1261951923370361
2025-03-15 11:33:37,863 - Epoch: 68 Step: 30/79 | Loss: 0.00017856279737316072 | Time:1.345824956893921
2025-03-15 11:33:39,020 - Epoch: 68 Step: 31/79 | Loss: 7.12549954187125e-05 | Time:1.1572701930999756
2025-03-15 11:33:40,303 - Epoch: 68 Step: 32/79 | Loss: 0.0001939716748893261 | Time:1.2807612419128418
2025-03-15 11:33:41,351 - Epoch: 68 Step: 33/79 | Loss: 5.18648412253242e-05 | Time:1.0658442974090576
2025-03-15 11:33:42,744 - Epoch: 68 Step: 34/79 | Loss: 4.1659557609818876e-05 | Time:1.376885175704956
2025-03-15 11:33:43,949 - Epoch: 68 Step: 35/79 | Loss: 9.111365216085687e-06 | Time:1.2049834728240967
2025-03-15 11:33:45,301 - Epoch: 68 Step: 36/79 | Loss: 0.016317522153258324 | Time:1.3445172309875488
2025-03-15 11:33:46,592 - Epoch: 68 Step: 37/79 | Loss: 0.00023603541194461286 | Time:1.2987258434295654
2025-03-15 11:33:47,625 - Epoch: 68 Step: 38/79 | Loss: 2.6561149297776865e-06 | Time:1.0331456661224365
2025-03-15 11:33:49,096 - Epoch: 68 Step: 39/79 | Loss: 5.031092950957827e-05 | Time:1.4709606170654297
2025-03-15 11:33:50,238 - Epoch: 68 Step: 40/79 | Loss: 0.0001347867219010368 | Time:1.142345666885376
2025-03-15 11:33:51,598 - Epoch: 68 Step: 41/79 | Loss: 9.025576582644135e-05 | Time:1.3596527576446533
2025-03-15 11:33:52,772 - Epoch: 68 Step: 42/79 | Loss: 9.245920409739483e-06 | Time:1.1737449169158936
2025-03-15 11:33:53,882 - Epoch: 68 Step: 43/79 | Loss: 0.00022719823755323887 | Time:1.1102304458618164
2025-03-15 11:33:55,353 - Epoch: 68 Step: 44/79 | Loss: 1.6724912711651996e-05 | Time:1.4703888893127441
2025-03-15 11:33:56,462 - Epoch: 68 Step: 45/79 | Loss: 6.299319920799462e-06 | Time:1.1094603538513184
2025-03-15 11:33:57,589 - Epoch: 68 Step: 46/79 | Loss: 2.05675187316956e-05 | Time:1.1118011474609375
2025-03-15 11:33:58,935 - Epoch: 68 Step: 47/79 | Loss: 2.3279560991795734e-05 | Time:1.3615145683288574
2025-03-15 11:34:00,077 - Epoch: 68 Step: 48/79 | Loss: 6.218186172191054e-05 | Time:1.1473276615142822
2025-03-15 11:34:01,252 - Epoch: 68 Step: 49/79 | Loss: 1.1163805538672023e-05 | Time:1.169111728668213
2025-03-15 11:34:02,392 - Epoch: 68 Step: 50/79 | Loss: 0.005396411754190922 | Time:1.140758991241455
2025-03-15 11:34:03,912 - Epoch: 68 Step: 51/79 | Loss: 2.0327530364738777e-05 | Time:1.5037696361541748
2025-03-15 11:34:05,054 - Epoch: 68 Step: 52/79 | Loss: 3.706776988110505e-05 | Time:1.1574819087982178
2025-03-15 11:34:06,383 - Epoch: 68 Step: 53/79 | Loss: 0.00017933030903805047 | Time:1.329366683959961
2025-03-15 11:34:07,489 - Epoch: 68 Step: 54/79 | Loss: 5.5431100918212906e-06 | Time:1.089902400970459
2025-03-15 11:34:08,928 - Epoch: 68 Step: 55/79 | Loss: 0.02874397672712803 | Time:1.4399333000183105
2025-03-15 11:34:10,133 - Epoch: 68 Step: 56/79 | Loss: 6.224834123713663e-06 | Time:1.2202258110046387
2025-03-15 11:34:11,118 - Epoch: 68 Step: 57/79 | Loss: 0.0035187355242669582 | Time:0.9850115776062012
2025-03-15 11:34:12,402 - Epoch: 68 Step: 58/79 | Loss: 0.000536435516551137 | Time:1.2837169170379639
2025-03-15 11:34:13,512 - Epoch: 68 Step: 59/79 | Loss: 2.2612337033933727e-06 | Time:1.1106629371643066
2025-03-15 11:34:14,881 - Epoch: 68 Step: 60/79 | Loss: 4.1582366975490004e-05 | Time:1.361199140548706
2025-03-15 11:34:16,235 - Epoch: 68 Step: 61/79 | Loss: 0.00011335002636769786 | Time:1.3617804050445557
2025-03-15 11:34:17,674 - Epoch: 68 Step: 62/79 | Loss: 0.0006514956476166844 | Time:1.4381771087646484
2025-03-15 11:34:18,785 - Epoch: 68 Step: 63/79 | Loss: 8.902898116502911e-06 | Time:1.111372709274292
2025-03-15 11:34:20,005 - Epoch: 68 Step: 64/79 | Loss: 4.771939347847365e-05 | Time:1.2269172668457031
2025-03-15 11:34:21,053 - Epoch: 68 Step: 65/79 | Loss: 0.00416411692276597 | Time:1.0392930507659912
2025-03-15 11:34:22,211 - Epoch: 68 Step: 66/79 | Loss: 1.5242829249473289e-05 | Time:1.1594500541687012
2025-03-15 11:34:23,728 - Epoch: 68 Step: 67/79 | Loss: 2.8885655410704203e-05 | Time:1.517113208770752
2025-03-15 11:34:25,199 - Epoch: 68 Step: 68/79 | Loss: 9.823195796343498e-06 | Time:1.470897912979126
2025-03-15 11:34:26,325 - Epoch: 68 Step: 69/79 | Loss: 7.53977519707405e-06 | Time:1.1104023456573486
2025-03-15 11:34:27,453 - Epoch: 68 Step: 70/79 | Loss: 1.7183921954710968e-05 | Time:1.1431670188903809
2025-03-15 11:34:28,648 - Epoch: 68 Step: 71/79 | Loss: 3.077100700465962e-05 | Time:1.188673734664917
2025-03-15 11:34:29,704 - Epoch: 68 Step: 72/79 | Loss: 9.059664080268703e-06 | Time:1.0713367462158203
2025-03-15 11:34:30,940 - Epoch: 68 Step: 73/79 | Loss: 7.960725270095281e-06 | Time:1.2272043228149414
2025-03-15 11:34:32,552 - Epoch: 68 Step: 74/79 | Loss: 0.0001106006748159416 | Time:1.6120436191558838
2025-03-15 11:34:33,677 - Epoch: 68 Step: 75/79 | Loss: 5.144564511283534e-06 | Time:1.12579345703125
2025-03-15 11:34:34,851 - Epoch: 68 Step: 76/79 | Loss: 0.003780362196266651 | Time:1.1740076541900635
2025-03-15 11:34:36,210 - Epoch: 68 Step: 77/79 | Loss: 4.1342056647408754e-05 | Time:1.3590137958526611
2025-03-15 11:34:37,493 - Epoch: 68 Step: 78/79 | Loss: 2.625267552502919e-05 | Time:1.2822906970977783
2025-03-15 11:34:37,801 - Epoch: 68 Step: 79/79 | Loss: 1.549718831483915e-06 | Time:0.3569819927215576
2025-03-15 11:34:38,681 - Val_Epoch:68.0 Step: 1/32 | Loss: 0.0036415942013263702 | Time:0
2025-03-15 11:34:39,730 - Val_Epoch:68.0 Step: 2/32 | Loss: 0.3228667080402374 | Time:0.8768253326416016
2025-03-15 11:34:41,107 - Val_Epoch:68.0 Step: 3/32 | Loss: 0.8523803949356079 | Time:1.0487899780273438
2025-03-15 11:34:42,171 - Val_Epoch:68.0 Step: 4/32 | Loss: 0.4861767292022705 | Time:1.3772084712982178
2025-03-15 11:34:43,172 - Val_Epoch:68.0 Step: 5/32 | Loss: 0.003995088394731283 | Time:1.0645325183868408
2025-03-15 11:34:44,141 - Val_Epoch:68.0 Step: 6/32 | Loss: 0.5246113538742065 | Time:1.0163626670837402
2025-03-15 11:34:45,173 - Val_Epoch:68.0 Step: 7/32 | Loss: 0.1462809294462204 | Time:0.9536693096160889
2025-03-15 11:34:46,660 - Val_Epoch:68.0 Step: 8/32 | Loss: 0.04713745042681694 | Time:1.0474810600280762
2025-03-15 11:34:47,755 - Val_Epoch:68.0 Step: 9/32 | Loss: 0.22520087659358978 | Time:1.4714386463165283
2025-03-15 11:34:48,819 - Val_Epoch:68.0 Step: 10/32 | Loss: 0.00047597449156455696 | Time:1.094547986984253
2025-03-15 11:34:50,085 - Val_Epoch:68.0 Step: 11/32 | Loss: 0.6816759705543518 | Time:1.0645298957824707
2025-03-15 11:34:51,181 - Val_Epoch:68.0 Step: 12/32 | Loss: 0.3676385283470154 | Time:1.265146017074585
2025-03-15 11:34:52,181 - Val_Epoch:68.0 Step: 13/32 | Loss: 0.5960153341293335 | Time:1.0961544513702393
2025-03-15 11:34:53,229 - Val_Epoch:68.0 Step: 14/32 | Loss: 0.19806288182735443 | Time:1.000709056854248
2025-03-15 11:34:54,230 - Val_Epoch:68.0 Step: 15/32 | Loss: 0.058727845549583435 | Time:1.0478224754333496
2025-03-15 11:34:55,435 - Val_Epoch:68.0 Step: 16/32 | Loss: 0.3344733417034149 | Time:1.0010550022125244
2025-03-15 11:34:56,577 - Val_Epoch:68.0 Step: 17/32 | Loss: 0.0012701022205874324 | Time:1.2045059204101562
2025-03-15 11:34:57,734 - Val_Epoch:68.0 Step: 18/32 | Loss: 0.2765195369720459 | Time:1.142043113708496
2025-03-15 11:34:58,861 - Val_Epoch:68.0 Step: 19/32 | Loss: 0.3247256278991699 | Time:1.1574063301086426
2025-03-15 11:34:59,783 - Val_Epoch:68.0 Step: 20/32 | Loss: 0.3774580657482147 | Time:1.1262364387512207
2025-03-15 11:35:00,878 - Val_Epoch:68.0 Step: 21/32 | Loss: 0.07539462298154831 | Time:0.9227211475372314
2025-03-15 11:35:01,882 - Val_Epoch:68.0 Step: 22/32 | Loss: 0.7729870080947876 | Time:1.0948872566223145
2025-03-15 11:35:02,803 - Val_Epoch:68.0 Step: 23/32 | Loss: 0.3177318871021271 | Time:1.0034089088439941
2025-03-15 11:35:03,914 - Val_Epoch:68.0 Step: 24/32 | Loss: 0.6603575944900513 | Time:0.9211385250091553
2025-03-15 11:35:04,962 - Val_Epoch:68.0 Step: 25/32 | Loss: 0.00727603305131197 | Time:1.110893726348877
2025-03-15 11:35:06,182 - Val_Epoch:68.0 Step: 26/32 | Loss: 0.11294637620449066 | Time:1.048485517501831
2025-03-15 11:35:07,381 - Val_Epoch:68.0 Step: 27/32 | Loss: 0.45134827494621277 | Time:1.2195799350738525
2025-03-15 11:35:08,420 - Val_Epoch:68.0 Step: 28/32 | Loss: 0.3941444754600525 | Time:1.1995434761047363
2025-03-15 11:35:09,280 - Val_Epoch:68.0 Step: 29/32 | Loss: 0.2966782748699188 | Time:1.039217472076416
2025-03-15 11:35:10,250 - Val_Epoch:68.0 Step: 30/32 | Loss: 0.004796446301043034 | Time:0.8597543239593506
2025-03-15 11:35:11,376 - Val_Epoch:68.0 Step: 31/32 | Loss: 0.5820820927619934 | Time:0.9699702262878418
2025-03-15 11:35:11,581 - Val_Epoch:68.0 Step: 32/32 | Loss: 0.6534650921821594 | Time:1.1261084079742432
2025-03-15 11:35:11,581 - Validation - Accuracy: 0.9469469469469469, Precision: 0.9217081850533808, Recall: 0.8931034482758621, F1-Score: 0.9071803852889667
2025-03-15 11:35:11,581 - Saved model as model_epoch_68_acc_0.9469.pt
2025-03-15 11:35:11,581 - 
*** EPOCH: 69 ***

2025-03-15 11:35:12,754 - Epoch: 69 Step: 1/79 | Loss: 0.00018522187019698322 | Time:1.079179048538208
2025-03-15 11:35:14,301 - Epoch: 69 Step: 2/79 | Loss: 0.00011645318591035903 | Time:1.579162836074829
2025-03-15 11:35:15,709 - Epoch: 69 Step: 3/79 | Loss: 4.866149538429454e-05 | Time:1.4072787761688232
2025-03-15 11:35:16,882 - Epoch: 69 Step: 4/79 | Loss: 1.5697412891313434e-05 | Time:1.1735920906066895
2025-03-15 11:35:17,962 - Epoch: 69 Step: 5/79 | Loss: 1.00764600574621e-05 | Time:1.0794224739074707
2025-03-15 11:35:19,118 - Epoch: 69 Step: 6/79 | Loss: 4.038161932840012e-06 | Time:1.152134656906128
2025-03-15 11:35:20,652 - Epoch: 69 Step: 7/79 | Loss: 1.323170363320969e-05 | Time:1.5350079536437988
2025-03-15 11:35:22,013 - Epoch: 69 Step: 8/79 | Loss: 3.870528416882735e-06 | Time:1.3643279075622559
2025-03-15 11:35:23,217 - Epoch: 69 Step: 9/79 | Loss: 9.841663086262997e-06 | Time:1.2030365467071533
2025-03-15 11:35:24,344 - Epoch: 69 Step: 10/79 | Loss: 1.2706271263596136e-05 | Time:1.132859468460083
2025-03-15 11:35:25,548 - Epoch: 69 Step: 11/79 | Loss: 4.662864375859499e-05 | Time:1.1992177963256836
2025-03-15 11:35:26,847 - Epoch: 69 Step: 12/79 | Loss: 3.613455419326783e-06 | Time:1.3035264015197754
2025-03-15 11:35:28,129 - Epoch: 69 Step: 13/79 | Loss: 0.0003844549646601081 | Time:1.2615773677825928
2025-03-15 11:35:29,293 - Epoch: 69 Step: 14/79 | Loss: 0.00037269937456585467 | Time:1.1729388236999512
2025-03-15 11:35:30,633 - Epoch: 69 Step: 15/79 | Loss: 3.372060018591583e-05 | Time:1.3467426300048828
2025-03-15 11:35:31,744 - Epoch: 69 Step: 16/79 | Loss: 1.4549722436640877e-05 | Time:1.110966444015503
2025-03-15 11:35:33,137 - Epoch: 69 Step: 17/79 | Loss: 0.00013289760681800544 | Time:1.3928828239440918
2025-03-15 11:35:34,416 - Epoch: 69 Step: 18/79 | Loss: 0.00010730539361247793 | Time:1.2685496807098389
2025-03-15 11:35:35,655 - Epoch: 69 Step: 19/79 | Loss: 6.398538971552625e-05 | Time:1.2490630149841309
2025-03-15 11:35:36,947 - Epoch: 69 Step: 20/79 | Loss: 4.5706699893344194e-05 | Time:1.2829678058624268
2025-03-15 11:35:38,143 - Epoch: 69 Step: 21/79 | Loss: 2.842374215106247e-06 | Time:1.2052297592163086
2025-03-15 11:35:39,128 - Epoch: 69 Step: 22/79 | Loss: 3.5588011087384075e-05 | Time:0.9850327968597412
2025-03-15 11:35:40,474 - Epoch: 69 Step: 23/79 | Loss: 1.5674535461585037e-05 | Time:1.3460144996643066
2025-03-15 11:35:42,022 - Epoch: 69 Step: 24/79 | Loss: 0.00019982203957624733 | Time:1.5489249229431152
2025-03-15 11:35:43,180 - Epoch: 69 Step: 25/79 | Loss: 1.0851508704945445e-05 | Time:1.1570558547973633
2025-03-15 11:35:44,384 - Epoch: 69 Step: 26/79 | Loss: 1.1614981303864624e-05 | Time:1.2042725086212158
2025-03-15 11:35:45,464 - Epoch: 69 Step: 27/79 | Loss: 5.950398917775601e-05 | Time:1.0800330638885498
2025-03-15 11:35:46,591 - Epoch: 69 Step: 28/79 | Loss: 7.398064190056175e-05 | Time:1.1268205642700195
2025-03-15 11:35:47,796 - Epoch: 69 Step: 29/79 | Loss: 1.317583883064799e-05 | Time:1.189263105392456
2025-03-15 11:35:49,126 - Epoch: 69 Step: 30/79 | Loss: 0.00018305578851141036 | Time:1.3456261157989502
2025-03-15 11:35:50,486 - Epoch: 69 Step: 31/79 | Loss: 9.380000847158954e-06 | Time:1.3603286743164062
2025-03-15 11:35:51,722 - Epoch: 69 Step: 32/79 | Loss: 1.310836523771286e-05 | Time:1.2358109951019287
2025-03-15 11:35:52,738 - Epoch: 69 Step: 33/79 | Loss: 1.2452425835363101e-05 | Time:1.0006868839263916
2025-03-15 11:35:53,771 - Epoch: 69 Step: 34/79 | Loss: 5.721970956074074e-05 | Time:1.0485525131225586
2025-03-15 11:35:55,022 - Epoch: 69 Step: 35/79 | Loss: 2.3101702026906423e-05 | Time:1.2513034343719482
2025-03-15 11:35:56,367 - Epoch: 69 Step: 36/79 | Loss: 0.003957496490329504 | Time:1.344085931777954
2025-03-15 11:35:57,712 - Epoch: 69 Step: 37/79 | Loss: 5.269935718388297e-05 | Time:1.3452229499816895
2025-03-15 11:35:58,964 - Epoch: 69 Step: 38/79 | Loss: 0.00010867735545616597 | Time:1.2511959075927734
2025-03-15 11:36:00,182 - Epoch: 69 Step: 39/79 | Loss: 1.635965600144118e-05 | Time:1.203732967376709
2025-03-15 11:36:01,403 - Epoch: 69 Step: 40/79 | Loss: 0.00010879028559429571 | Time:1.220587968826294
2025-03-15 11:36:02,732 - Epoch: 69 Step: 41/79 | Loss: 0.002941360231488943 | Time:1.3449456691741943
2025-03-15 11:36:03,813 - Epoch: 69 Step: 42/79 | Loss: 3.742683111340739e-05 | Time:1.0787692070007324
2025-03-15 11:36:05,047 - Epoch: 69 Step: 43/79 | Loss: 3.574339280021377e-05 | Time:1.2360994815826416
2025-03-15 11:36:06,236 - Epoch: 69 Step: 44/79 | Loss: 1.2329377568676136e-05 | Time:1.1893315315246582
2025-03-15 11:36:07,426 - Epoch: 69 Step: 45/79 | Loss: 0.0026928808074444532 | Time:1.1890273094177246
2025-03-15 11:36:08,614 - Epoch: 69 Step: 46/79 | Loss: 2.4139656034094514e-06 | Time:1.1889569759368896
2025-03-15 11:36:09,961 - Epoch: 69 Step: 47/79 | Loss: 0.00016691131168045104 | Time:1.3302881717681885
2025-03-15 11:36:11,306 - Epoch: 69 Step: 48/79 | Loss: 8.418889592576306e-06 | Time:1.345733880996704
2025-03-15 11:36:12,385 - Epoch: 69 Step: 49/79 | Loss: 2.6047024221043102e-05 | Time:1.094860315322876
2025-03-15 11:36:13,519 - Epoch: 69 Step: 50/79 | Loss: 1.1909247405128554e-05 | Time:1.1263906955718994
2025-03-15 11:36:14,560 - Epoch: 69 Step: 51/79 | Loss: 1.08063422885607e-05 | Time:1.0321846008300781
2025-03-15 11:36:15,608 - Epoch: 69 Step: 52/79 | Loss: 1.3246423804957885e-05 | Time:1.0636000633239746
2025-03-15 11:36:16,876 - Epoch: 69 Step: 53/79 | Loss: 6.67385320411995e-05 | Time:1.268601655960083
2025-03-15 11:36:18,333 - Epoch: 69 Step: 54/79 | Loss: 0.00024129562370944768 | Time:1.4654748439788818
2025-03-15 11:36:19,673 - Epoch: 69 Step: 55/79 | Loss: 0.01288226805627346 | Time:1.3287100791931152
2025-03-15 11:36:20,721 - Epoch: 69 Step: 56/79 | Loss: 2.7716479962691665e-05 | Time:1.0327696800231934
2025-03-15 11:36:21,986 - Epoch: 69 Step: 57/79 | Loss: 2.1574522179435007e-05 | Time:1.2819697856903076
2025-03-15 11:36:23,237 - Epoch: 69 Step: 58/79 | Loss: 0.00015357825031969696 | Time:1.2366948127746582
2025-03-15 11:36:24,300 - Epoch: 69 Step: 59/79 | Loss: 1.509064622950973e-05 | Time:1.078981637954712
2025-03-15 11:36:25,551 - Epoch: 69 Step: 60/79 | Loss: 9.27550281630829e-05 | Time:1.249814510345459
2025-03-15 11:36:26,693 - Epoch: 69 Step: 61/79 | Loss: 0.004304444883018732 | Time:1.142286777496338
2025-03-15 11:36:28,211 - Epoch: 69 Step: 62/79 | Loss: 4.231512502883561e-05 | Time:1.5178542137145996
2025-03-15 11:36:29,384 - Epoch: 69 Step: 63/79 | Loss: 0.03515734523534775 | Time:1.1741509437561035
2025-03-15 11:36:30,838 - Epoch: 69 Step: 64/79 | Loss: 7.930995707283728e-06 | Time:1.4536774158477783
2025-03-15 11:36:31,927 - Epoch: 69 Step: 65/79 | Loss: 0.003962828777730465 | Time:1.0799031257629395
2025-03-15 11:36:33,060 - Epoch: 69 Step: 66/79 | Loss: 0.00012307795986998826 | Time:1.1418461799621582
2025-03-15 11:36:34,343 - Epoch: 69 Step: 67/79 | Loss: 2.609937291708775e-05 | Time:1.2671141624450684
2025-03-15 11:36:35,439 - Epoch: 69 Step: 68/79 | Loss: 3.546073639881797e-05 | Time:1.1113064289093018
2025-03-15 11:36:36,690 - Epoch: 69 Step: 69/79 | Loss: 5.485776637215167e-05 | Time:1.2516624927520752
2025-03-15 11:36:37,833 - Epoch: 69 Step: 70/79 | Loss: 0.0004209249746054411 | Time:1.1424734592437744
2025-03-15 11:36:39,163 - Epoch: 69 Step: 71/79 | Loss: 5.92312244407367e-06 | Time:1.3300325870513916
2025-03-15 11:36:40,367 - Epoch: 69 Step: 72/79 | Loss: 4.437997631612234e-05 | Time:1.2044944763183594
2025-03-15 11:36:41,868 - Epoch: 69 Step: 73/79 | Loss: 1.8467508198227733e-05 | Time:1.5011274814605713
2025-03-15 11:36:43,058 - Epoch: 69 Step: 74/79 | Loss: 4.286663170205429e-05 | Time:1.1898329257965088
2025-03-15 11:36:44,075 - Epoch: 69 Step: 75/79 | Loss: 0.003892364213243127 | Time:1.0006237030029297
2025-03-15 11:36:45,294 - Epoch: 69 Step: 76/79 | Loss: 1.5730482118669897e-05 | Time:1.2354085445404053
2025-03-15 11:36:46,530 - Epoch: 69 Step: 77/79 | Loss: 0.0005497065139934421 | Time:1.2361390590667725
2025-03-15 11:36:47,703 - Epoch: 69 Step: 78/79 | Loss: 1.1428493053244893e-05 | Time:1.1725506782531738
2025-03-15 11:36:47,876 - Epoch: 69 Step: 79/79 | Loss: 0.0 | Time:0.21984124183654785
2025-03-15 11:36:48,766 - Val_Epoch:69.0 Step: 1/32 | Loss: 0.0030898971017450094 | Time:0
2025-03-15 11:36:49,800 - Val_Epoch:69.0 Step: 2/32 | Loss: 0.32240092754364014 | Time:0.8900749683380127
2025-03-15 11:36:51,160 - Val_Epoch:69.0 Step: 3/32 | Loss: 0.8655802607536316 | Time:1.0337612628936768
2025-03-15 11:36:52,209 - Val_Epoch:69.0 Step: 4/32 | Loss: 0.48521822690963745 | Time:1.3599543571472168
2025-03-15 11:36:53,224 - Val_Epoch:69.0 Step: 5/32 | Loss: 0.003409163560718298 | Time:1.0490117073059082
2025-03-15 11:36:54,179 - Val_Epoch:69.0 Step: 6/32 | Loss: 0.5347268581390381 | Time:1.015622615814209
2025-03-15 11:36:55,228 - Val_Epoch:69.0 Step: 7/32 | Loss: 0.1480318307876587 | Time:0.9548680782318115
2025-03-15 11:36:56,713 - Val_Epoch:69.0 Step: 8/32 | Loss: 0.050389695912599564 | Time:1.0490288734436035
2025-03-15 11:36:57,808 - Val_Epoch:69.0 Step: 9/32 | Loss: 0.21536633372306824 | Time:1.4844911098480225
2025-03-15 11:36:58,871 - Val_Epoch:69.0 Step: 10/32 | Loss: 0.0005927159218117595 | Time:1.0949621200561523
2025-03-15 11:37:00,155 - Val_Epoch:69.0 Step: 11/32 | Loss: 0.6891114711761475 | Time:1.063643217086792
2025-03-15 11:37:01,249 - Val_Epoch:69.0 Step: 12/32 | Loss: 0.3640092611312866 | Time:1.283134937286377
2025-03-15 11:37:02,235 - Val_Epoch:69.0 Step: 13/32 | Loss: 0.602034866809845 | Time:1.0945005416870117
2025-03-15 11:37:03,283 - Val_Epoch:69.0 Step: 14/32 | Loss: 0.19707538187503815 | Time:0.9861476421356201
2025-03-15 11:37:04,285 - Val_Epoch:69.0 Step: 15/32 | Loss: 0.05983651801943779 | Time:1.0482769012451172
2025-03-15 11:37:05,506 - Val_Epoch:69.0 Step: 16/32 | Loss: 0.3405292332172394 | Time:1.001575231552124
2025-03-15 11:37:06,662 - Val_Epoch:69.0 Step: 17/32 | Loss: 0.0014183807652443647 | Time:1.220548391342163
2025-03-15 11:37:07,804 - Val_Epoch:69.0 Step: 18/32 | Loss: 0.2814808189868927 | Time:1.1566708087921143
2025-03-15 11:37:08,931 - Val_Epoch:69.0 Step: 19/32 | Loss: 0.33061373233795166 | Time:1.1418554782867432
2025-03-15 11:37:09,823 - Val_Epoch:69.0 Step: 20/32 | Loss: 0.3814898133277893 | Time:1.126481533050537
2025-03-15 11:37:10,902 - Val_Epoch:69.0 Step: 21/32 | Loss: 0.07721664011478424 | Time:0.8924298286437988
2025-03-15 11:37:11,888 - Val_Epoch:69.0 Step: 22/32 | Loss: 0.7831990718841553 | Time:1.0791661739349365
2025-03-15 11:37:12,811 - Val_Epoch:69.0 Step: 23/32 | Loss: 0.32994407415390015 | Time:1.00111985206604
2025-03-15 11:37:13,937 - Val_Epoch:69.0 Step: 24/32 | Loss: 0.6610938310623169 | Time:0.9081509113311768
2025-03-15 11:37:15,001 - Val_Epoch:69.0 Step: 25/32 | Loss: 0.006094011943787336 | Time:1.1251609325408936
2025-03-15 11:37:16,205 - Val_Epoch:69.0 Step: 26/32 | Loss: 0.11710202693939209 | Time:1.0642125606536865
2025-03-15 11:37:17,394 - Val_Epoch:69.0 Step: 27/32 | Loss: 0.45586609840393066 | Time:1.204232931137085
2025-03-15 11:37:18,458 - Val_Epoch:69.0 Step: 28/32 | Loss: 0.3984992802143097 | Time:1.1894242763519287
2025-03-15 11:37:19,319 - Val_Epoch:69.0 Step: 29/32 | Loss: 0.28892454504966736 | Time:1.0637726783752441
2025-03-15 11:37:20,257 - Val_Epoch:69.0 Step: 30/32 | Loss: 0.004286708310246468 | Time:0.8610076904296875
2025-03-15 11:37:21,391 - Val_Epoch:69.0 Step: 31/32 | Loss: 0.5782815217971802 | Time:0.9382131099700928
2025-03-15 11:37:21,587 - Val_Epoch:69.0 Step: 32/32 | Loss: 0.6422430872917175 | Time:1.1349799633026123
2025-03-15 11:37:21,587 - Validation - Accuracy: 0.9459459459459459, Precision: 0.9214285714285714, Recall: 0.8896551724137931, F1-Score: 0.9052631578947368
2025-03-15 11:37:21,587 - Saved model as model_epoch_69_acc_0.9459.pt
2025-03-15 11:37:21,587 - 
*** EPOCH: 70 ***

2025-03-15 11:37:22,979 - Epoch: 70 Step: 1/79 | Loss: 0.003928498364984989 | Time:1.3008089065551758
2025-03-15 11:37:24,262 - Epoch: 70 Step: 2/79 | Loss: 8.876769243215676e-06 | Time:1.3119637966156006
2025-03-15 11:37:25,477 - Epoch: 70 Step: 3/79 | Loss: 6.697815024381271e-06 | Time:1.204148530960083
2025-03-15 11:37:26,625 - Epoch: 70 Step: 4/79 | Loss: 1.0705573004088365e-05 | Time:1.158559799194336
2025-03-15 11:37:27,813 - Epoch: 70 Step: 5/79 | Loss: 1.1241468200751115e-05 | Time:1.1882801055908203
2025-03-15 11:37:29,081 - Epoch: 70 Step: 6/79 | Loss: 0.003263759659603238 | Time:1.2748956680297852
2025-03-15 11:37:30,208 - Epoch: 70 Step: 7/79 | Loss: 0.00016908546967897564 | Time:1.1199514865875244
2025-03-15 11:37:31,428 - Epoch: 70 Step: 8/79 | Loss: 4.5370117732090876e-05 | Time:1.2198755741119385
2025-03-15 11:37:32,628 - Epoch: 70 Step: 9/79 | Loss: 0.00010689705959521234 | Time:1.18870210647583
2025-03-15 11:37:33,899 - Epoch: 70 Step: 10/79 | Loss: 0.00018493738025426865 | Time:1.2829241752624512
2025-03-15 11:37:35,042 - Epoch: 70 Step: 11/79 | Loss: 6.9772268034284934e-06 | Time:1.1423161029815674
2025-03-15 11:37:36,329 - Epoch: 70 Step: 12/79 | Loss: 0.00011083376011811197 | Time:1.281797170639038
2025-03-15 11:37:37,386 - Epoch: 70 Step: 13/79 | Loss: 5.662336207024055e-06 | Time:1.0631060600280762
2025-03-15 11:37:38,607 - Epoch: 70 Step: 14/79 | Loss: 0.0001415491133229807 | Time:1.236433744430542
2025-03-15 11:37:39,764 - Epoch: 70 Step: 15/79 | Loss: 9.435882930119988e-06 | Time:1.1448860168457031
2025-03-15 11:37:40,764 - Epoch: 70 Step: 16/79 | Loss: 0.00017458588990848511 | Time:0.9974648952484131
2025-03-15 11:37:41,954 - Epoch: 70 Step: 17/79 | Loss: 0.00016180590318981558 | Time:1.1879067420959473
2025-03-15 11:37:43,048 - Epoch: 70 Step: 18/79 | Loss: 0.003962606191635132 | Time:1.0953633785247803
2025-03-15 11:37:44,238 - Epoch: 70 Step: 19/79 | Loss: 5.252840128378011e-05 | Time:1.1885323524475098
2025-03-15 11:37:45,598 - Epoch: 70 Step: 20/79 | Loss: 0.00029431842267513275 | Time:1.3770289421081543
2025-03-15 11:37:46,846 - Epoch: 70 Step: 21/79 | Loss: 2.91208089038264e-05 | Time:1.2199745178222656
2025-03-15 11:37:47,991 - Epoch: 70 Step: 22/79 | Loss: 3.302445475128479e-05 | Time:1.1415460109710693
2025-03-15 11:37:49,274 - Epoch: 70 Step: 23/79 | Loss: 3.3356067433487624e-05 | Time:1.2987382411956787
2025-03-15 11:37:50,495 - Epoch: 70 Step: 24/79 | Loss: 8.131887625495438e-06 | Time:1.2239813804626465
2025-03-15 11:37:51,762 - Epoch: 70 Step: 25/79 | Loss: 0.00032447834382764995 | Time:1.2639634609222412
2025-03-15 11:37:52,935 - Epoch: 70 Step: 26/79 | Loss: 3.284220292698592e-05 | Time:1.1729846000671387
2025-03-15 11:37:54,092 - Epoch: 70 Step: 27/79 | Loss: 2.240203866676893e-05 | Time:1.156266689300537
2025-03-15 11:37:55,312 - Epoch: 70 Step: 28/79 | Loss: 0.00011723036732291803 | Time:1.2207462787628174
2025-03-15 11:37:56,658 - Epoch: 70 Step: 29/79 | Loss: 6.577521708095446e-05 | Time:1.3298101425170898
2025-03-15 11:37:58,018 - Epoch: 70 Step: 30/79 | Loss: 1.3961864169687033e-05 | Time:1.380596399307251
2025-03-15 11:37:59,239 - Epoch: 70 Step: 31/79 | Loss: 1.240848723682575e-05 | Time:1.2161409854888916
2025-03-15 11:38:00,554 - Epoch: 70 Step: 32/79 | Loss: 2.5317287509096786e-05 | Time:1.3150196075439453
2025-03-15 11:38:01,993 - Epoch: 70 Step: 33/79 | Loss: 1.669168341322802e-05 | Time:1.438405990600586
2025-03-15 11:38:03,165 - Epoch: 70 Step: 34/79 | Loss: 0.00027495925314724445 | Time:1.1735410690307617
2025-03-15 11:38:04,465 - Epoch: 70 Step: 35/79 | Loss: 2.607569331303239e-05 | Time:1.2991340160369873
2025-03-15 11:38:05,950 - Epoch: 70 Step: 36/79 | Loss: 0.00028244638815522194 | Time:1.4846680164337158
2025-03-15 11:38:07,124 - Epoch: 70 Step: 37/79 | Loss: 1.1179197827004828e-05 | Time:1.1740167140960693
2025-03-15 11:38:08,188 - Epoch: 70 Step: 38/79 | Loss: 2.947404391306918e-05 | Time:1.0643689632415771
2025-03-15 11:38:09,375 - Epoch: 70 Step: 39/79 | Loss: 0.020123248919844627 | Time:1.186467170715332
2025-03-15 11:38:10,549 - Epoch: 70 Step: 40/79 | Loss: 1.5978568626451306e-05 | Time:1.174274206161499
2025-03-15 11:38:11,926 - Epoch: 70 Step: 41/79 | Loss: 2.835007217072416e-05 | Time:1.3769054412841797
2025-03-15 11:38:12,974 - Epoch: 70 Step: 42/79 | Loss: 1.1882405487995129e-05 | Time:1.0485186576843262
2025-03-15 11:38:14,100 - Epoch: 70 Step: 43/79 | Loss: 8.736571908229962e-05 | Time:1.1261587142944336
2025-03-15 11:38:15,272 - Epoch: 70 Step: 44/79 | Loss: 0.00020351106650196016 | Time:1.171797275543213
2025-03-15 11:38:16,697 - Epoch: 70 Step: 45/79 | Loss: 0.0006994272698648274 | Time:1.4247100353240967
2025-03-15 11:38:17,996 - Epoch: 70 Step: 46/79 | Loss: 1.9652225091704167e-05 | Time:1.2974417209625244
2025-03-15 11:38:19,248 - Epoch: 70 Step: 47/79 | Loss: 7.37953223506338e-06 | Time:1.2534315586090088
2025-03-15 11:38:20,528 - Epoch: 70 Step: 48/79 | Loss: 0.00019949469424318522 | Time:1.2668554782867432
2025-03-15 11:38:21,704 - Epoch: 70 Step: 49/79 | Loss: 8.039082786126528e-06 | Time:1.1734068393707275
2025-03-15 11:38:22,814 - Epoch: 70 Step: 50/79 | Loss: 1.3237781786301639e-05 | Time:1.1257624626159668
2025-03-15 11:38:24,049 - Epoch: 70 Step: 51/79 | Loss: 2.4911525542847812e-05 | Time:1.2352519035339355
2025-03-15 11:38:24,988 - Epoch: 70 Step: 52/79 | Loss: 3.4124357625842094e-05 | Time:0.9386334419250488
2025-03-15 11:38:26,395 - Epoch: 70 Step: 53/79 | Loss: 0.03262915462255478 | Time:1.4079244136810303
2025-03-15 11:38:27,914 - Epoch: 70 Step: 54/79 | Loss: 0.00025989479036070406 | Time:1.5180184841156006
2025-03-15 11:38:29,193 - Epoch: 70 Step: 55/79 | Loss: 0.0001073206658475101 | Time:1.267136812210083
2025-03-15 11:38:30,650 - Epoch: 70 Step: 56/79 | Loss: 0.00021540590387303382 | Time:1.4697716236114502
2025-03-15 11:38:31,902 - Epoch: 70 Step: 57/79 | Loss: 3.516621291055344e-06 | Time:1.2513823509216309
2025-03-15 11:38:33,090 - Epoch: 70 Step: 58/79 | Loss: 0.00013895484153181314 | Time:1.1883327960968018
2025-03-15 11:38:34,484 - Epoch: 70 Step: 59/79 | Loss: 1.3008057976549026e-05 | Time:1.3936972618103027
2025-03-15 11:38:35,547 - Epoch: 70 Step: 60/79 | Loss: 1.5410627383971587e-05 | Time:1.0634334087371826
2025-03-15 11:38:36,907 - Epoch: 70 Step: 61/79 | Loss: 4.6092125558061525e-05 | Time:1.3596925735473633
2025-03-15 11:38:38,097 - Epoch: 70 Step: 62/79 | Loss: 0.0028073738794773817 | Time:1.1903581619262695
2025-03-15 11:38:39,176 - Epoch: 70 Step: 63/79 | Loss: 1.4284881217463408e-05 | Time:1.07840895652771
2025-03-15 11:38:40,475 - Epoch: 70 Step: 64/79 | Loss: 2.2617952708969824e-05 | Time:1.2990894317626953
2025-03-15 11:38:41,756 - Epoch: 70 Step: 65/79 | Loss: 2.622461033752188e-05 | Time:1.2810242176055908
2025-03-15 11:38:43,024 - Epoch: 70 Step: 66/79 | Loss: 0.00011632748646661639 | Time:1.2684547901153564
2025-03-15 11:38:44,458 - Epoch: 70 Step: 67/79 | Loss: 0.0002128792111761868 | Time:1.4230926036834717
2025-03-15 11:38:45,528 - Epoch: 70 Step: 68/79 | Loss: 6.366328761941986e-06 | Time:1.0954115390777588
2025-03-15 11:38:46,810 - Epoch: 70 Step: 69/79 | Loss: 0.0042549073696136475 | Time:1.2513713836669922
2025-03-15 11:38:47,999 - Epoch: 70 Step: 70/79 | Loss: 3.0268020054791123e-05 | Time:1.2039594650268555
2025-03-15 11:38:49,391 - Epoch: 70 Step: 71/79 | Loss: 8.213712862925604e-05 | Time:1.3925213813781738
2025-03-15 11:38:50,753 - Epoch: 70 Step: 72/79 | Loss: 7.63294428907102e-06 | Time:1.3620600700378418
2025-03-15 11:38:52,050 - Epoch: 70 Step: 73/79 | Loss: 9.895048424368724e-05 | Time:1.2975692749023438
2025-03-15 11:38:53,145 - Epoch: 70 Step: 74/79 | Loss: 9.59969202085631e-06 | Time:1.0949127674102783
2025-03-15 11:38:54,148 - Epoch: 70 Step: 75/79 | Loss: 5.76286947762128e-06 | Time:1.0006458759307861
2025-03-15 11:38:55,366 - Epoch: 70 Step: 76/79 | Loss: 1.8014205124927685e-05 | Time:1.2196769714355469
2025-03-15 11:38:56,587 - Epoch: 70 Step: 77/79 | Loss: 5.12589485879289e-06 | Time:1.2211275100708008
2025-03-15 11:38:57,869 - Epoch: 70 Step: 78/79 | Loss: 7.181758519436698e-06 | Time:1.2670133113861084
2025-03-15 11:38:58,089 - Epoch: 70 Step: 79/79 | Loss: 6.228635356819723e-06 | Time:0.28171849250793457
2025-03-15 11:38:58,995 - Val_Epoch:70.0 Step: 1/32 | Loss: 0.0033719141501933336 | Time:0
2025-03-15 11:39:00,044 - Val_Epoch:70.0 Step: 2/32 | Loss: 0.32735350728034973 | Time:0.9064919948577881
2025-03-15 11:39:01,421 - Val_Epoch:70.0 Step: 3/32 | Loss: 0.8634703159332275 | Time:1.048919677734375
2025-03-15 11:39:02,484 - Val_Epoch:70.0 Step: 4/32 | Loss: 0.4865082800388336 | Time:1.377345085144043
2025-03-15 11:39:03,487 - Val_Epoch:70.0 Step: 5/32 | Loss: 0.003859722288325429 | Time:1.0624046325683594
2025-03-15 11:39:04,456 - Val_Epoch:70.0 Step: 6/32 | Loss: 0.5294877886772156 | Time:1.0030453205108643
2025-03-15 11:39:05,504 - Val_Epoch:70.0 Step: 7/32 | Loss: 0.1391337364912033 | Time:0.9689958095550537
2025-03-15 11:39:06,975 - Val_Epoch:70.0 Step: 8/32 | Loss: 0.040763698518276215 | Time:1.0484468936920166
2025-03-15 11:39:08,116 - Val_Epoch:70.0 Step: 9/32 | Loss: 0.22199830412864685 | Time:1.4711053371429443
2025-03-15 11:39:09,196 - Val_Epoch:70.0 Step: 10/32 | Loss: 0.0005162787274457514 | Time:1.1408960819244385
2025-03-15 11:39:10,488 - Val_Epoch:70.0 Step: 11/32 | Loss: 0.687524139881134 | Time:1.0802512168884277
2025-03-15 11:39:11,575 - Val_Epoch:70.0 Step: 12/32 | Loss: 0.37736740708351135 | Time:1.2927567958831787
2025-03-15 11:39:12,575 - Val_Epoch:70.0 Step: 13/32 | Loss: 0.5977353453636169 | Time:1.0853488445281982
2025-03-15 11:39:13,623 - Val_Epoch:70.0 Step: 14/32 | Loss: 0.20535103976726532 | Time:1.0008530616760254
2025-03-15 11:39:14,624 - Val_Epoch:70.0 Step: 15/32 | Loss: 0.06136161461472511 | Time:1.0478010177612305
2025-03-15 11:39:15,859 - Val_Epoch:70.0 Step: 16/32 | Loss: 0.33364447951316833 | Time:1.0011539459228516
2025-03-15 11:39:17,002 - Val_Epoch:70.0 Step: 17/32 | Loss: 0.0012623834190890193 | Time:1.2350599765777588
2025-03-15 11:39:18,160 - Val_Epoch:70.0 Step: 18/32 | Loss: 0.2783983647823334 | Time:1.1428282260894775
2025-03-15 11:39:19,303 - Val_Epoch:70.0 Step: 19/32 | Loss: 0.3289208710193634 | Time:1.1581432819366455
2025-03-15 11:39:20,210 - Val_Epoch:70.0 Step: 20/32 | Loss: 0.38081061840057373 | Time:1.1423096656799316
2025-03-15 11:39:21,287 - Val_Epoch:70.0 Step: 21/32 | Loss: 0.07092336565256119 | Time:0.9071078300476074
2025-03-15 11:39:22,274 - Val_Epoch:70.0 Step: 22/32 | Loss: 0.7791197299957275 | Time:1.0775856971740723
2025-03-15 11:39:23,196 - Val_Epoch:70.0 Step: 23/32 | Loss: 0.3036957085132599 | Time:0.9870216846466064
2025-03-15 11:39:24,308 - Val_Epoch:70.0 Step: 24/32 | Loss: 0.6466209888458252 | Time:0.923513650894165
2025-03-15 11:39:25,371 - Val_Epoch:70.0 Step: 25/32 | Loss: 0.006335058715194464 | Time:1.109802007675171
2025-03-15 11:39:26,591 - Val_Epoch:70.0 Step: 26/32 | Loss: 0.11541866511106491 | Time:1.0628368854522705
2025-03-15 11:39:27,810 - Val_Epoch:70.0 Step: 27/32 | Loss: 0.4545552730560303 | Time:1.2209446430206299
2025-03-15 11:39:28,859 - Val_Epoch:70.0 Step: 28/32 | Loss: 0.39540624618530273 | Time:1.2188668251037598
2025-03-15 11:39:29,720 - Val_Epoch:70.0 Step: 29/32 | Loss: 0.298638254404068 | Time:1.0486335754394531
2025-03-15 11:39:30,658 - Val_Epoch:70.0 Step: 30/32 | Loss: 0.004588177893310785 | Time:0.8609268665313721
2025-03-15 11:39:31,816 - Val_Epoch:70.0 Step: 31/32 | Loss: 0.5849853157997131 | Time:0.9381325244903564
2025-03-15 11:39:32,003 - Val_Epoch:70.0 Step: 32/32 | Loss: 0.6616572141647339 | Time:1.1576945781707764
2025-03-15 11:39:32,003 - Validation - Accuracy: 0.9469469469469469, Precision: 0.9217081850533808, Recall: 0.8931034482758621, F1-Score: 0.9071803852889667
2025-03-15 11:39:32,018 - Saved model as model_epoch_70_acc_0.9469.pt
2025-03-15 11:39:32,018 - 
*** EPOCH: 71 ***

2025-03-15 11:39:33,326 - Epoch: 71 Step: 1/79 | Loss: 3.112479316769168e-05 | Time:1.2359371185302734
2025-03-15 11:39:34,521 - Epoch: 71 Step: 2/79 | Loss: 0.0001857032475527376 | Time:1.2045753002166748
2025-03-15 11:39:35,695 - Epoch: 71 Step: 3/79 | Loss: 6.753803063475061e-06 | Time:1.189333438873291
2025-03-15 11:39:36,788 - Epoch: 71 Step: 4/79 | Loss: 7.960788934724405e-06 | Time:1.0777029991149902
2025-03-15 11:39:38,041 - Epoch: 71 Step: 5/79 | Loss: 0.0030367167200893164 | Time:1.2530226707458496
2025-03-15 11:39:39,136 - Epoch: 71 Step: 6/79 | Loss: 0.019792921841144562 | Time:1.0972068309783936
2025-03-15 11:39:40,295 - Epoch: 71 Step: 7/79 | Loss: 0.0028356718830764294 | Time:1.154167890548706
2025-03-15 11:39:41,451 - Epoch: 71 Step: 8/79 | Loss: 2.8386388294165954e-05 | Time:1.1575088500976562
2025-03-15 11:39:42,656 - Epoch: 71 Step: 9/79 | Loss: 3.447955896263011e-05 | Time:1.2194805145263672
2025-03-15 11:39:44,018 - Epoch: 71 Step: 10/79 | Loss: 0.0003284681588411331 | Time:1.3479223251342773
2025-03-15 11:39:45,316 - Epoch: 71 Step: 11/79 | Loss: 3.0841594707453623e-05 | Time:1.2982804775238037
2025-03-15 11:39:46,927 - Epoch: 71 Step: 12/79 | Loss: 7.588157131976914e-06 | Time:1.595499038696289
2025-03-15 11:39:48,273 - Epoch: 71 Step: 13/79 | Loss: 7.379016460618004e-05 | Time:1.371849775314331
2025-03-15 11:39:49,462 - Epoch: 71 Step: 14/79 | Loss: 0.022430185228586197 | Time:1.1787207126617432
2025-03-15 11:39:50,823 - Epoch: 71 Step: 15/79 | Loss: 4.053046359331347e-05 | Time:1.3765761852264404
2025-03-15 11:39:52,027 - Epoch: 71 Step: 16/79 | Loss: 2.090118323394563e-05 | Time:1.1889197826385498
2025-03-15 11:39:53,342 - Epoch: 71 Step: 17/79 | Loss: 5.7591445511206985e-05 | Time:1.3219830989837646
2025-03-15 11:39:54,703 - Epoch: 71 Step: 18/79 | Loss: 9.636936010792851e-05 | Time:1.3530476093292236
2025-03-15 11:39:56,141 - Epoch: 71 Step: 19/79 | Loss: 7.651415216969326e-06 | Time:1.438939094543457
2025-03-15 11:39:57,405 - Epoch: 71 Step: 20/79 | Loss: 3.3439875551266596e-05 | Time:1.251918077468872
2025-03-15 11:39:58,786 - Epoch: 71 Step: 21/79 | Loss: 0.004322391469031572 | Time:1.3929469585418701
2025-03-15 11:39:59,912 - Epoch: 71 Step: 22/79 | Loss: 0.0011171349324285984 | Time:1.1253092288970947
2025-03-15 11:40:00,992 - Epoch: 71 Step: 23/79 | Loss: 8.053887540881988e-06 | Time:1.079470157623291
2025-03-15 11:40:01,979 - Epoch: 71 Step: 24/79 | Loss: 8.445061212114524e-06 | Time:0.9708418846130371
2025-03-15 11:40:03,500 - Epoch: 71 Step: 25/79 | Loss: 4.877967148786411e-05 | Time:1.5491366386413574
2025-03-15 11:40:04,888 - Epoch: 71 Step: 26/79 | Loss: 8.857419743435457e-05 | Time:1.376466989517212
2025-03-15 11:40:06,269 - Epoch: 71 Step: 27/79 | Loss: 2.687404594325926e-05 | Time:1.3799967765808105
2025-03-15 11:40:07,581 - Epoch: 71 Step: 28/79 | Loss: 0.0035010813735425472 | Time:1.3164288997650146
2025-03-15 11:40:09,103 - Epoch: 71 Step: 29/79 | Loss: 0.003148707328364253 | Time:1.5112621784210205
2025-03-15 11:40:10,440 - Epoch: 71 Step: 30/79 | Loss: 7.83410814619856e-06 | Time:1.3601293563842773
2025-03-15 11:40:11,797 - Epoch: 71 Step: 31/79 | Loss: 5.084444273961708e-05 | Time:1.3418309688568115
2025-03-15 11:40:12,934 - Epoch: 71 Step: 32/79 | Loss: 0.00014475983334705234 | Time:1.1371309757232666
2025-03-15 11:40:16,051 - Epoch: 71 Step: 33/79 | Loss: 3.0573050025850534e-05 | Time:1.378321647644043
2025-03-15 11:40:17,234 - Epoch: 71 Step: 34/79 | Loss: 4.6156746975611895e-05 | Time:2.86732816696167
2025-03-15 11:40:18,423 - Epoch: 71 Step: 35/79 | Loss: 2.063794681816944e-06 | Time:1.2428076267242432
2025-03-15 11:40:19,663 - Epoch: 71 Step: 36/79 | Loss: 0.0004384394269436598 | Time:1.2403271198272705
2025-03-15 11:40:20,919 - Epoch: 71 Step: 37/79 | Loss: 5.6548788052168675e-06 | Time:1.2553555965423584
